/*******************************************************************************
 * Size: 18 px
 * Bpp: 8
 * Opts: --bpp 8 --size 18 --no-compress --font calibri-bold.ttf --range 32-127,0xA0-0xFF --format lvgl -o calibri_bold_en_18.c
 ******************************************************************************/

#ifdef LV_LVGL_H_INCLUDE_SIMPLE
#include "lvgl.h"
#else
#include "lvgl/lvgl.h"
#endif

#ifndef CALIBRI_BOLD_EN_18
#define CALIBRI_BOLD_EN_18 1
#endif

#if CALIBRI_BOLD_EN_18

/*-----------------
 *    BITMAPS
 *----------------*/

/*Store the image of the glyphs*/
static LV_ATTRIBUTE_LARGE_CONST const uint8_t glyph_bitmap[] = {
    0xd9, 0xfa, 0x5e, 0xe9, 0xff, 0x6c, 0xe1, 0xff, 
    0x65, 0xda, 0xff, 0x5f, 0xd3, 0xff, 0x58, 0xcc, 
    0xff, 0x51, 0xc5, 0xff, 0x4b, 0xbd, 0xff, 0x44, 
    0xb4, 0xff, 0x3b, 0x14, 0x2b, 0x01, 0x76, 0xaa, 
    0x26, 0xf5, 0xff, 0x79, 0xbe, 0xf6, 0x49, 0xd9, 
    0xf3, 0x0a, 0x85, 0xfb, 0x5b, 0xde, 0xff, 0x04, 
    0x89, 0xff, 0x5d, 0xd1, 0xf6, 0x00, 0x7b, 0xff, 
    0x50, 0xc5, 0xe9, 0x00, 0x6e, 0xff, 0x44, 0x95, 
    0xb3, 0x00, 0x49, 0xd9, 0x28, 0x00, 0x00, 0x91, 
    0xf9, 0x19, 0x00, 0xdf, 0xc5, 0x00, 0x00, 0x00, 
    0xbd, 0xfd, 0x05, 0x09, 0xff, 0xb4, 0x00, 0x00, 
    0x00, 0xdc, 0xe3, 0x00, 0x26, 0xff, 0x96, 0x00, 
    0x40, 0xff, 0xff, 0xff, 0xff, 0xff, 0xff, 0xff, 
    0xa2, 0x1d, 0x9d, 0xff, 0xd5, 0x90, 0xbe, 0xff, 
    0xb5, 0x59, 0x00, 0x31, 0xff, 0x8a, 0x00, 0x7d, 
    0xff, 0x42, 0x00, 0x00, 0x4c, 0xff, 0x70, 0x00, 
    0x98, 0xff, 0x28, 0x00, 0x63, 0xbb, 0xff, 0xbb, 
    0x94, 0xdb, 0xff, 0x9c, 0x16, 0xaf, 0xff, 0xff, 
    0xff, 0xff, 0xff, 0xff, 0xff, 0x34, 0x00, 0xa4, 
    0xff, 0x1b, 0x00, 0xed, 0xcf, 0x00, 0x00, 0x00, 
    0xc3, 0xfa, 0x02, 0x0d, 0xff, 0xb0, 0x00, 0x00, 
    0x00, 0xd8, 0xd2, 0x00, 0x25, 0xfc, 0x88, 0x00, 
    0x00, 0x00, 0x00, 0x00, 0x00, 0xac, 0xdd, 0x00, 
    0x00, 0x00, 0x00, 0x00, 0x00, 0x00, 0xce, 0xd4, 
    0x00, 0x00, 0x00, 0x00, 0x00, 0x5b, 0xbc, 0xfb, 
    0xf5, 0xac, 0x33, 0x00, 0x00, 0x7d, 0xff, 0xff, 
    0xf8, 0xfb, 0xff, 0xae, 0x00, 0x01, 0xf1, 0xff, 
    0x80, 0x02, 0x04, 0x44, 0x63, 0x00, 0x0b, 0xff, 
    0xff, 0x58, 0x00, 0x00, 0x00, 0x00, 0x00, 0x00, 
    0xd9, 0xff, 0xf0, 0x70, 0x10, 0x00, 0x00, 0x00, 
    0x00, 0x40, 0xf1, 0xff, 0xff, 0xf7, 0x95, 0x0e, 
    0x00, 0x00, 0x00, 0x1b, 0x8c, 0xec, 0xff, 0xff, 
    0xc9, 0x03, 0x00, 0x00, 0x00, 0x00, 0x0a, 0x95, 
    0xff, 0xff, 0x39, 0x00, 0x00, 0x00, 0x00, 0x00, 
    0x18, 0xff, 0xff, 0x54, 0x38, 0xbe, 0x55, 0x27, 
    0x2c, 0x9c, 0xff, 0xfb, 0x21, 0x39, 0xff, 0xff, 
    0xff, 0xff, 0xff, 0xff, 0x76, 0x00, 0x00, 0x4c, 
    0xa1, 0xff, 0xe5, 0x97, 0x3c, 0x00, 0x00, 0x00, 
    0x00, 0x15, 0xff, 0x89, 0x00, 0x00, 0x00, 0x00, 
    0x00, 0x00, 0x24, 0xfb, 0x69, 0x00, 0x00, 0x00, 
    0x00, 0x00, 0x69, 0xdf, 0xf7, 0xa7, 0x0a, 0x00, 
    0x00, 0x00, 0x5d, 0xf6, 0x64, 0x00, 0x2d, 0xff, 
    0xb0, 0x84, 0xff, 0x78, 0x00, 0x00, 0x28, 0xf4, 
    0xc2, 0x03, 0x00, 0x6e, 0xff, 0x46, 0x07, 0xff, 
    0xb3, 0x00, 0x07, 0xd0, 0xed, 0x1d, 0x00, 0x00, 
    0x76, 0xff, 0x42, 0x00, 0xfc, 0xb6, 0x00, 0x93, 
    0xff, 0x4f, 0x00, 0x00, 0x00, 0x4e, 0xff, 0x83, 
    0x43, 0xff, 0x85, 0x4e, 0xff, 0x93, 0x00, 0x00, 
    0x00, 0x00, 0x04, 0xb9, 0xff, 0xff, 0xd1, 0x32, 
    0xec, 0xd0, 0x07, 0x01, 0x03, 0x00, 0x00, 0x00, 
    0x01, 0x22, 0x28, 0x06, 0xc0, 0xf5, 0x2c, 0x93, 
    0xf0, 0xfb, 0x9c, 0x05, 0x00, 0x00, 0x00, 0x00, 
    0x7e, 0xff, 0x62, 0x5b, 0xff, 0x88, 0x8e, 0xff, 
    0x5d, 0x00, 0x00, 0x00, 0x3c, 0xfc, 0xa7, 0x00, 
    0x95, 0xff, 0x1f, 0x28, 0xff, 0x93, 0x00, 0x00, 
    0x11, 0xe2, 0xde, 0x0e, 0x00, 0x97, 0xff, 0x22, 
    0x29, 0xff, 0x8e, 0x00, 0x00, 0xae, 0xfa, 0x36, 
    0x00, 0x00, 0x62, 0xff, 0x92, 0x96, 0xff, 0x4f, 
    0x00, 0x51, 0xfb, 0x70, 0x00, 0x00, 0x00, 0x06, 
    0x99, 0xeb, 0xe7, 0x85, 0x01, 0x00, 0x00, 0x0e, 
    0x8a, 0xe3, 0xfb, 0xec, 0xa2, 0x1d, 0x00, 0x00, 
    0x00, 0x00, 0x00, 0x00, 0xb8, 0xff, 0xf8, 0xd5, 
    0xfa, 0xff, 0xcb, 0x00, 0x00, 0x00, 0x00, 0x00, 
    0x1e, 0xff, 0xff, 0x41, 0x00, 0x57, 0xff, 0xff, 
    0x11, 0x00, 0x00, 0x00, 0x00, 0x2f, 0xff, 0xff, 
    0x33, 0x00, 0x65, 0xff, 0xf5, 0x03, 0x00, 0x00, 
    0x00, 0x00, 0x03, 0xe2, 0xff, 0xb0, 0x64, 0xf6, 
    0xff, 0x7a, 0x00, 0x00, 0x00, 0x00, 0x00, 0x00, 
    0x55, 0xff, 0xff, 0xff, 0xf9, 0x7a, 0x00, 0x00, 
    0x00, 0x00, 0x00, 0x00, 0x06, 0x9d, 0xff, 0xff, 
    0xff, 0x7f, 0x00, 0x00, 0xc3, 0xe9, 0x23, 0x00, 
    0x00, 0xa1, 0xff, 0xed, 0xc9, 0xff, 0xfa, 0x4b, 
    0x02, 0xf6, 0xff, 0x21, 0x00, 0x20, 0xff, 0xff, 
    0x50, 0x11, 0xd1, 0xff, 0xf7, 0x82, 0xff, 0xf0, 
    0x02, 0x00, 0x3e, 0xff, 0xff, 0x2a, 0x00, 0x15, 
    0xd4, 0xff, 0xff, 0xff, 0x9c, 0x00, 0x00, 0x1a, 
    0xfd, 0xff, 0xa5, 0x0a, 0x00, 0x42, 0xfc, 0xff, 
    0xff, 0xa3, 0x07, 0x00, 0x00, 0x97, 0xff, 0xff, 
    0xfc, 0xf1, 0xff, 0xff, 0xef, 0xfd, 0xff, 0xee, 
    0x05, 0x00, 0x03, 0x6c, 0xcc, 0xf5, 0xf7, 0xd1, 
    0x80, 0x12, 0x3e, 0xcf, 0xee, 0x04, 0xd8, 0xf5, 
    0x16, 0xde, 0xff, 0x11, 0xd1, 0xff, 0x04, 0xc5, 
    0xf8, 0x00, 0x94, 0xc2, 0x00, 0x00, 0x00, 0x4b, 
    0xfb, 0x9c, 0x00, 0x00, 0xbd, 0xff, 0x56, 0x00, 
    0x1f, 0xff, 0xf7, 0x09, 0x00, 0x6e, 0xff, 0xbd, 
    0x00, 0x00, 0xae, 0xff, 0x85, 0x00, 0x00, 0xdd, 
    0xff, 0x5f, 0x00, 0x00, 0xfb, 0xff, 0x45, 0x00, 
    0x09, 0xff, 0xff, 0x39, 0x00, 0x09, 0xff, 0xff, 
    0x3a, 0x00, 0x00, 0xfa, 0xff, 0x46, 0x00, 0x00, 
    0xdc, 0xff, 0x62, 0x00, 0x00, 0xac, 0xff, 0x88, 
    0x00, 0x00, 0x6d, 0xff, 0xc2, 0x00, 0x00, 0x20, 
    0xff, 0xf9, 0x0b, 0x00, 0x00, 0xbc, 0xff, 0x5a, 
    0x00, 0x00, 0x47, 0xfa, 0x9f, 0x0e, 0xf6, 0xdc, 
    0x04, 0x00, 0x00, 0xbe, 0xff, 0x55, 0x00, 0x00, 
    0x67, 0xff, 0xb4, 0x00, 0x00, 0x25, 0xff, 0xf7, 
    0x0a, 0x00, 0x00, 0xed, 0xff, 0x41, 0x00, 0x00, 
    0xc6, 0xff, 0x71, 0x00, 0x00, 0xab, 0xff, 0x90, 
    0x00, 0x00, 0x9e, 0xff, 0xa0, 0x00, 0x00, 0x9f, 
    0xff, 0xa0, 0x00, 0x00, 0xac, 0xff, 0x92, 0x00, 
    0x00, 0xc8, 0xff, 0x74, 0x00, 0x00, 0xef, 0xff, 
    0x47, 0x00, 0x29, 0xff, 0xf9, 0x0e, 0x00, 0x6b, 
    0xff, 0xb7, 0x00, 0x00, 0xc2, 0xff, 0x54, 0x00, 
    0x0e, 0xf7, 0xd8, 0x03, 0x00, 0x00, 0x00, 0x52, 
    0xfb, 0x37, 0x00, 0x00, 0x52, 0x80, 0x3d, 0xff, 
    0x26, 0x8f, 0x3c, 0xa4, 0xff, 0xc0, 0xfe, 0xc1, 
    0xff, 0x8b, 0x00, 0x49, 0xec, 0xff, 0xe2, 0x3a, 
    0x00, 0x7e, 0xf4, 0xe2, 0xfe, 0xe4, 0xee, 0x69, 
    0x74, 0xb8, 0x43, 0xff, 0x31, 0xc7, 0x5d, 0x00, 
    0x00, 0x58, 0xff, 0x3c, 0x00, 0x00, 0x00, 0x00, 
    0x0b, 0x34, 0x06, 0x00, 0x00, 0x00, 0x00, 0x00, 
    0x49, 0xcb, 0x41, 0x00, 0x00, 0x00, 0x00, 0x00, 
    0x00, 0x70, 0xff, 0x64, 0x00, 0x00, 0x00, 0x00, 
    0x00, 0x00, 0x70, 0xff, 0x64, 0x00, 0x00, 0x00, 
    0x00, 0x00, 0x00, 0x70, 0xff, 0x64, 0x00, 0x00, 
    0x00, 0x7a, 0xff, 0xff, 0xff, 0xff, 0xff, 0xff, 
    0xff, 0x72, 0x62, 0xd4, 0xd4, 0xe7, 0xff, 0xe5, 
    0xd4, 0xd4, 0x5a, 0x00, 0x00, 0x00, 0x70, 0xff, 
    0x64, 0x00, 0x00, 0x00, 0x00, 0x00, 0x00, 0x70, 
    0xff, 0x64, 0x00, 0x00, 0x00, 0x00, 0x00, 0x00, 
    0x63, 0xfd, 0x58, 0x00, 0x00, 0x00, 0x00, 0x32, 
    0x7c, 0x35, 0x00, 0xac, 0xff, 0xae, 0x00, 0xb0, 
    0xff, 0x9b, 0x03, 0xe2, 0xff, 0x3d, 0x4d, 0xff, 
    0x9f, 0x00, 0xa9, 0xdf, 0x11, 0x00, 0x5a, 0xe4, 
    0xe4, 0xe4, 0xd2, 0x67, 0xff, 0xff, 0xff, 0xeb, 
    0x81, 0xcf, 0x5a, 0xe1, 0xff, 0xad, 0xa7, 0xf8, 
    0x73, 0x00, 0x00, 0x00, 0x00, 0x00, 0x40, 0x7b, 
    0x2c, 0x00, 0x00, 0x00, 0x00, 0x00, 0xdd, 0xff, 
    0x55, 0x00, 0x00, 0x00, 0x00, 0x35, 0xff, 0xf4, 
    0x0a, 0x00, 0x00, 0x00, 0x00, 0x8c, 0xff, 0xa8, 
    0x00, 0x00, 0x00, 0x00, 0x01, 0xe1, 0xff, 0x51, 
    0x00, 0x00, 0x00, 0x00, 0x3a, 0xff, 0xf2, 0x08, 
    0x00, 0x00, 0x00, 0x00, 0x91, 0xff, 0xa3, 0x00, 
    0x00, 0x00, 0x00, 0x02, 0xe5, 0xff, 0x4c, 0x00, 
    0x00, 0x00, 0x00, 0x3e, 0xff, 0xef, 0x06, 0x00, 
    0x00, 0x00, 0x00, 0x95, 0xff, 0x9f, 0x00, 0x00, 
    0x00, 0x00, 0x03, 0xe8, 0xff, 0x48, 0x00, 0x00, 
    0x00, 0x00, 0x43, 0xff, 0xec, 0x04, 0x00, 0x00, 
    0x00, 0x00, 0x9a, 0xff, 0x9a, 0x00, 0x00, 0x00, 
    0x00, 0x04, 0xec, 0xff, 0x44, 0x00, 0x00, 0x00, 
    0x00, 0x48, 0xff, 0xea, 0x03, 0x00, 0x00, 0x00, 
    0x00, 0x9f, 0xff, 0x96, 0x00, 0x00, 0x00, 0x00, 
    0x00, 0xd9, 0xf7, 0x39, 0x00, 0x00, 0x00, 0x00, 
    0x00, 0x00, 0x00, 0x66, 0xd5, 0xf8, 0xe9, 0x9a, 
    0x10, 0x00, 0x00, 0x6f, 0xff, 0xff, 0xf2, 0xff, 
    0xff, 0xbc, 0x00, 0x07, 0xee, 0xff, 0x81, 0x00, 
    0x54, 0xff, 0xff, 0x34, 0x3f, 0xff, 0xfc, 0x0a, 
    0x00, 0x00, 0xe7, 0xff, 0x71, 0x5e, 0xff, 0xe2, 
    0x00, 0x00, 0x00, 0xc5, 0xff, 0x8f, 0x74, 0xff, 
    0xd5, 0x00, 0x00, 0x00, 0xb9, 0xff, 0x9c, 0x7c, 
    0xff, 0xd6, 0x00, 0x00, 0x00, 0xb7, 0xff, 0x93, 
    0x70, 0xff, 0xe2, 0x00, 0x00, 0x00, 0xc2, 0xff, 
    0x7d, 0x52, 0xff, 0xfc, 0x0a, 0x00, 0x00, 0xe7, 
    0xff, 0x5f, 0x16, 0xfc, 0xff, 0x72, 0x01, 0x5c, 
    0xff, 0xfb, 0x1a, 0x00, 0x99, 0xff, 0xff, 0xf8, 
    0xff, 0xff, 0x8d, 0x00, 0x00, 0x07, 0x89, 0xe4, 
    0xf9, 0xde, 0x7b, 0x03, 0x00, 0x00, 0x05, 0x82, 
    0xf9, 0xfd, 0x14, 0x00, 0x00, 0x2c, 0xd0, 0xff, 
    0xff, 0xff, 0x18, 0x00, 0x00, 0xb0, 0xf7, 0xac, 
    0xff, 0xff, 0x18, 0x00, 0x00, 0x50, 0x20, 0x38, 
    0xff, 0xff, 0x18, 0x00, 0x00, 0x00, 0x00, 0x38, 
    0xff, 0xff, 0x18, 0x00, 0x00, 0x00, 0x00, 0x38, 
    0xff, 0xff, 0x18, 0x00, 0x00, 0x00, 0x00, 0x38, 
    0xff, 0xff, 0x18, 0x00, 0x00, 0x00, 0x00, 0x38, 
    0xff, 0xff, 0x18, 0x00, 0x00, 0x00, 0x00, 0x38, 
    0xff, 0xff, 0x18, 0x00, 0x00, 0x00, 0x00, 0x38, 
    0xff, 0xff, 0x18, 0x00, 0x00, 0x85, 0xdc, 0xe3, 
    0xff, 0xff, 0xdf, 0xdb, 0x31, 0x9e, 0xff, 0xff, 
    0xff, 0xff, 0xff, 0xff, 0x3b, 0x00, 0x2e, 0xa1, 
    0xe5, 0xf7, 0xd5, 0x75, 0x04, 0x00, 0x00, 0xf3, 
    0xff, 0xff, 0xff, 0xff, 0xff, 0x7d, 0x00, 0x00, 
    0xe3, 0x73, 0x38, 0x6f, 0xff, 0xff, 0xd9, 0x00, 
    0x00, 0x02, 0x00, 0x00, 0x00, 0xdb, 0xff, 0xe9, 
    0x00, 0x00, 0x00, 0x00, 0x00, 0x04, 0xf0, 0xff, 
    0xba, 0x00, 0x00, 0x00, 0x00, 0x00, 0x61, 0xff, 
    0xff, 0x52, 0x00, 0x00, 0x00, 0x00, 0x23, 0xed, 
    0xff, 0xb0, 0x00, 0x00, 0x00, 0x00, 0x12, 0xd7, 
    0xff, 0xd5, 0x0e, 0x00, 0x00, 0x00, 0x09, 0xc6, 
    0xff, 0xe0, 0x1c, 0x00, 0x00, 0x00, 0x00, 0xaf, 
    0xff, 0xe7, 0x24, 0x00, 0x00, 0x00, 0x00, 0x2d, 
    0xff, 0xff, 0xfa, 0xf4, 0xf4, 0xf4, 0xf4, 0x4f, 
    0x25, 0xfb, 0xff, 0xff, 0xff, 0xff, 0xff, 0xff, 
    0x56, 0x00, 0x34, 0xa9, 0xe5, 0xf7, 0xd8, 0x78, 
    0x02, 0x00, 0x00, 0xf5, 0xff, 0xf7, 0xfe, 0xff, 
    0xff, 0x72, 0x00, 0x00, 0xa3, 0x38, 0x01, 0x1d, 
    0xe8, 0xff, 0xc1, 0x00, 0x00, 0x00, 0x00, 0x00, 
    0x00, 0xbe, 0xff, 0xbd, 0x00, 0x00, 0x00, 0x00, 
    0x09, 0x57, 0xfa, 0xff, 0x61, 0x00, 0x00, 0x25, 
    0xff, 0xff, 0xff, 0xfb, 0x74, 0x00, 0x00, 0x00, 
    0x19, 0xc2, 0xcd, 0xf3, 0xff, 0xfd, 0x79, 0x00, 
    0x00, 0x00, 0x00, 0x00, 0x0c, 0xb9, 0xff, 0xfe, 
    0x26, 0x00, 0x00, 0x00, 0x00, 0x00, 0x61, 0xff, 
    0xff, 0x4f, 0x1f, 0x7b, 0x1c, 0x00, 0x15, 0xbd, 
    0xff, 0xff, 0x28, 0x39, 0xff, 0xff, 0xf7, 0xff, 
    0xff, 0xff, 0xa1, 0x00, 0x05, 0x7e, 0xd0, 0xf5, 
    0xee, 0xc8, 0x61, 0x03, 0x00, 0x00, 0x00, 0x00, 
    0x0c, 0xdd, 0xff, 0xfd, 0x58, 0x00, 0x00, 0x00, 
    0x00, 0x7b, 0xff, 0xff, 0xff, 0x68, 0x00, 0x00, 
    0x00, 0x0f, 0xee, 0xee, 0xe2, 0xff, 0x68, 0x00, 
    0x00, 0x00, 0x83, 0xff, 0x7a, 0xd4, 0xff, 0x68, 
    0x00, 0x00, 0x13, 0xf2, 0xea, 0x0c, 0xd4, 0xff, 
    0x68, 0x00, 0x00, 0x8a, 0xff, 0x72, 0x00, 0xd4, 
    0xff, 0x68, 0x00, 0x18, 0xf5, 0xe5, 0x08, 0x00, 
    0xd4, 0xff, 0x68, 0x00, 0x83, 0xff, 0x6a, 0x00, 
    0x00, 0xd4, 0xff, 0x68, 0x00, 0xac, 0xff, 0xff, 
    0xff, 0xff, 0xff, 0xff, 0xff, 0xab, 0x90, 0xf0, 
    0xf0, 0xf0, 0xf0, 0xfd, 0xff, 0xf6, 0x9e, 0x00, 
    0x00, 0x00, 0x00, 0x00, 0xd4, 0xff, 0x68, 0x00, 
    0x00, 0x00, 0x00, 0x00, 0x00, 0xc7, 0xfd, 0x5d, 
    0x00, 0x00, 0x9e, 0xff, 0xff, 0xff, 0xff, 0xff, 
    0x88, 0x00, 0x00, 0xb4, 0xff, 0xff, 0xff, 0xff, 
    0xff, 0x8d, 0x00, 0x00, 0xb4, 0xff, 0x43, 0x14, 
    0x14, 0x14, 0x05, 0x00, 0x00, 0xb4, 0xff, 0x34, 
    0x00, 0x00, 0x00, 0x00, 0x00, 0x00, 0xb4, 0xff, 
    0xd2, 0xc6, 0xa5, 0x55, 0x00, 0x00, 0x00, 0xa4, 
    0xff, 0xff, 0xff, 0xff, 0xff, 0x8b, 0x00, 0x00, 
    0x00, 0x00, 0x04, 0x28, 0xc1, 0xff, 0xfd, 0x1a, 
    0x00, 0x00, 0x00, 0x00, 0x00, 0x3d, 0xff, 0xff, 
    0x44, 0x00, 0x00, 0x00, 0x00, 0x00, 0x3f, 0xff, 
    0xff, 0x39, 0x0e, 0x6f, 0x14, 0x00, 0x16, 0xbb, 
    0xff, 0xee, 0x07, 0x26, 0xff, 0xff, 0xf6, 0xff, 
    0xff, 0xfe, 0x62, 0x00, 0x06, 0x93, 0xdc, 0xfa, 
    0xf3, 0xbd, 0x3a, 0x00, 0x00, 0x00, 0x00, 0x0d, 
    0x8a, 0xe2, 0xfa, 0xea, 0x8f, 0x00, 0x00, 0x0a, 
    0xd2, 0xff, 0xff, 0xe2, 0xee, 0xd7, 0x00, 0x00, 
    0x83, 0xff, 0xcc, 0x1d, 0x00, 0x00, 0x14, 0x00, 
    0x00, 0xe4, 0xff, 0x3c, 0x00, 0x00, 0x00, 0x00, 
    0x00, 0x1c, 0xff, 0xff, 0x73, 0xba, 0xcd, 0xa7, 
    0x22, 0x00, 0x39, 0xff, 0xff, 0xff, 0xff, 0xff, 
    0xff, 0xec, 0x0f, 0x41, 0xff, 0xff, 0x61, 0x0c, 
    0x37, 0xf6, 0xff, 0x67, 0x39, 0xff, 0xff, 0x0e, 
    0x00, 0x00, 0xbb, 0xff, 0x8a, 0x20, 0xff, 0xff, 
    0x2a, 0x00, 0x00, 0xc2, 0xff, 0x81, 0x01, 0xe7, 
    0xff, 0x91, 0x00, 0x2f, 0xfb, 0xff, 0x3e, 0x00, 
    0x76, 0xff, 0xff, 0xec, 0xfc, 0xff, 0xac, 0x00, 
    0x00, 0x01, 0x74, 0xda, 0xf8, 0xe3, 0x80, 0x04, 
    0x00, 0x37, 0xff, 0xff, 0xff, 0xff, 0xff, 0xff, 
    0xff, 0x4f, 0x3c, 0xff, 0xff, 0xff, 0xff, 0xff, 
    0xff, 0xff, 0x5c, 0x00, 0x17, 0x18, 0x18, 0x18, 
    0x65, 0xff, 0xfe, 0x20, 0x00, 0x00, 0x00, 0x00, 
    0x00, 0xbf, 0xff, 0xb8, 0x00, 0x00, 0x00, 0x00, 
    0x00, 0x2d, 0xff, 0xff, 0x4e, 0x00, 0x00, 0x00, 
    0x00, 0x00, 0x9c, 0xff, 0xe2, 0x03, 0x00, 0x00, 
    0x00, 0x00, 0x13, 0xf6, 0xff, 0x7c, 0x00, 0x00, 
    0x00, 0x00, 0x00, 0x78, 0xff, 0xfa, 0x18, 0x00, 
    0x00, 0x00, 0x00, 0x03, 0xe2, 0xff, 0xaa, 0x00, 
    0x00, 0x00, 0x00, 0x00, 0x55, 0xff, 0xff, 0x40, 
    0x00, 0x00, 0x00, 0x00, 0x00, 0xc3, 0xff, 0xd7, 
    0x00, 0x00, 0x00, 0x00, 0x00, 0x1c, 0xf7, 0xfd, 
    0x66, 0x00, 0x00, 0x00, 0x00, 0x00, 0x0a, 0x81, 
    0xd7, 0xf7, 0xf0, 0xae, 0x25, 0x00, 0x00, 0xa6, 
    0xff, 0xf7, 0xcd, 0xf3, 0xff, 0xdc, 0x06, 0x0a, 
    0xfd, 0xff, 0x3d, 0x00, 0x25, 0xff, 0xff, 0x2e, 
    0x15, 0xff, 0xff, 0x33, 0x00, 0x14, 0xfe, 0xff, 
    0x1f, 0x00, 0xc0, 0xff, 0xdd, 0x4c, 0xbe, 0xff, 
    0xa1, 0x00, 0x00, 0x14, 0xbf, 0xff, 0xff, 0xff, 
    0xb1, 0x06, 0x00, 0x00, 0x2e, 0xd5, 0xff, 0xed, 
    0xff, 0xfc, 0x76, 0x00, 0x13, 0xec, 0xff, 0x77, 
    0x03, 0x74, 0xff, 0xff, 0x40, 0x64, 0xff, 0xe0, 
    0x00, 0x00, 0x00, 0xc7, 0xff, 0x88, 0x60, 0xff, 
    0xf2, 0x19, 0x00, 0x0e, 0xe2, 0xff, 0x78, 0x19, 
    0xed, 0xff, 0xf4, 0xcf, 0xef, 0xff, 0xef, 0x1d, 
    0x00, 0x30, 0xb0, 0xe6, 0xf8, 0xdf, 0xab, 0x2a, 
    0x00, 0x00, 0x07, 0x7f, 0xe0, 0xf9, 0xdf, 0x86, 
    0x06, 0x00, 0x00, 0xb0, 0xff, 0xfd, 0xe8, 0xff, 
    0xff, 0x95, 0x00, 0x34, 0xff, 0xfc, 0x36, 0x00, 
    0x5c, 0xff, 0xf8, 0x11, 0x60, 0xff, 0xdf, 0x00, 
    0x00, 0x03, 0xf6, 0xff, 0x45, 0x54, 0xff, 0xf8, 
    0x1c, 0x00, 0x12, 0xeb, 0xff, 0x60, 0x14, 0xf1, 
    0xff, 0xf5, 0xdc, 0xf9, 0xff, 0xff, 0x68, 0x00, 
    0x3d, 0xca, 0xf8, 0xea, 0xaa, 0xe9, 0xff, 0x5d, 
    0x00, 0x00, 0x00, 0x00, 0x00, 0x01, 0xf3, 0xff, 
    0x3e, 0x00, 0x00, 0x00, 0x00, 0x00, 0x42, 0xff, 
    0xf8, 0x0e, 0x00, 0x40, 0x07, 0x00, 0x1f, 0xd9, 
    0xff, 0xa6, 0x00, 0x00, 0xfc, 0xf8, 0xe5, 0xfc, 
    0xff, 0xe4, 0x17, 0x00, 0x00, 0x8f, 0xe4, 0xfb, 
    0xe6, 0x97, 0x15, 0x00, 0x00, 0x5d, 0xf6, 0x9f, 
    0x93, 0xff, 0xdd, 0x42, 0xc0, 0x75, 0x00, 0x00, 
    0x00, 0x00, 0x00, 0x00, 0x00, 0x00, 0x00, 0x3f, 
    0xbe, 0x71, 0x93, 0xff, 0xdd, 0x61, 0xf8, 0xa3, 
    0x00, 0x5d, 0xf6, 0x9f, 0x00, 0x93, 0xff, 0xdd, 
    0x00, 0x42, 0xc0, 0x75, 0x00, 0x00, 0x00, 0x00, 
    0x00, 0x00, 0x00, 0x00, 0x00, 0x00, 0x00, 0x00, 
    0x00, 0x50, 0xf9, 0xb9, 0x00, 0x74, 0xff, 0xd8, 
    0x00, 0x87, 0xff, 0x9d, 0x04, 0xe4, 0xf1, 0x1d, 
    0x52, 0xff, 0x63, 0x00, 0x20, 0x3c, 0x00, 0x00, 
    0x00, 0x00, 0x00, 0x00, 0x00, 0x00, 0x39, 0xb1, 
    0x04, 0x00, 0x00, 0x00, 0x00, 0x31, 0xb4, 0xff, 
    0xff, 0x06, 0x00, 0x00, 0x2a, 0xab, 0xfe, 0xff, 
    0xd2, 0x54, 0x00, 0x16, 0xa2, 0xfd, 0xff, 0xcd, 
    0x51, 0x01, 0x00, 0x00, 0x63, 0xff, 0xf1, 0x4f, 
    0x00, 0x00, 0x00, 0x00, 0x00, 0x3b, 0xf5, 0xff, 
    0xde, 0x67, 0x06, 0x00, 0x00, 0x00, 0x00, 0x18, 
    0x93, 0xf9, 0xff, 0xe4, 0x6f, 0x09, 0x00, 0x00, 
    0x00, 0x00, 0x1f, 0x9e, 0xfc, 0xff, 0xe2, 0x01, 
    0x00, 0x00, 0x00, 0x00, 0x00, 0x27, 0xa8, 0xfe, 
    0x08, 0x00, 0x00, 0x00, 0x00, 0x00, 0x00, 0x00, 
    0x24, 0x00, 0x23, 0xc2, 0xc4, 0xc4, 0xc4, 0xc4, 
    0xc4, 0xc1, 0x19, 0x33, 0xfe, 0xff, 0xff, 0xff, 
    0xff, 0xff, 0xfd, 0x23, 0x00, 0x00, 0x00, 0x00, 
    0x00, 0x00, 0x00, 0x00, 0x00, 0x00, 0x00, 0x00, 
    0x00, 0x00, 0x00, 0x00, 0x00, 0x00, 0x22, 0xbe, 
    0xc0, 0xc0, 0xc0, 0xc0, 0xc0, 0xbd, 0x18, 0x34, 
    0xff, 0xff, 0xff, 0xff, 0xff, 0xff, 0xfd, 0x24, 
    0x10, 0xb0, 0x30, 0x00, 0x00, 0x00, 0x00, 0x00, 
    0x00, 0x16, 0xff, 0xfe, 0xaa, 0x28, 0x00, 0x00, 
    0x00, 0x00, 0x00, 0x65, 0xdf, 0xff, 0xfc, 0x9f, 
    0x20, 0x00, 0x00, 0x00, 0x00, 0x04, 0x60, 0xd8, 
    0xff, 0xf9, 0x94, 0x0d, 0x00, 0x00, 0x00, 0x00, 
    0x02, 0x5d, 0xf6, 0xff, 0x51, 0x00, 0x00, 0x00, 
    0x07, 0x69, 0xe1, 0xff, 0xf2, 0x32, 0x00, 0x09, 
    0x6f, 0xe5, 0xff, 0xf6, 0x8b, 0x13, 0x00, 0x0a, 
    0xe8, 0xff, 0xf9, 0x94, 0x19, 0x00, 0x00, 0x00, 
    0x19, 0xfc, 0x9d, 0x1f, 0x00, 0x00, 0x00, 0x00, 
    0x00, 0x01, 0x1e, 0x00, 0x00, 0x00, 0x00, 0x00, 
    0x00, 0x00, 0x7b, 0xd7, 0xf9, 0xec, 0xa6, 0x1f, 
    0x00, 0xf9, 0xf1, 0xe0, 0xfe, 0xff, 0xde, 0x08, 
    0x44, 0x04, 0x00, 0x41, 0xfd, 0xff, 0x63, 0x00, 
    0x00, 0x00, 0x00, 0xc9, 0xff, 0x8f, 0x00, 0x00, 
    0x00, 0x00, 0xce, 0xff, 0x80, 0x00, 0x00, 0x06, 
    0x5e, 0xff, 0xff, 0x3a, 0x00, 0x44, 0xfd, 0xff, 
    0xff, 0x84, 0x00, 0x00, 0x57, 0xff, 0xd4, 0x20, 
    0x00, 0x00, 0x00, 0x4e, 0xff, 0xb9, 0x00, 0x00, 
    0x00, 0x00, 0x19, 0x72, 0x3d, 0x00, 0x00, 0x00, 
    0x00, 0x24, 0xa9, 0x7b, 0x00, 0x00, 0x00, 0x00, 
    0x75, 0xff, 0xfc, 0x00, 0x00, 0x00, 0x00, 0x46, 
    0xf6, 0xc5, 0x00, 0x00, 0x00, 0x00, 0x00, 0x00, 
    0x00, 0x00, 0x4a, 0xa5, 0xda, 0xf3, 0xf7, 0xe1, 
    0xaa, 0x4a, 0x00, 0x00, 0x00, 0x00, 0x00, 0x00, 
    0x19, 0xba, 0xff, 0xff, 0xe0, 0xc4, 0xc7, 0xed, 
    0xff, 0xff, 0xa2, 0x02, 0x00, 0x00, 0x00, 0x13, 
    0xd6, 0xff, 0xaa, 0x29, 0x00, 0x00, 0x00, 0x01, 
    0x51, 0xed, 0xff, 0x6a, 0x00, 0x00, 0x00, 0xa1, 
    0xff, 0x8c, 0x12, 0xa9, 0xf1, 0xd0, 0x51, 0xf8, 
    0x5c, 0x52, 0xff, 0xce, 0x00, 0x00, 0x27, 0xff, 
    0xd9, 0x04, 0xbc, 0xff, 0xd9, 0xe3, 0xfc, 0xff, 
    0x40, 0x0b, 0xff, 0xfa, 0x00, 0x00, 0x86, 0xff, 
    0x70, 0x39, 0xff, 0xd3, 0x07, 0x1d, 0xf6, 0xff, 
    0x12, 0x00, 0xf5, 0xfe, 0x02, 0x00, 0xbf, 0xff, 
    0x2d, 0x80, 0xff, 0x75, 0x00, 0x05, 0xfa, 0xe4, 
    0x00, 0x0b, 0xff, 0xe9, 0x00, 0x00, 0xe1, 0xff, 
    0x0b, 0xa3, 0xff, 0x4e, 0x00, 0x2e, 0xff, 0xb8, 
    0x00, 0x43, 0xff, 0xb5, 0x00, 0x00, 0xeb, 0xff, 
    0x09, 0xa4, 0xff, 0x7d, 0x1d, 0xcb, 0xff, 0xbb, 
    0x12, 0xbf, 0xff, 0x56, 0x00, 0x00, 0xda, 0xff, 
    0x26, 0x67, 0xff, 0xff, 0xff, 0xcc, 0xe4, 0xff, 
    0xff, 0xff, 0xb0, 0x01, 0x00, 0x00, 0xa6, 0xff, 
    0x77, 0x02, 0x7b, 0xad, 0x77, 0x09, 0x2f, 0x9f, 
    0xa3, 0x64, 0x02, 0x00, 0x00, 0x00, 0x3d, 0xfe, 
    0xf8, 0x67, 0x05, 0x00, 0x00, 0x00, 0x02, 0x28, 
    0x00, 0x00, 0x00, 0x00, 0x00, 0x00, 0x00, 0x75, 
    0xfd, 0xff, 0xf3, 0xcb, 0xbf, 0xcd, 0xf4, 0xf4, 
    0x00, 0x00, 0x00, 0x00, 0x00, 0x00, 0x00, 0x00, 
    0x35, 0x9f, 0xda, 0xf4, 0xfb, 0xec, 0xc7, 0x7b, 
    0x00, 0x00, 0x00, 0x00, 0x00, 0x00, 0x00, 0x00, 
    0x24, 0xf7, 0xff, 0xee, 0x12, 0x00, 0x00, 0x00, 
    0x00, 0x00, 0x00, 0x7a, 0xff, 0xff, 0xff, 0x63, 
    0x00, 0x00, 0x00, 0x00, 0x00, 0x00, 0xd0, 0xff, 
    0xbd, 0xff, 0xb8, 0x00, 0x00, 0x00, 0x00, 0x00, 
    0x25, 0xff, 0xe0, 0x3a, 0xff, 0xfb, 0x12, 0x00, 
    0x00, 0x00, 0x00, 0x7a, 0xff, 0x8f, 0x01, 0xe6, 
    0xff, 0x63, 0x00, 0x00, 0x00, 0x00, 0xcf, 0xff, 
    0x3d, 0x00, 0x96, 0xff, 0xb8, 0x00, 0x00, 0x00, 
    0x24, 0xff, 0xe9, 0x02, 0x00, 0x45, 0xff, 0xfb, 
    0x12, 0x00, 0x00, 0x79, 0xff, 0xf6, 0xdc, 0xdc, 
    0xdf, 0xff, 0xff, 0x62, 0x00, 0x00, 0xce, 0xff, 
    0xff, 0xff, 0xff, 0xff, 0xff, 0xff, 0xb7, 0x00, 
    0x23, 0xff, 0xfc, 0x12, 0x00, 0x00, 0x00, 0x5f, 
    0xff, 0xfa, 0x12, 0x78, 0xff, 0xc5, 0x00, 0x00, 
    0x00, 0x00, 0x15, 0xfd, 0xff, 0x62, 0xae, 0xfd, 
    0x70, 0x00, 0x00, 0x00, 0x00, 0x00, 0xc0, 0xff, 
    0x99, 0x9f, 0xff, 0xff, 0xff, 0xf5, 0xca, 0x59, 
    0x00, 0x00, 0xc4, 0xff, 0xe8, 0xd1, 0xef, 0xff, 
    0xff, 0x58, 0x00, 0xc4, 0xff, 0x80, 0x00, 0x07, 
    0xc6, 0xff, 0xbb, 0x00, 0xc4, 0xff, 0x80, 0x00, 
    0x00, 0x8e, 0xff, 0xbd, 0x00, 0xc4, 0xff, 0x80, 
    0x00, 0x27, 0xdf, 0xff, 0x66, 0x00, 0xc4, 0xff, 
    0xff, 0xff, 0xff, 0xff, 0xb4, 0x05, 0x00, 0xc4, 
    0xff, 0xe2, 0xc4, 0xd7, 0xff, 0xff, 0xbf, 0x02, 
    0xc4, 0xff, 0x80, 0x00, 0x00, 0x4b, 0xff, 0xff, 
    0x4d, 0xc4, 0xff, 0x80, 0x00, 0x00, 0x00, 0xf7, 
    0xff, 0x6d, 0xc4, 0xff, 0x80, 0x00, 0x00, 0x4f, 
    0xff, 0xff, 0x46, 0xc4, 0xff, 0xec, 0xd8, 0xe2, 
    0xff, 0xff, 0xc2, 0x01, 0xa0, 0xff, 0xff, 0xff, 
    0xf8, 0xd6, 0x7f, 0x0b, 0x00, 0x00, 0x00, 0x03, 
    0x68, 0xca, 0xf4, 0xf1, 0xba, 0x47, 0x00, 0x00, 
    0x02, 0xb1, 0xff, 0xff, 0xff, 0xff, 0xff, 0xfc, 
    0x09, 0x00, 0x71, 0xff, 0xff, 0xa2, 0x1e, 0x18, 
    0x5d, 0xdf, 0x09, 0x00, 0xe2, 0xff, 0xc7, 0x00, 
    0x00, 0x00, 0x00, 0x00, 0x00, 0x26, 0xff, 0xff, 
    0x62, 0x00, 0x00, 0x00, 0x00, 0x00, 0x00, 0x45, 
    0xff, 0xff, 0x3e, 0x00, 0x00, 0x00, 0x00, 0x00, 
    0x00, 0x4a, 0xff, 0xff, 0x36, 0x00, 0x00, 0x00, 
    0x00, 0x00, 0x00, 0x36, 0xff, 0xff, 0x57, 0x00, 
    0x00, 0x00, 0x00, 0x00, 0x00, 0x09, 0xf8, 0xff, 
    0xbb, 0x00, 0x00, 0x00, 0x00, 0x00, 0x00, 0x00, 
    0x9e, 0xff, 0xff, 0x97, 0x2a, 0x19, 0x51, 0xcc, 
    0x11, 0x00, 0x15, 0xdb, 0xff, 0xff, 0xff, 0xff, 
    0xff, 0xfe, 0x10, 0x00, 0x00, 0x11, 0x8b, 0xdb, 
    0xf9, 0xef, 0xbb, 0x4a, 0x00, 0x9f, 0xff, 0xff, 
    0xff, 0xf4, 0xd5, 0x8c, 0x1b, 0x00, 0x00, 0xc4, 
    0xff, 0xf3, 0xe4, 0xf5, 0xff, 0xff, 0xed, 0x37, 
    0x00, 0xc4, 0xff, 0x8c, 0x00, 0x02, 0x4f, 0xee, 
    0xff, 0xe3, 0x07, 0xc4, 0xff, 0x8c, 0x00, 0x00, 
    0x00, 0x4a, 0xff, 0xff, 0x58, 0xc4, 0xff, 0x8c, 
    0x00, 0x00, 0x00, 0x00, 0xe3, 0xff, 0x92, 0xc4, 
    0xff, 0x8c, 0x00, 0x00, 0x00, 0x00, 0xc0, 0xff, 
    0xa9, 0xc4, 0xff, 0x8c, 0x00, 0x00, 0x00, 0x00, 
    0xbd, 0xff, 0xa4, 0xc4, 0xff, 0x8c, 0x00, 0x00, 
    0x00, 0x00, 0xe2, 0xff, 0x8a, 0xc4, 0xff, 0x8c, 
    0x00, 0x00, 0x00, 0x4f, 0xff, 0xff, 0x4d, 0xc4, 
    0xff, 0x8c, 0x00, 0x02, 0x4f, 0xea, 0xff, 0xdc, 
    0x04, 0xc4, 0xff, 0xf5, 0xe8, 0xf7, 0xff, 0xff, 
    0xec, 0x32, 0x00, 0xa0, 0xff, 0xff, 0xff, 0xf3, 
    0xd1, 0x8a, 0x1a, 0x00, 0x00, 0x9f, 0xff, 0xff, 
    0xff, 0xff, 0xff, 0xe0, 0xc4, 0xff, 0xf3, 0xe4, 
    0xe4, 0xe4, 0xc6, 0xc4, 0xff, 0x8c, 0x00, 0x00, 
    0x00, 0x00, 0xc4, 0xff, 0x8c, 0x00, 0x00, 0x00, 
    0x00, 0xc4, 0xff, 0x8c, 0x00, 0x00, 0x00, 0x00, 
    0xc4, 0xff, 0xff, 0xff, 0xff, 0xff, 0x44, 0xc4, 
    0xff, 0xed, 0xd8, 0xd8, 0xd7, 0x37, 0xc4, 0xff, 
    0x8c, 0x00, 0x00, 0x00, 0x00, 0xc4, 0xff, 0x8c, 
    0x00, 0x00, 0x00, 0x00, 0xc4, 0xff, 0x8c, 0x00, 
    0x00, 0x00, 0x00, 0xc4, 0xff, 0xf3, 0xe4, 0xe4, 
    0xe4, 0xcf, 0xa0, 0xff, 0xff, 0xff, 0xff, 0xff, 
    0xec, 0x9f, 0xff, 0xff, 0xff, 0xff, 0xff, 0x8e, 
    0xc4, 0xff, 0xfe, 0xfc, 0xfc, 0xfc, 0x8c, 0xc4, 
    0xff, 0x90, 0x00, 0x00, 0x00, 0x00, 0xc4, 0xff, 
    0x90, 0x00, 0x00, 0x00, 0x00, 0xc4, 0xff, 0x90, 
    0x00, 0x00, 0x00, 0x00, 0xc4, 0xff, 0xf9, 0xf0, 
    0xf0, 0xf0, 0x4d, 0xc4, 0xff, 0xff, 0xff, 0xff, 
    0xff, 0x53, 0xc4, 0xff, 0x90, 0x00, 0x00, 0x00, 
    0x00, 0xc4, 0xff, 0x90, 0x00, 0x00, 0x00, 0x00, 
    0xc4, 0xff, 0x90, 0x00, 0x00, 0x00, 0x00, 0xc4, 
    0xff, 0x90, 0x00, 0x00, 0x00, 0x00, 0xaf, 0xfc, 
    0x7c, 0x00, 0x00, 0x00, 0x00, 0x00, 0x00, 0x00, 
    0x42, 0xad, 0xe7, 0xfa, 0xeb, 0xc2, 0x6b, 0x03, 
    0x00, 0x00, 0x8c, 0xff, 0xff, 0xff, 0xfd, 0xff, 
    0xff, 0xff, 0x4b, 0x00, 0x61, 0xff, 0xff, 0xb7, 
    0x28, 0x01, 0x11, 0x4b, 0xb1, 0x45, 0x01, 0xe1, 
    0xff, 0xc1, 0x01, 0x00, 0x00, 0x00, 0x00, 0x00, 
    0x00, 0x2e, 0xff, 0xff, 0x44, 0x00, 0x00, 0x00, 
    0x00, 0x00, 0x00, 0x00, 0x50, 0xff, 0xff, 0x16, 
    0x00, 0x67, 0xff, 0xff, 0xff, 0xfd, 0x3f, 0x54, 
    0xff, 0xff, 0x17, 0x00, 0x51, 0xd4, 0xd4, 0xfe, 
    0xff, 0x58, 0x3a, 0xff, 0xff, 0x41, 0x00, 0x00, 
    0x00, 0x00, 0xf8, 0xff, 0x58, 0x07, 0xf2, 0xff, 
    0xb9, 0x00, 0x00, 0x00, 0x00, 0xf8, 0xff, 0x58, 
    0x00, 0x81, 0xff, 0xff, 0xb0, 0x34, 0x0d, 0x2e, 
    0xfb, 0xff, 0x58, 0x00, 0x04, 0xb0, 0xff, 0xff, 
    0xff, 0xff, 0xff, 0xff, 0xff, 0x52, 0x00, 0x00, 
    0x01, 0x5c, 0xbd, 0xed, 0xfc, 0xec, 0xc1, 0x79, 
    0x08, 0xb0, 0xfc, 0x7a, 0x00, 0x00, 0x00, 0x25, 
    0xf6, 0xf3, 0x14, 0xc4, 0xff, 0x8c, 0x00, 0x00, 
    0x00, 0x30, 0xff, 0xff, 0x1c, 0xc4, 0xff, 0x8c, 
    0x00, 0x00, 0x00, 0x30, 0xff, 0xff, 0x1c, 0xc4, 
    0xff, 0x8c, 0x00, 0x00, 0x00, 0x30, 0xff, 0xff, 
    0x1c, 0xc4, 0xff, 0x93, 0x10, 0x10, 0x10, 0x3d, 
    0xff, 0xff, 0x1c, 0xc4, 0xff, 0xff, 0xff, 0xff, 
    0xff, 0xff, 0xff, 0xff, 0x1c, 0xc4, 0xff, 0xff, 
    0xff, 0xff, 0xff, 0xff, 0xff, 0xff, 0x1c, 0xc4, 
    0xff, 0x8c, 0x00, 0x00, 0x00, 0x30, 0xff, 0xff, 
    0x1c, 0xc4, 0xff, 0x8c, 0x00, 0x00, 0x00, 0x30, 
    0xff, 0xff, 0x1c, 0xc4, 0xff, 0x8c, 0x00, 0x00, 
    0x00, 0x30, 0xff, 0xff, 0x1c, 0xc4, 0xff, 0x8c, 
    0x00, 0x00, 0x00, 0x30, 0xff, 0xff, 0x1c, 0xaf, 
    0xfc, 0x7a, 0x00, 0x00, 0x00, 0x26, 0xf6, 0xf2, 
    0x14, 0xb0, 0xfc, 0x7e, 0xc4, 0xff, 0x90, 0xc4, 
    0xff, 0x90, 0xc4, 0xff, 0x90, 0xc4, 0xff, 0x90, 
    0xc4, 0xff, 0x90, 0xc4, 0xff, 0x90, 0xc4, 0xff, 
    0x90, 0xc4, 0xff, 0x90, 0xc4, 0xff, 0x90, 0xc4, 
    0xff, 0x90, 0xaf, 0xfc, 0x7d, 0x00, 0x00, 0x83, 
    0xfc, 0xa9, 0x00, 0x00, 0x94, 0xff, 0xbc, 0x00, 
    0x00, 0x94, 0xff, 0xbc, 0x00, 0x00, 0x94, 0xff, 
    0xbc, 0x00, 0x00, 0x94, 0xff, 0xbc, 0x00, 0x00, 
    0x94, 0xff, 0xbc, 0x00, 0x00, 0x94, 0xff, 0xbc, 
    0x00, 0x00, 0x94, 0xff, 0xbc, 0x00, 0x00, 0x97, 
    0xff, 0xb9, 0x51, 0x23, 0xd0, 0xff, 0xa3, 0xf7, 
    0xff, 0xff, 0xff, 0x5b, 0xad, 0xf7, 0xed, 0x85, 
    0x03, 0xb0, 0xfc, 0x7b, 0x00, 0x00, 0x33, 0xf0, 
    0xf9, 0x40, 0xc4, 0xff, 0x8c, 0x00, 0x06, 0xd2, 
    0xff, 0xc6, 0x03, 0xc4, 0xff, 0x8c, 0x00, 0x82, 
    0xff, 0xf0, 0x20, 0x00, 0xc4, 0xff, 0x8c, 0x2f, 
    0xfa, 0xff, 0x56, 0x00, 0x00, 0xc4, 0xff, 0x90, 
    0xce, 0xff, 0x9c, 0x00, 0x00, 0x00, 0xc4, 0xff, 
    0xee, 0xff, 0xfa, 0x11, 0x00, 0x00, 0x00, 0xc4, 
    0xff, 0xb2, 0xf8, 0xff, 0x7f, 0x00, 0x00, 0x00, 
    0xc4, 0xff, 0x8c, 0x83, 0xff, 0xf8, 0x28, 0x00, 
    0x00, 0xc4, 0xff, 0x8c, 0x09, 0xde, 0xff, 0xc1, 
    0x01, 0x00, 0xc4, 0xff, 0x8c, 0x00, 0x4b, 0xff, 
    0xff, 0x65, 0x00, 0xc4, 0xff, 0x8c, 0x00, 0x00, 
    0xaf, 0xff, 0xef, 0x17, 0xaf, 0xfc, 0x7a, 0x00, 
    0x00, 0x1e, 0xe6, 0xfc, 0x6b, 0xb0, 0xfc, 0x7e, 
    0x00, 0x00, 0x00, 0x00, 0xc4, 0xff, 0x90, 0x00, 
    0x00, 0x00, 0x00, 0xc4, 0xff, 0x90, 0x00, 0x00, 
    0x00, 0x00, 0xc4, 0xff, 0x90, 0x00, 0x00, 0x00, 
    0x00, 0xc4, 0xff, 0x90, 0x00, 0x00, 0x00, 0x00, 
    0xc4, 0xff, 0x90, 0x00, 0x00, 0x00, 0x00, 0xc4, 
    0xff, 0x90, 0x00, 0x00, 0x00, 0x00, 0xc4, 0xff, 
    0x90, 0x00, 0x00, 0x00, 0x00, 0xc4, 0xff, 0x90, 
    0x00, 0x00, 0x00, 0x00, 0xc4, 0xff, 0x90, 0x00, 
    0x00, 0x00, 0x00, 0xc4, 0xff, 0xfe, 0xfc, 0xfc, 
    0xfc, 0x69, 0xa0, 0xff, 0xff, 0xff, 0xff, 0xff, 
    0x6a, 0x8b, 0xff, 0xfd, 0xcd, 0x13, 0x00, 0x00, 
    0x00, 0x00, 0x26, 0xe2, 0xff, 0xfb, 0x55, 0xc4, 
    0xff, 0xfe, 0xff, 0x74, 0x00, 0x00, 0x00, 0x00, 
    0x94, 0xff, 0xfe, 0xff, 0x80, 0xc4, 0xff, 0xc5, 
    0xff, 0xcd, 0x00, 0x00, 0x00, 0x05, 0xeb, 0xfc, 
    0xc6, 0xff, 0x80, 0xc4, 0xff, 0x79, 0xf8, 0xff, 
    0x26, 0x00, 0x00, 0x4d, 0xff, 0xbc, 0xb0, 0xff, 
    0x80, 0xc4, 0xff, 0x6c, 0xb2, 0xff, 0x7e, 0x00, 
    0x00, 0xa9, 0xff, 0x65, 0xb0, 0xff, 0x80, 0xc4, 
    0xff, 0x6c, 0x5e, 0xff, 0xd6, 0x00, 0x0d, 0xf6, 
    0xfb, 0x13, 0xb0, 0xff, 0x80, 0xc4, 0xff, 0x6c, 
    0x10, 0xfa, 0xff, 0x2f, 0x61, 0xff, 0xb8, 0x00, 
    0xb0, 0xff, 0x80, 0xc4, 0xff, 0x6c, 0x00, 0xb7, 
    0xff, 0x87, 0xbd, 0xff, 0x61, 0x00, 0xb0, 0xff, 
    0x80, 0xc4, 0xff, 0x6c, 0x00, 0x63, 0xff, 0xe7, 
    0xfd, 0xf9, 0x10, 0x00, 0xb0, 0xff, 0x80, 0xc4, 
    0xff, 0x6c, 0x00, 0x13, 0xfb, 0xff, 0xff, 0xb3, 
    0x00, 0x00, 0xb0, 0xff, 0x80, 0xc4, 0xff, 0x6c, 
    0x00, 0x00, 0xbc, 0xff, 0xff, 0x5d, 0x00, 0x00, 
    0xb0, 0xff, 0x80, 0xb1, 0xfb, 0x5c, 0x00, 0x00, 
    0x5c, 0xfb, 0xee, 0x0e, 0x00, 0x00, 0x9e, 0xfc, 
    0x6e, 0x92, 0xff, 0xf8, 0x71, 0x00, 0x00, 0x00, 
    0x69, 0xfb, 0x8e, 0xc4, 0xff, 0xff, 0xf7, 0x1a, 
    0x00, 0x00, 0x78, 0xff, 0xa0, 0xc4, 0xff, 0xf9, 
    0xff, 0x93, 0x00, 0x00, 0x78, 0xff, 0xa0, 0xc4, 
    0xff, 0xad, 0xff, 0xf8, 0x1c, 0x00, 0x78, 0xff, 
    0xa0, 0xc4, 0xff, 0x57, 0xe8, 0xff, 0x96, 0x00, 
    0x78, 0xff, 0xa0, 0xc4, 0xff, 0x53, 0x73, 0xff, 
    0xf9, 0x1d, 0x78, 0xff, 0xa0, 0xc4, 0xff, 0x54, 
    0x0a, 0xe8, 0xff, 0x94, 0x76, 0xff, 0xa0, 0xc4, 
    0xff, 0x54, 0x00, 0x71, 0xff, 0xf6, 0x88, 0xff, 
    0xa0, 0xc4, 0xff, 0x54, 0x00, 0x09, 0xe7, 0xff, 
    0xe5, 0xff, 0xa0, 0xc4, 0xff, 0x54, 0x00, 0x00, 
    0x6f, 0xff, 0xff, 0xff, 0xa0, 0xc4, 0xff, 0x54, 
    0x00, 0x00, 0x08, 0xe5, 0xff, 0xff, 0xa0, 0xb2, 
    0xfa, 0x46, 0x00, 0x00, 0x00, 0x53, 0xf4, 0xfe, 
    0x78, 0x00, 0x00, 0x03, 0x66, 0xc5, 0xf0, 0xf9, 
    0xde, 0x99, 0x22, 0x00, 0x00, 0x00, 0x05, 0xb7, 
    0xff, 0xff, 0xff, 0xff, 0xff, 0xff, 0xef, 0x30, 
    0x00, 0x00, 0x7b, 0xff, 0xff, 0x84, 0x10, 0x06, 
    0x55, 0xf4, 0xff, 0xcd, 0x00, 0x01, 0xe8, 0xff, 
    0xa5, 0x00, 0x00, 0x00, 0x00, 0x6d, 0xff, 0xff, 
    0x2a, 0x27, 0xff, 0xff, 0x49, 0x00, 0x00, 0x00, 
    0x00, 0x19, 0xff, 0xff, 0x5e, 0x43, 0xff, 0xff, 
    0x2a, 0x00, 0x00, 0x00, 0x00, 0x02, 0xfc, 0xff, 
    0x71, 0x45, 0xff, 0xff, 0x2b, 0x00, 0x00, 0x00, 
    0x00, 0x03, 0xfd, 0xff, 0x6c, 0x32, 0xff, 0xff, 
    0x45, 0x00, 0x00, 0x00, 0x00, 0x22, 0xff, 0xff, 
    0x4f, 0x08, 0xf9, 0xff, 0x94, 0x00, 0x00, 0x00, 
    0x00, 0x7e, 0xff, 0xfb, 0x15, 0x00, 0xa4, 0xff, 
    0xfc, 0x70, 0x0f, 0x0c, 0x66, 0xfa, 0xff, 0xa2, 
    0x00, 0x00, 0x1a, 0xe1, 0xff, 0xff, 0xff, 0xff, 
    0xff, 0xff, 0xd1, 0x12, 0x00, 0x00, 0x00, 0x14, 
    0x8b, 0xd8, 0xf7, 0xf5, 0xd1, 0x7a, 0x0b, 0x00, 
    0x00, 0x95, 0xff, 0xff, 0xff, 0xef, 0xbd, 0x4a, 
    0x00, 0x00, 0xc4, 0xff, 0xf1, 0xe2, 0xf8, 0xff, 
    0xfe, 0x56, 0x00, 0xc4, 0xff, 0x8c, 0x00, 0x11, 
    0xd1, 0xff, 0xd3, 0x00, 0xc4, 0xff, 0x8c, 0x00, 
    0x00, 0x77, 0xff, 0xfb, 0x02, 0xc4, 0xff, 0x8c, 
    0x00, 0x00, 0x80, 0xff, 0xf2, 0x00, 0xc4, 0xff, 
    0x8c, 0x03, 0x37, 0xe6, 0xff, 0xad, 0x00, 0xc4, 
    0xff, 0xff, 0xff, 0xff, 0xff, 0xeb, 0x25, 0x00, 
    0xc4, 0xff, 0xef, 0xda, 0xc7, 0x8c, 0x1b, 0x00, 
    0x00, 0xc4, 0xff, 0x8c, 0x00, 0x00, 0x00, 0x00, 
    0x00, 0x00, 0xc4, 0xff, 0x8c, 0x00, 0x00, 0x00, 
    0x00, 0x00, 0x00, 0xc4, 0xff, 0x8c, 0x00, 0x00, 
    0x00, 0x00, 0x00, 0x00, 0xb0, 0xfc, 0x79, 0x00, 
    0x00, 0x00, 0x00, 0x00, 0x00, 0x00, 0x00, 0x03, 
    0x66, 0xc5, 0xf0, 0xf9, 0xde, 0x97, 0x20, 0x00, 
    0x00, 0x00, 0x00, 0x05, 0xb7, 0xff, 0xff, 0xff, 
    0xff, 0xff, 0xff, 0xef, 0x30, 0x00, 0x00, 0x00, 
    0x7b, 0xff, 0xff, 0x84, 0x10, 0x06, 0x55, 0xf4, 
    0xff, 0xce, 0x00, 0x00, 0x01, 0xe9, 0xff, 0xa4, 
    0x00, 0x00, 0x00, 0x00, 0x6c, 0xff, 0xff, 0x2d, 
    0x00, 0x28, 0xff, 0xff, 0x49, 0x00, 0x00, 0x00, 
    0x00, 0x19, 0xff, 0xff, 0x5f, 0x00, 0x43, 0xff, 
    0xff, 0x2a, 0x00, 0x00, 0x00, 0x00, 0x02, 0xfc, 
    0xff, 0x72, 0x00, 0x45, 0xff, 0xff, 0x2b, 0x00, 
    0x00, 0x00, 0x00, 0x04, 0xfd, 0xff, 0x6a, 0x00, 
    0x32, 0xff, 0xff, 0x45, 0x00, 0x00, 0x00, 0x00, 
    0x22, 0xff, 0xff, 0x4c, 0x00, 0x08, 0xf9, 0xff, 
    0x94, 0x00, 0x00, 0x00, 0x00, 0x7e, 0xff, 0xfa, 
    0x12, 0x00, 0x00, 0xa6, 0xff, 0xfc, 0x70, 0x0f, 
    0x0c, 0x66, 0xfa, 0xff, 0x9d, 0x00, 0x00, 0x00, 
    0x1b, 0xe3, 0xff, 0xff, 0xff, 0xff, 0xff, 0xff, 
    0xff, 0x34, 0x00, 0x00, 0x00, 0x00, 0x16, 0x8e, 
    0xd9, 0xf7, 0xf2, 0xc5, 0xc6, 0xff, 0xf2, 0x77, 
    0x0c, 0x00, 0x00, 0x00, 0x00, 0x00, 0x00, 0x00, 
    0x00, 0x09, 0xb0, 0xff, 0xff, 0x7f, 0x00, 0x00, 
    0x00, 0x00, 0x00, 0x00, 0x00, 0x00, 0x00, 0x00, 
    0x5e, 0xd3, 0x79, 0x9f, 0xff, 0xff, 0xff, 0xfe, 
    0xdd, 0x81, 0x05, 0x00, 0xc4, 0xff, 0xea, 0xd1, 
    0xe9, 0xff, 0xff, 0x97, 0x00, 0xc4, 0xff, 0x8c, 
    0x00, 0x02, 0x9f, 0xff, 0xf7, 0x02, 0xc4, 0xff, 
    0x8c, 0x00, 0x00, 0x56, 0xff, 0xff, 0x0c, 0xc4, 
    0xff, 0x8c, 0x00, 0x05, 0xa9, 0xff, 0xd5, 0x00, 
    0xc4, 0xff, 0xe8, 0xcd, 0xec, 0xff, 0xef, 0x3d, 
    0x00, 0xc4, 0xff, 0xff, 0xff, 0xff, 0xfd, 0x4c, 
    0x00, 0x00, 0xc4, 0xff, 0x8c, 0x0d, 0xa3, 0xff, 
    0xee, 0x14, 0x00, 0xc4, 0xff, 0x8c, 0x00, 0x0e, 
    0xf2, 0xff, 0x7f, 0x00, 0xc4, 0xff, 0x8c, 0x00, 
    0x00, 0x9a, 0xff, 0xe3, 0x03, 0xc4, 0xff, 0x8c, 
    0x00, 0x00, 0x3a, 0xff, 0xff, 0x4d, 0xb0, 0xfc, 
    0x79, 0x00, 0x00, 0x00, 0xcd, 0xff, 0x95, 0x00, 
    0x0a, 0x7f, 0xda, 0xf8, 0xe5, 0x9b, 0x10, 0x00, 
    0xa9, 0xff, 0xff, 0xea, 0xfb, 0xff, 0x50, 0x23, 
    0xff, 0xff, 0x58, 0x00, 0x0c, 0x6e, 0x2c, 0x35, 
    0xff, 0xff, 0x3b, 0x00, 0x00, 0x00, 0x00, 0x0d, 
    0xf5, 0xff, 0xe8, 0x63, 0x06, 0x00, 0x00, 0x00, 
    0x65, 0xfd, 0xff, 0xff, 0xe2, 0x54, 0x00, 0x00, 
    0x00, 0x3c, 0xc0, 0xff, 0xff, 0xff, 0x5d, 0x00, 
    0x00, 0x00, 0x00, 0x3f, 0xe7, 0xff, 0xd4, 0x00, 
    0x00, 0x00, 0x00, 0x00, 0x7e, 0xff, 0xf3, 0x59, 
    0x97, 0x2a, 0x02, 0x16, 0xc7, 0xff, 0xc8, 0x69, 
    0xff, 0xff, 0xfb, 0xff, 0xff, 0xf9, 0x38, 0x0b, 
    0x85, 0xd9, 0xf8, 0xe5, 0xaf, 0x33, 0x00, 0xd5, 
    0xff, 0xff, 0xff, 0xff, 0xff, 0xff, 0xff, 0xbe, 
    0xd2, 0xfc, 0xfc, 0xfe, 0xff, 0xfe, 0xfc, 0xfc, 
    0xbb, 0x00, 0x00, 0x00, 0xb4, 0xff, 0x9c, 0x00, 
    0x00, 0x00, 0x00, 0x00, 0x00, 0xb4, 0xff, 0x9c, 
    0x00, 0x00, 0x00, 0x00, 0x00, 0x00, 0xb4, 0xff, 
    0x9c, 0x00, 0x00, 0x00, 0x00, 0x00, 0x00, 0xb4, 
    0xff, 0x9c, 0x00, 0x00, 0x00, 0x00, 0x00, 0x00, 
    0xb4, 0xff, 0x9c, 0x00, 0x00, 0x00, 0x00, 0x00, 
    0x00, 0xb4, 0xff, 0x9c, 0x00, 0x00, 0x00, 0x00, 
    0x00, 0x00, 0xb4, 0xff, 0x9c, 0x00, 0x00, 0x00, 
    0x00, 0x00, 0x00, 0xb4, 0xff, 0x9c, 0x00, 0x00, 
    0x00, 0x00, 0x00, 0x00, 0xb4, 0xff, 0x9c, 0x00, 
    0x00, 0x00, 0x00, 0x00, 0x00, 0xa1, 0xfc, 0x88, 
    0x00, 0x00, 0x00, 0xb1, 0xfc, 0x7a, 0x00, 0x00, 
    0x00, 0x00, 0xb1, 0xfc, 0x73, 0xc4, 0xff, 0x8c, 
    0x00, 0x00, 0x00, 0x00, 0xc4, 0xff, 0x84, 0xc4, 
    0xff, 0x8c, 0x00, 0x00, 0x00, 0x00, 0xc4, 0xff, 
    0x84, 0xc4, 0xff, 0x8c, 0x00, 0x00, 0x00, 0x00, 
    0xc4, 0xff, 0x84, 0xc4, 0xff, 0x8c, 0x00, 0x00, 
    0x00, 0x00, 0xc4, 0xff, 0x84, 0xc4, 0xff, 0x8c, 
    0x00, 0x00, 0x00, 0x00, 0xc4, 0xff, 0x84, 0xc4, 
    0xff, 0x8c, 0x00, 0x00, 0x00, 0x00, 0xc4, 0xff, 
    0x84, 0xc1, 0xff, 0x94, 0x00, 0x00, 0x00, 0x00, 
    0xca, 0xff, 0x80, 0xac, 0xff, 0xc2, 0x00, 0x00, 
    0x00, 0x09, 0xf1, 0xff, 0x67, 0x69, 0xff, 0xff, 
    0x77, 0x0f, 0x17, 0xa1, 0xff, 0xfc, 0x20, 0x09, 
    0xd1, 0xff, 0xff, 0xff, 0xff, 0xff, 0xff, 0x82, 
    0x00, 0x00, 0x0f, 0x8c, 0xdc, 0xfa, 0xf3, 0xc4, 
    0x59, 0x00, 0x00, 0xaf, 0xfd, 0xa0, 0x00, 0x00, 
    0x00, 0x00, 0x00, 0xcc, 0xfd, 0x57, 0x7b, 0xff, 
    0xf2, 0x06, 0x00, 0x00, 0x00, 0x24, 0xff, 0xff, 
    0x20, 0x28, 0xff, 0xff, 0x46, 0x00, 0x00, 0x00, 
    0x71, 0xff, 0xce, 0x00, 0x00, 0xd7, 0xff, 0x94, 
    0x00, 0x00, 0x00, 0xbd, 0xff, 0x7c, 0x00, 0x00, 
    0x84, 0xff, 0xe1, 0x00, 0x00, 0x0e, 0xfa, 0xff, 
    0x2a, 0x00, 0x00, 0x32, 0xff, 0xff, 0x2f, 0x00, 
    0x56, 0xff, 0xd8, 0x00, 0x00, 0x00, 0x00, 0xdf, 
    0xff, 0x7d, 0x00, 0xa2, 0xff, 0x86, 0x00, 0x00, 
    0x00, 0x00, 0x8e, 0xff, 0xca, 0x02, 0xeb, 0xff, 
    0x34, 0x00, 0x00, 0x00, 0x00, 0x3b, 0xff, 0xfe, 
    0x54, 0xff, 0xe0, 0x00, 0x00, 0x00, 0x00, 0x00, 
    0x01, 0xe7, 0xff, 0xe2, 0xff, 0x8f, 0x00, 0x00, 
    0x00, 0x00, 0x00, 0x00, 0x97, 0xff, 0xff, 0xff, 
    0x3d, 0x00, 0x00, 0x00, 0x00, 0x00, 0x00, 0x3e, 
    0xfa, 0xff, 0xdd, 0x02, 0x00, 0x00, 0x00, 0x86, 
    0xfe, 0xc7, 0x00, 0x00, 0x00, 0x19, 0xef, 0xff, 
    0x7a, 0x00, 0x00, 0x00, 0x45, 0xf9, 0xd2, 0x66, 
    0xff, 0xfb, 0x09, 0x00, 0x00, 0x57, 0xff, 0xff, 
    0xc2, 0x00, 0x00, 0x00, 0x88, 0xff, 0xb2, 0x26, 
    0xff, 0xff, 0x3d, 0x00, 0x00, 0x92, 0xff, 0xff, 
    0xf7, 0x06, 0x00, 0x00, 0xc0, 0xff, 0x71, 0x00, 
    0xe5, 0xff, 0x76, 0x00, 0x00, 0xcc, 0xff, 0xfc, 
    0xff, 0x3b, 0x00, 0x03, 0xf4, 0xff, 0x30, 0x00, 
    0xa6, 0xff, 0xae, 0x00, 0x0a, 0xfb, 0xe9, 0xbc, 
    0xff, 0x77, 0x00, 0x31, 0xff, 0xed, 0x02, 0x00, 
    0x66, 0xff, 0xe6, 0x00, 0x41, 0xff, 0xaf, 0x7e, 
    0xff, 0xb4, 0x00, 0x69, 0xff, 0xae, 0x00, 0x00, 
    0x26, 0xff, 0xff, 0x1e, 0x7b, 0xff, 0x75, 0x40, 
    0xff, 0xee, 0x01, 0xa2, 0xff, 0x6d, 0x00, 0x00, 
    0x00, 0xe5, 0xff, 0x56, 0xb6, 0xff, 0x3b, 0x08, 
    0xf9, 0xff, 0x2d, 0xda, 0xff, 0x2c, 0x00, 0x00, 
    0x00, 0xa6, 0xff, 0x8f, 0xee, 0xf8, 0x07, 0x00, 
    0xc4, 0xff, 0x7c, 0xff, 0xea, 0x01, 0x00, 0x00, 
    0x00, 0x66, 0xff, 0xe9, 0xff, 0xc6, 0x00, 0x00, 
    0x86, 0xff, 0xe9, 0xff, 0xaa, 0x00, 0x00, 0x00, 
    0x00, 0x26, 0xff, 0xff, 0xff, 0x8c, 0x00, 0x00, 
    0x48, 0xff, 0xff, 0xff, 0x69, 0x00, 0x00, 0x00, 
    0x00, 0x00, 0xce, 0xfe, 0xf5, 0x41, 0x00, 0x00, 
    0x0c, 0xe7, 0xff, 0xed, 0x21, 0x00, 0x00, 0x5b, 
    0xfc, 0xf1, 0x27, 0x00, 0x00, 0x16, 0xea, 0xfc, 
    0x44, 0x0d, 0xec, 0xff, 0xa6, 0x00, 0x00, 0x8a, 
    0xff, 0xdf, 0x05, 0x00, 0x75, 0xff, 0xfd, 0x2a, 
    0x13, 0xf3, 0xff, 0x5f, 0x00, 0x00, 0x09, 0xe6, 
    0xff, 0xaa, 0x86, 0xff, 0xd6, 0x03, 0x00, 0x00, 
    0x00, 0x6b, 0xff, 0xfe, 0xf5, 0xff, 0x53, 0x00, 
    0x00, 0x00, 0x00, 0x06, 0xe2, 0xff, 0xff, 0xd1, 
    0x01, 0x00, 0x00, 0x00, 0x00, 0x19, 0xf6, 0xff, 
    0xff, 0xee, 0x0f, 0x00, 0x00, 0x00, 0x00, 0x97, 
    0xff, 0xd1, 0xf4, 0xff, 0x83, 0x00, 0x00, 0x00, 
    0x22, 0xfa, 0xff, 0x4a, 0x8b, 0xff, 0xf3, 0x14, 
    0x00, 0x00, 0xa3, 0xff, 0xcb, 0x00, 0x15, 0xf4, 
    0xff, 0x8c, 0x00, 0x2b, 0xfd, 0xff, 0x4c, 0x00, 
    0x00, 0x8b, 0xff, 0xf6, 0x1a, 0x8b, 0xfe, 0xc2, 
    0x00, 0x00, 0x00, 0x15, 0xe9, 0xfd, 0x6e, 0xb0, 
    0xfe, 0xb5, 0x00, 0x00, 0x00, 0x4e, 0xf9, 0xf6, 
    0x12, 0x55, 0xff, 0xff, 0x31, 0x00, 0x00, 0xc2, 
    0xff, 0xb0, 0x00, 0x02, 0xd7, 0xff, 0xa0, 0x00, 
    0x2f, 0xff, 0xff, 0x36, 0x00, 0x00, 0x5f, 0xff, 
    0xf8, 0x15, 0x9c, 0xff, 0xba, 0x00, 0x00, 0x00, 
    0x04, 0xe0, 0xff, 0x7f, 0xf4, 0xff, 0x40, 0x00, 
    0x00, 0x00, 0x00, 0x6a, 0xff, 0xfa, 0xff, 0xc5, 
    0x00, 0x00, 0x00, 0x00, 0x00, 0x08, 0xe7, 0xff, 
    0xff, 0x4a, 0x00, 0x00, 0x00, 0x00, 0x00, 0x00, 
    0x87, 0xff, 0xe3, 0x00, 0x00, 0x00, 0x00, 0x00, 
    0x00, 0x00, 0x7c, 0xff, 0xd8, 0x00, 0x00, 0x00, 
    0x00, 0x00, 0x00, 0x00, 0x7c, 0xff, 0xd8, 0x00, 
    0x00, 0x00, 0x00, 0x00, 0x00, 0x00, 0x7c, 0xff, 
    0xd8, 0x00, 0x00, 0x00, 0x00, 0x00, 0x00, 0x00, 
    0x6b, 0xfb, 0xc3, 0x00, 0x00, 0x00, 0x00, 0x58, 
    0xff, 0xff, 0xff, 0xff, 0xff, 0xff, 0xd5, 0x00, 
    0x51, 0xec, 0xec, 0xec, 0xec, 0xf9, 0xff, 0xef, 
    0x00, 0x00, 0x00, 0x00, 0x00, 0x11, 0xea, 0xff, 
    0x9e, 0x00, 0x00, 0x00, 0x00, 0x00, 0x95, 0xff, 
    0xf0, 0x17, 0x00, 0x00, 0x00, 0x00, 0x30, 0xfc, 
    0xff, 0x6f, 0x00, 0x00, 0x00, 0x00, 0x01, 0xc4, 
    0xff, 0xd3, 0x04, 0x00, 0x00, 0x00, 0x00, 0x5f, 
    0xff, 0xff, 0x3f, 0x00, 0x00, 0x00, 0x00, 0x0f, 
    0xe8, 0xff, 0xa6, 0x00, 0x00, 0x00, 0x00, 0x00, 
    0x90, 0xff, 0xf3, 0x1a, 0x00, 0x00, 0x00, 0x00, 
    0x2a, 0xfb, 0xff, 0x75, 0x00, 0x00, 0x00, 0x00, 
    0x00, 0x83, 0xff, 0xff, 0xf2, 0xf0, 0xf0, 0xf0, 
    0xee, 0x27, 0x66, 0xfe, 0xff, 0xff, 0xff, 0xff, 
    0xff, 0xff, 0x2c, 0x85, 0xff, 0xff, 0xfc, 0x0c, 
    0xa0, 0xff, 0xcf, 0xa2, 0x05, 0xa0, 0xff, 0x74, 
    0x00, 0x00, 0xa0, 0xff, 0x74, 0x00, 0x00, 0xa0, 
    0xff, 0x74, 0x00, 0x00, 0xa0, 0xff, 0x74, 0x00, 
    0x00, 0xa0, 0xff, 0x74, 0x00, 0x00, 0xa0, 0xff, 
    0x74, 0x00, 0x00, 0xa0, 0xff, 0x74, 0x00, 0x00, 
    0xa0, 0xff, 0x74, 0x00, 0x00, 0xa0, 0xff, 0x74, 
    0x00, 0x00, 0xa0, 0xff, 0x74, 0x00, 0x00, 0xa0, 
    0xff, 0x74, 0x00, 0x00, 0xa0, 0xff, 0x74, 0x00, 
    0x00, 0xa0, 0xff, 0xcd, 0xa0, 0x05, 0x87, 0xff, 
    0xff, 0xfa, 0x0c, 0xa2, 0xfd, 0x74, 0x00, 0x00, 
    0x00, 0x00, 0x00, 0x61, 0xff, 0xd6, 0x00, 0x00, 
    0x00, 0x00, 0x00, 0x0f, 0xf8, 0xff, 0x2e, 0x00, 
    0x00, 0x00, 0x00, 0x00, 0xb0, 0xff, 0x86, 0x00, 
    0x00, 0x00, 0x00, 0x00, 0x58, 0xff, 0xde, 0x00, 
    0x00, 0x00, 0x00, 0x00, 0x0a, 0xf4, 0xff, 0x37, 
    0x00, 0x00, 0x00, 0x00, 0x00, 0xa8, 0xff, 0x90, 
    0x00, 0x00, 0x00, 0x00, 0x00, 0x50, 0xff, 0xe6, 
    0x02, 0x00, 0x00, 0x00, 0x00, 0x07, 0xf0, 0xff, 
    0x41, 0x00, 0x00, 0x00, 0x00, 0x00, 0x9f, 0xff, 
    0x99, 0x00, 0x00, 0x00, 0x00, 0x00, 0x47, 0xff, 
    0xec, 0x05, 0x00, 0x00, 0x00, 0x00, 0x04, 0xea, 
    0xff, 0x4a, 0x00, 0x00, 0x00, 0x00, 0x00, 0x97, 
    0xff, 0xa3, 0x00, 0x00, 0x00, 0x00, 0x00, 0x3f, 
    0xff, 0xf2, 0x08, 0x00, 0x00, 0x00, 0x00, 0x01, 
    0xe4, 0xff, 0x53, 0x00, 0x00, 0x00, 0x00, 0x00, 
    0x85, 0xfe, 0x96, 0x30, 0xff, 0xff, 0xfe, 0x5f, 
    0x1b, 0xa7, 0xdc, 0xff, 0x7c, 0x00, 0x00, 0x98, 
    0xff, 0x7c, 0x00, 0x00, 0x98, 0xff, 0x7c, 0x00, 
    0x00, 0x98, 0xff, 0x7c, 0x00, 0x00, 0x98, 0xff, 
    0x7c, 0x00, 0x00, 0x98, 0xff, 0x7c, 0x00, 0x00, 
    0x98, 0xff, 0x7c, 0x00, 0x00, 0x98, 0xff, 0x7c, 
    0x00, 0x00, 0x98, 0xff, 0x7c, 0x00, 0x00, 0x98, 
    0xff, 0x7c, 0x00, 0x00, 0x98, 0xff, 0x7c, 0x00, 
    0x00, 0x98, 0xff, 0x7c, 0x00, 0x00, 0x98, 0xff, 
    0x7c, 0x1c, 0xa3, 0xda, 0xff, 0x7c, 0x2f, 0xff, 
    0xff, 0xff, 0x62, 0x00, 0x00, 0x00, 0x5d, 0x7c, 
    0x50, 0x00, 0x00, 0x00, 0x00, 0x00, 0x3e, 0xff, 
    0xff, 0xfe, 0x27, 0x00, 0x00, 0x00, 0x00, 0xa7, 
    0xff, 0xde, 0xff, 0x91, 0x00, 0x00, 0x00, 0x15, 
    0xf9, 0xf6, 0x38, 0xff, 0xf0, 0x0a, 0x00, 0x00, 
    0x78, 0xff, 0xa6, 0x00, 0xca, 0xff, 0x65, 0x00, 
    0x01, 0xdd, 0xff, 0x49, 0x00, 0x69, 0xff, 0xd0, 
    0x00, 0x48, 0xff, 0xe8, 0x03, 0x00, 0x10, 0xf7, 
    0xff, 0x3a, 0x9a, 0xfd, 0x81, 0x00, 0x00, 0x00, 
    0x98, 0xfe, 0x8a, 0x02, 0xab, 0xb4, 0xb4, 0xb4, 
    0xb4, 0xb4, 0xb4, 0xb4, 0xa6, 0x00, 0x08, 0xf7, 
    0xff, 0xff, 0xff, 0xff, 0xff, 0xff, 0xff, 0xf0, 
    0x00, 0x05, 0xdd, 0xf2, 0x3b, 0x00, 0x00, 0x40, 
    0xfc, 0xce, 0x02, 0x00, 0x00, 0x71, 0xfb, 0x56, 
    0x00, 0x00, 0x00, 0x00, 0x00, 0x00, 0x00, 0x00, 
    0x00, 0x00, 0x00, 0x3c, 0xb1, 0xea, 0xfb, 0xe3, 
    0x7e, 0x03, 0x00, 0xe8, 0xfe, 0xd7, 0xd1, 0xff, 
    0xff, 0x6a, 0x00, 0x73, 0x27, 0x00, 0x00, 0x93, 
    0xff, 0xb0, 0x00, 0x00, 0x00, 0x04, 0x17, 0x79, 
    0xff, 0xc7, 0x00, 0x52, 0xd1, 0xfe, 0xff, 0xff, 
    0xff, 0xc8, 0x29, 0xfd, 0xfd, 0x8a, 0x56, 0x94, 
    0xff, 0xc8, 0x56, 0xff, 0xd5, 0x00, 0x00, 0x7a, 
    0xff, 0xc8, 0x27, 0xfc, 0xfe, 0x98, 0xa3, 0xfd, 
    0xff, 0xc8, 0x00, 0x59, 0xd8, 0xf9, 0xd5, 0x55, 
    0xf6, 0xba, 0xcf, 0xf9, 0x44, 0x00, 0x00, 0x00, 
    0x00, 0x00, 0xe4, 0xff, 0x54, 0x00, 0x00, 0x00, 
    0x00, 0x00, 0xe4, 0xff, 0x54, 0x00, 0x00, 0x00, 
    0x00, 0x00, 0xe4, 0xff, 0x54, 0x00, 0x00, 0x00, 
    0x00, 0x00, 0xe4, 0xff, 0x70, 0xb1, 0xf7, 0xe6, 
    0x74, 0x00, 0xe4, 0xff, 0xfc, 0xff, 0xfe, 0xff, 
    0xff, 0x52, 0xe4, 0xff, 0xdd, 0x2b, 0x16, 0xd2, 
    0xff, 0xbb, 0xe4, 0xff, 0x59, 0x00, 0x00, 0x6c, 
    0xff, 0xe8, 0xe4, 0xff, 0x54, 0x00, 0x00, 0x52, 
    0xff, 0xf7, 0xe4, 0xff, 0x57, 0x00, 0x00, 0x6f, 
    0xff, 0xdc, 0xe4, 0xff, 0xda, 0x27, 0x1b, 0xd8, 
    0xff, 0xa9, 0xe4, 0xff, 0xea, 0xff, 0xfe, 0xff, 
    0xfe, 0x37, 0xd5, 0xea, 0x2a, 0xc3, 0xf8, 0xdb, 
    0x58, 0x00, 0x00, 0x01, 0x71, 0xda, 0xfa, 0xde, 
    0x6c, 0x00, 0x00, 0x83, 0xff, 0xff, 0xeb, 0xfa, 
    0xfb, 0x00, 0x0f, 0xf6, 0xff, 0x78, 0x00, 0x13, 
    0x7c, 0x00, 0x43, 0xff, 0xfd, 0x08, 0x00, 0x00, 
    0x00, 0x00, 0x56, 0xff, 0xee, 0x00, 0x00, 0x00, 
    0x00, 0x00, 0x41, 0xff, 0xfd, 0x09, 0x00, 0x00, 
    0x00, 0x00, 0x18, 0xfb, 0xff, 0x7f, 0x02, 0x1d, 
    0x9f, 0x01, 0x00, 0x9a, 0xff, 0xff, 0xf7, 0xff, 
    0xfe, 0x06, 0x00, 0x08, 0x8f, 0xe7, 0xfa, 0xd5, 
    0x64, 0x00, 0x00, 0x00, 0x00, 0x00, 0x00, 0x00, 
    0x95, 0xfc, 0x79, 0x00, 0x00, 0x00, 0x00, 0x00, 
    0x00, 0xa8, 0xff, 0x8c, 0x00, 0x00, 0x00, 0x00, 
    0x00, 0x00, 0xa8, 0xff, 0x8c, 0x00, 0x00, 0x00, 
    0x00, 0x00, 0x00, 0xa8, 0xff, 0x8c, 0x00, 0x08, 
    0x93, 0xed, 0xf1, 0x88, 0xac, 0xff, 0x8c, 0x00, 
    0x91, 0xff, 0xff, 0xfd, 0xff, 0xfe, 0xff, 0x8c, 
    0x0f, 0xf6, 0xff, 0x8c, 0x06, 0x5e, 0xfc, 0xff, 
    0x8c, 0x38, 0xff, 0xfd, 0x0f, 0x00, 0x00, 0xad, 
    0xff, 0x8c, 0x50, 0xff, 0xed, 0x00, 0x00, 0x00, 
    0xa8, 0xff, 0x8c, 0x41, 0xff, 0xfa, 0x06, 0x00, 
    0x00, 0xa9, 0xff, 0x8c, 0x16, 0xfb, 0xff, 0x61, 
    0x00, 0x40, 0xf6, 0xff, 0x8c, 0x00, 0xa4, 0xff, 
    0xfe, 0xdd, 0xfe, 0xf2, 0xff, 0x8c, 0x00, 0x08, 
    0xa1, 0xf3, 0xec, 0x8c, 0x4f, 0xfd, 0x7e, 0x00, 
    0x00, 0x68, 0xd6, 0xf9, 0xe7, 0x92, 0x0a, 0x00, 
    0x00, 0x76, 0xff, 0xf3, 0xb0, 0xe3, 0xff, 0xa0, 
    0x00, 0x0b, 0xf2, 0xff, 0x45, 0x00, 0x1b, 0xf9, 
    0xfc, 0x19, 0x3f, 0xff, 0xf8, 0x24, 0x24, 0x24, 
    0xdb, 0xff, 0x43, 0x54, 0xff, 0xff, 0xff, 0xff, 
    0xff, 0xff, 0xff, 0x4d, 0x47, 0xff, 0xf7, 0x54, 
    0x54, 0x54, 0x54, 0x4e, 0x06, 0x17, 0xfc, 0xff, 
    0x49, 0x00, 0x00, 0x00, 0x22, 0x00, 0x00, 0x9b, 
    0xff, 0xfe, 0xd1, 0xc7, 0xe9, 0xf8, 0x00, 0x00, 
    0x02, 0x6d, 0xd9, 0xf9, 0xf4, 0xcf, 0x7b, 0x00, 
    0x00, 0x00, 0x5f, 0xdb, 0xf7, 0x9c, 0x00, 0x23, 
    0xfc, 0xff, 0xe9, 0xca, 0x00, 0x62, 0xff, 0xdc, 
    0x03, 0x03, 0x00, 0x76, 0xff, 0xc0, 0x00, 0x00, 
    0xbb, 0xff, 0xff, 0xff, 0xff, 0x74, 0x9c, 0xec, 
    0xff, 0xf7, 0xdc, 0x60, 0x00, 0x78, 0xff, 0xc0, 
    0x00, 0x00, 0x00, 0x78, 0xff, 0xc0, 0x00, 0x00, 
    0x00, 0x78, 0xff, 0xc0, 0x00, 0x00, 0x00, 0x78, 
    0xff, 0xc0, 0x00, 0x00, 0x00, 0x78, 0xff, 0xc0, 
    0x00, 0x00, 0x00, 0x78, 0xff, 0xc0, 0x00, 0x00, 
    0x00, 0x69, 0xfd, 0xaf, 0x00, 0x00, 0x00, 0x24, 
    0xad, 0xeb, 0xff, 0xff, 0xff, 0xfc, 0x1d, 0x05, 
    0xdc, 0xff, 0xba, 0xb6, 0xff, 0xfe, 0xe8, 0x16, 
    0x2e, 0xff, 0xc7, 0x00, 0x00, 0xc1, 0xff, 0x2d, 
    0x00, 0x1e, 0xff, 0xe1, 0x1d, 0x1d, 0xe1, 0xff, 
    0x29, 0x00, 0x00, 0xbb, 0xff, 0xff, 0xff, 0xff, 
    0xb2, 0x01, 0x00, 0x23, 0xfb, 0xbf, 0x87, 0x8c, 
    0x57, 0x02, 0x00, 0x00, 0x5d, 0xff, 0x92, 0x00, 
    0x00, 0x00, 0x00, 0x00, 0x00, 0x40, 0xff, 0xf3, 
    0xab, 0xa8, 0x9e, 0x70, 0x0d, 0x00, 0x0b, 0xdd, 
    0xff, 0xff, 0xff, 0xff, 0xff, 0xc2, 0x00, 0x94, 
    0xff, 0x8f, 0x00, 0x02, 0x54, 0xff, 0xfc, 0x04, 
    0xa8, 0xff, 0xe3, 0x9e, 0x9c, 0xe0, 0xff, 0xb7, 
    0x00, 0x16, 0x9b, 0xe2, 0xfb, 0xf8, 0xd7, 0x85, 
    0x0c, 0x00, 0xcf, 0xf9, 0x44, 0x00, 0x00, 0x00, 
    0x00, 0x00, 0xe4, 0xff, 0x54, 0x00, 0x00, 0x00, 
    0x00, 0x00, 0xe4, 0xff, 0x54, 0x00, 0x00, 0x00, 
    0x00, 0x00, 0xe4, 0xff, 0x54, 0x00, 0x00, 0x00, 
    0x00, 0x00, 0xe4, 0xff, 0x6e, 0xad, 0xf6, 0xe3, 
    0x5b, 0x00, 0xe4, 0xff, 0xfb, 0xff, 0xff, 0xff, 
    0xff, 0x2a, 0xe4, 0xff, 0xe3, 0x36, 0x28, 0xeb, 
    0xff, 0x78, 0xe4, 0xff, 0x5b, 0x00, 0x00, 0xa6, 
    0xff, 0x92, 0xe4, 0xff, 0x54, 0x00, 0x00, 0x9c, 
    0xff, 0x98, 0xe4, 0xff, 0x54, 0x00, 0x00, 0x9c, 
    0xff, 0x98, 0xe4, 0xff, 0x54, 0x00, 0x00, 0x9c, 
    0xff, 0x98, 0xe4, 0xff, 0x54, 0x00, 0x00, 0x9c, 
    0xff, 0x98, 0xd3, 0xfc, 0x47, 0x00, 0x00, 0x8d, 
    0xfe, 0x88, 0x01, 0xd0, 0xf5, 0x4a, 0x07, 0xfd, 
    0xff, 0x6e, 0x00, 0x45, 0x61, 0x0c, 0x00, 0x00, 
    0x00, 0x00, 0x00, 0xd0, 0xf9, 0x45, 0x00, 0xe4, 
    0xff, 0x54, 0x00, 0xe4, 0xff, 0x54, 0x00, 0xe4, 
    0xff, 0x54, 0x00, 0xe4, 0xff, 0x54, 0x00, 0xe4, 
    0xff, 0x54, 0x00, 0xe4, 0xff, 0x54, 0x00, 0xe4, 
    0xff, 0x54, 0x00, 0xd3, 0xfc, 0x46, 0x00, 0x00, 
    0xa7, 0xf8, 0x72, 0x00, 0x00, 0xd8, 0xff, 0x9b, 
    0x00, 0x00, 0x33, 0x65, 0x1b, 0x00, 0x00, 0x00, 
    0x00, 0x00, 0x00, 0x00, 0xa5, 0xfb, 0x6a, 0x00, 
    0x00, 0xb8, 0xff, 0x7c, 0x00, 0x00, 0xb8, 0xff, 
    0x7c, 0x00, 0x00, 0xb8, 0xff, 0x7c, 0x00, 0x00, 
    0xb8, 0xff, 0x7c, 0x00, 0x00, 0xb8, 0xff, 0x7c, 
    0x00, 0x00, 0xb8, 0xff, 0x7c, 0x00, 0x00, 0xb8, 
    0xff, 0x7c, 0x00, 0x00, 0xb8, 0xff, 0x7b, 0x00, 
    0x03, 0xd8, 0xff, 0x6e, 0x46, 0xf1, 0xff, 0xff, 
    0x2f, 0x3e, 0xf5, 0xe6, 0x72, 0x00, 0xd0, 0xf9, 
    0x45, 0x00, 0x00, 0x00, 0x00, 0x00, 0xe4, 0xff, 
    0x54, 0x00, 0x00, 0x00, 0x00, 0x00, 0xe4, 0xff, 
    0x54, 0x00, 0x00, 0x00, 0x00, 0x00, 0xe4, 0xff, 
    0x54, 0x00, 0x00, 0x00, 0x00, 0x00, 0xe4, 0xff, 
    0x54, 0x00, 0x66, 0xf7, 0xec, 0x07, 0xe4, 0xff, 
    0x54, 0x29, 0xf6, 0xff, 0x6b, 0x00, 0xe4, 0xff, 
    0x59, 0xce, 0xff, 0x94, 0x00, 0x00, 0xe4, 0xff, 
    0xd3, 0xff, 0xc5, 0x04, 0x00, 0x00, 0xe4, 0xff, 
    0xd6, 0xff, 0xeb, 0x12, 0x00, 0x00, 0xe4, 0xff, 
    0x5f, 0xe3, 0xff, 0x9b, 0x00, 0x00, 0xe4, 0xff, 
    0x54, 0x55, 0xff, 0xfe, 0x3a, 0x00, 0xe4, 0xff, 
    0x54, 0x00, 0xba, 0xff, 0xd2, 0x04, 0xd3, 0xfc, 
    0x46, 0x00, 0x27, 0xed, 0xfd, 0x46, 0xd0, 0xf9, 
    0x45, 0xe4, 0xff, 0x54, 0xe4, 0xff, 0x54, 0xe4, 
    0xff, 0x54, 0xe4, 0xff, 0x54, 0xe4, 0xff, 0x54, 
    0xe4, 0xff, 0x54, 0xe4, 0xff, 0x54, 0xe4, 0xff, 
    0x54, 0xe4, 0xff, 0x54, 0xe4, 0xff, 0x54, 0xe4, 
    0xff, 0x54, 0xd3, 0xfc, 0x46, 0xd3, 0xef, 0x2c, 
    0xbd, 0xf7, 0xdc, 0x5c, 0x1c, 0xac, 0xf5, 0xe5, 
    0x60, 0x00, 0xe4, 0xff, 0xf2, 0xf5, 0xf6, 0xff, 
    0xfc, 0xe8, 0xf9, 0xf1, 0xff, 0xff, 0x2d, 0xe4, 
    0xff, 0xcf, 0x14, 0x1a, 0xf6, 0xff, 0xe2, 0x24, 
    0x0c, 0xe1, 0xff, 0x79, 0xe4, 0xff, 0x55, 0x00, 
    0x00, 0xcb, 0xff, 0x75, 0x00, 0x00, 0xa7, 0xff, 
    0x91, 0xe4, 0xff, 0x54, 0x00, 0x00, 0xc4, 0xff, 
    0x74, 0x00, 0x00, 0xa0, 0xff, 0x94, 0xe4, 0xff, 
    0x54, 0x00, 0x00, 0xc4, 0xff, 0x74, 0x00, 0x00, 
    0xa0, 0xff, 0x94, 0xe4, 0xff, 0x54, 0x00, 0x00, 
    0xc4, 0xff, 0x74, 0x00, 0x00, 0xa0, 0xff, 0x94, 
    0xe4, 0xff, 0x54, 0x00, 0x00, 0xc4, 0xff, 0x74, 
    0x00, 0x00, 0xa0, 0xff, 0x94, 0xd3, 0xfc, 0x46, 
    0x00, 0x00, 0xb4, 0xfd, 0x65, 0x00, 0x00, 0x91, 
    0xfe, 0x84, 0xd3, 0xef, 0x2b, 0xb9, 0xf7, 0xe3, 
    0x5b, 0x00, 0xe4, 0xff, 0xf1, 0xf7, 0xf2, 0xff, 
    0xff, 0x2b, 0xe4, 0xff, 0xd0, 0x17, 0x0e, 0xe1, 
    0xff, 0x7f, 0xe4, 0xff, 0x55, 0x00, 0x00, 0xa2, 
    0xff, 0x95, 0xe4, 0xff, 0x54, 0x00, 0x00, 0x9c, 
    0xff, 0x98, 0xe4, 0xff, 0x54, 0x00, 0x00, 0x9c, 
    0xff, 0x98, 0xe4, 0xff, 0x54, 0x00, 0x00, 0x9c, 
    0xff, 0x98, 0xe4, 0xff, 0x54, 0x00, 0x00, 0x9c, 
    0xff, 0x98, 0xd3, 0xfc, 0x46, 0x00, 0x00, 0x8d, 
    0xfe, 0x88, 0x00, 0x00, 0x5d, 0xcd, 0xf6, 0xf4, 
    0xc3, 0x49, 0x00, 0x00, 0x00, 0x71, 0xff, 0xff, 
    0xe8, 0xf5, 0xff, 0xfe, 0x47, 0x00, 0x0b, 0xf2, 
    0xff, 0x7e, 0x00, 0x09, 0xc3, 0xff, 0xbf, 0x00, 
    0x42, 0xff, 0xfd, 0x08, 0x00, 0x00, 0x59, 0xff, 
    0xf5, 0x00, 0x56, 0xff, 0xed, 0x00, 0x00, 0x00, 
    0x42, 0xff, 0xff, 0x03, 0x3f, 0xff, 0xfc, 0x09, 
    0x00, 0x00, 0x5e, 0xff, 0xed, 0x00, 0x16, 0xf9, 
    0xff, 0x7a, 0x00, 0x0d, 0xc9, 0xff, 0xaa, 0x00, 
    0x00, 0x8e, 0xff, 0xff, 0xeb, 0xf7, 0xff, 0xf2, 
    0x29, 0x00, 0x00, 0x04, 0x7c, 0xda, 0xfa, 0xee, 
    0xb0, 0x2b, 0x00, 0x00, 0xd3, 0xeb, 0x28, 0xb4, 
    0xf5, 0xe7, 0x78, 0x00, 0xe4, 0xfe, 0xf1, 0xf3, 
    0xeb, 0xff, 0xff, 0x54, 0xe4, 0xff, 0xcd, 0x14, 
    0x04, 0xc5, 0xff, 0xbc, 0xe4, 0xff, 0x55, 0x00, 
    0x00, 0x67, 0xff, 0xe8, 0xe4, 0xff, 0x54, 0x00, 
    0x00, 0x52, 0xff, 0xf7, 0xe4, 0xff, 0x59, 0x00, 
    0x00, 0x73, 0xff, 0xdc, 0xe4, 0xff, 0xde, 0x29, 
    0x1d, 0xdd, 0xff, 0xaf, 0xe4, 0xff, 0xfd, 0xff, 
    0xff, 0xff, 0xfe, 0x40, 0xe4, 0xff, 0x74, 0xbd, 
    0xf9, 0xda, 0x58, 0x00, 0xe4, 0xff, 0x54, 0x00, 
    0x00, 0x00, 0x00, 0x00, 0xe4, 0xff, 0x54, 0x00, 
    0x00, 0x00, 0x00, 0x00, 0xd3, 0xfc, 0x46, 0x00, 
    0x00, 0x00, 0x00, 0x00, 0x00, 0x06, 0x8f, 0xeb, 
    0xf1, 0x8e, 0x48, 0xfa, 0x7d, 0x00, 0x8e, 0xff, 
    0xff, 0xfd, 0xff, 0xe8, 0xff, 0x8c, 0x0f, 0xf5, 
    0xff, 0x88, 0x05, 0x5a, 0xfa, 0xff, 0x8c, 0x38, 
    0xff, 0xfd, 0x0d, 0x00, 0x00, 0xab, 0xff, 0x8c, 
    0x50, 0xff, 0xed, 0x00, 0x00, 0x00, 0xa8, 0xff, 
    0x8c, 0x41, 0xff, 0xfc, 0x0b, 0x00, 0x00, 0xae, 
    0xff, 0x8c, 0x17, 0xfb, 0xff, 0x7f, 0x06, 0x62, 
    0xfd, 0xff, 0x8c, 0x00, 0xa7, 0xff, 0xff, 0xfe, 
    0xff, 0xfb, 0xff, 0x8c, 0x00, 0x0a, 0xa7, 0xf5, 
    0xe8, 0x7c, 0xaa, 0xff, 0x8c, 0x00, 0x00, 0x00, 
    0x00, 0x00, 0x00, 0xa8, 0xff, 0x8c, 0x00, 0x00, 
    0x00, 0x00, 0x00, 0x00, 0xa8, 0xff, 0x8c, 0x00, 
    0x00, 0x00, 0x00, 0x00, 0x00, 0x98, 0xfe, 0x7b, 
    0xd3, 0xef, 0x3c, 0xde, 0xf5, 0x16, 0xe4, 0xff, 
    0xef, 0xff, 0xff, 0x1f, 0xe4, 0xff, 0xe9, 0x30, 
    0x1d, 0x01, 0xe4, 0xff, 0x66, 0x00, 0x00, 0x00, 
    0xe4, 0xff, 0x54, 0x00, 0x00, 0x00, 0xe4, 0xff, 
    0x54, 0x00, 0x00, 0x00, 0xe4, 0xff, 0x54, 0x00, 
    0x00, 0x00, 0xe4, 0xff, 0x54, 0x00, 0x00, 0x00, 
    0xd3, 0xfc, 0x46, 0x00, 0x00, 0x00, 0x00, 0x38, 
    0xbf, 0xf1, 0xee, 0xae, 0x0c, 0x12, 0xef, 0xff, 
    0xb7, 0xb5, 0xf6, 0x2c, 0x43, 0xff, 0xd9, 0x00, 
    0x00, 0x12, 0x04, 0x20, 0xfb, 0xff, 0xb3, 0x41, 
    0x00, 0x00, 0x00, 0x61, 0xf1, 0xff, 0xff, 0xbd, 
    0x0c, 0x00, 0x00, 0x0e, 0x6b, 0xee, 0xff, 0x77, 
    0x1d, 0x28, 0x00, 0x00, 0x9d, 0xff, 0x8f, 0x58, 
    0xfe, 0xca, 0xbd, 0xfc, 0xff, 0x45, 0x16, 0xab, 
    0xee, 0xf6, 0xcf, 0x5b, 0x00, 0x00, 0x74, 0xfb, 
    0x9f, 0x00, 0x00, 0x00, 0x84, 0xff, 0xb0, 0x00, 
    0x00, 0xbf, 0xff, 0xff, 0xff, 0xff, 0xb0, 0x9f, 
    0xee, 0xff, 0xf4, 0xdc, 0x93, 0x00, 0x84, 0xff, 
    0xb0, 0x00, 0x00, 0x00, 0x84, 0xff, 0xb0, 0x00, 
    0x00, 0x00, 0x84, 0xff, 0xb0, 0x00, 0x00, 0x00, 
    0x84, 0xff, 0xb0, 0x00, 0x00, 0x00, 0x78, 0xff, 
    0xd4, 0x04, 0x0e, 0x00, 0x48, 0xff, 0xff, 0xf9, 
    0xb9, 0x00, 0x00, 0x8c, 0xeb, 0xf5, 0x83, 0xde, 
    0xf8, 0x38, 0x00, 0x00, 0x97, 0xfc, 0x7b, 0xf0, 
    0xff, 0x44, 0x00, 0x00, 0xa8, 0xff, 0x8c, 0xf0, 
    0xff, 0x44, 0x00, 0x00, 0xa8, 0xff, 0x8c, 0xf0, 
    0xff, 0x44, 0x00, 0x00, 0xa8, 0xff, 0x8c, 0xf0, 
    0xff, 0x44, 0x00, 0x00, 0xa8, 0xff, 0x8c, 0xee, 
    0xff, 0x49, 0x00, 0x00, 0xa9, 0xff, 0x8c, 0xda, 
    0xff, 0x93, 0x00, 0x48, 0xf7, 0xff, 0x8c, 0x86, 
    0xff, 0xff, 0xe9, 0xff, 0xf1, 0xff, 0x8c, 0x08, 
    0x9c, 0xf4, 0xeb, 0x8d, 0x56, 0xfd, 0x7e, 0xb9, 
    0xfb, 0x77, 0x00, 0x00, 0x00, 0xd5, 0xfc, 0x40, 
    0x89, 0xff, 0xce, 0x00, 0x00, 0x2f, 0xff, 0xfb, 
    0x12, 0x38, 0xff, 0xff, 0x1a, 0x00, 0x79, 0xff, 
    0xbe, 0x00, 0x01, 0xe6, 0xff, 0x64, 0x00, 0xc3, 
    0xff, 0x6e, 0x00, 0x00, 0x97, 0xff, 0xaf, 0x10, 
    0xfc, 0xff, 0x1f, 0x00, 0x00, 0x46, 0xff, 0xf3, 
    0x5e, 0xff, 0xcf, 0x00, 0x00, 0x00, 0x05, 0xf0, 
    0xff, 0xdd, 0xff, 0x7f, 0x00, 0x00, 0x00, 0x00, 
    0xa5, 0xff, 0xff, 0xff, 0x2f, 0x00, 0x00, 0x00, 
    0x00, 0x49, 0xf7, 0xff, 0xd2, 0x00, 0x00, 0x00, 
    0x9b, 0xfd, 0x8f, 0x00, 0x00, 0x5d, 0xfc, 0xce, 
    0x00, 0x00, 0x1a, 0xf4, 0xf7, 0x0d, 0x6f, 0xff, 
    0xdb, 0x00, 0x00, 0xa4, 0xff, 0xff, 0x1e, 0x00, 
    0x5a, 0xff, 0xda, 0x00, 0x28, 0xff, 0xff, 0x1d, 
    0x00, 0xe1, 0xff, 0xff, 0x5f, 0x00, 0x98, 0xff, 
    0x92, 0x00, 0x00, 0xe1, 0xff, 0x5e, 0x1e, 0xff, 
    0xea, 0xff, 0xa0, 0x00, 0xd6, 0xff, 0x4b, 0x00, 
    0x00, 0x9b, 0xff, 0x9f, 0x5c, 0xff, 0x77, 0xfd, 
    0xe1, 0x15, 0xff, 0xf9, 0x0b, 0x00, 0x00, 0x54, 
    0xff, 0xe0, 0x99, 0xff, 0x27, 0xcd, 0xff, 0x76, 
    0xff, 0xbc, 0x00, 0x00, 0x00, 0x10, 0xfc, 0xff, 
    0xeb, 0xe8, 0x00, 0x8a, 0xff, 0xea, 0xff, 0x75, 
    0x00, 0x00, 0x00, 0x00, 0xc7, 0xff, 0xff, 0xab, 
    0x00, 0x47, 0xff, 0xff, 0xff, 0x2e, 0x00, 0x00, 
    0x00, 0x00, 0x71, 0xfc, 0xfe, 0x63, 0x00, 0x0a, 
    0xe7, 0xff, 0xda, 0x00, 0x00, 0x00, 0x68, 0xfd, 
    0xeb, 0x10, 0x00, 0x68, 0xfc, 0xab, 0x0f, 0xed, 
    0xff, 0x81, 0x09, 0xe6, 0xff, 0x3d, 0x00, 0x76, 
    0xff, 0xf0, 0x82, 0xff, 0xb7, 0x00, 0x00, 0x09, 
    0xe6, 0xff, 0xff, 0xfe, 0x33, 0x00, 0x00, 0x00, 
    0x9b, 0xff, 0xff, 0xe5, 0x03, 0x00, 0x00, 0x1a, 
    0xf5, 0xfd, 0xf9, 0xff, 0x60, 0x00, 0x00, 0x99, 
    0xff, 0xa7, 0x98, 0xff, 0xdf, 0x06, 0x25, 0xfb, 
    0xfe, 0x2c, 0x20, 0xfb, 0xff, 0x6c, 0x92, 0xff, 
    0xa7, 0x00, 0x00, 0x97, 0xff, 0xd7, 0xaf, 0xfe, 
    0x83, 0x00, 0x00, 0x00, 0xd6, 0xf8, 0x3b, 0x79, 
    0xff, 0xe1, 0x01, 0x00, 0x31, 0xff, 0xfa, 0x10, 
    0x1e, 0xfe, 0xff, 0x3a, 0x00, 0x80, 0xff, 0xb6, 
    0x00, 0x00, 0xbf, 0xff, 0x91, 0x00, 0xcf, 0xff, 
    0x61, 0x00, 0x00, 0x62, 0xff, 0xe6, 0x20, 0xff, 
    0xfa, 0x12, 0x00, 0x00, 0x0e, 0xf6, 0xff, 0xac, 
    0xff, 0xb8, 0x00, 0x00, 0x00, 0x00, 0xa8, 0xff, 
    0xff, 0xff, 0x63, 0x00, 0x00, 0x00, 0x00, 0x4c, 
    0xff, 0xff, 0xfb, 0x13, 0x00, 0x00, 0x00, 0x00, 
    0x04, 0xdc, 0xff, 0xba, 0x00, 0x00, 0x00, 0x00, 
    0x00, 0x07, 0xed, 0xff, 0x64, 0x00, 0x00, 0x00, 
    0x00, 0x00, 0x58, 0xff, 0xfb, 0x13, 0x00, 0x00, 
    0x00, 0x00, 0x00, 0xa1, 0xfc, 0xa3, 0x00, 0x00, 
    0x00, 0x00, 0x36, 0xff, 0xff, 0xff, 0xff, 0xff, 
    0x53, 0x28, 0xd6, 0xd8, 0xde, 0xff, 0xff, 0x53, 
    0x00, 0x00, 0x00, 0x82, 0xff, 0xe0, 0x09, 0x00, 
    0x00, 0x23, 0xf8, 0xff, 0x50, 0x00, 0x00, 0x00, 
    0xb5, 0xff, 0xb6, 0x00, 0x00, 0x00, 0x50, 0xff, 
    0xf8, 0x24, 0x00, 0x00, 0x09, 0xe0, 0xff, 0x82, 
    0x00, 0x00, 0x00, 0x58, 0xff, 0xff, 0xe1, 0xdc, 
    0xdc, 0x71, 0x4e, 0xff, 0xff, 0xff, 0xff, 0xff, 
    0x88, 0x00, 0x00, 0x26, 0xcb, 0xf7, 0x75, 0x00, 
    0x00, 0xaa, 0xff, 0xde, 0x5a, 0x00, 0x00, 0xe2, 
    0xff, 0x2f, 0x00, 0x00, 0x00, 0xee, 0xff, 0x1c, 
    0x00, 0x00, 0x00, 0xf0, 0xff, 0x1b, 0x00, 0x00, 
    0x06, 0xfd, 0xff, 0x09, 0x00, 0x06, 0x7d, 0xff, 
    0xc5, 0x00, 0x00, 0x7f, 0xff, 0xca, 0x23, 0x00, 
    0x00, 0x50, 0xee, 0xfa, 0x60, 0x00, 0x00, 0x00, 
    0x34, 0xff, 0xe8, 0x01, 0x00, 0x00, 0x00, 0xf7, 
    0xff, 0x12, 0x00, 0x00, 0x00, 0xf0, 0xff, 0x1c, 
    0x00, 0x00, 0x00, 0xee, 0xff, 0x1c, 0x00, 0x00, 
    0x00, 0xe2, 0xff, 0x2e, 0x00, 0x00, 0x00, 0xac, 
    0xff, 0xdb, 0x5a, 0x00, 0x00, 0x28, 0xcb, 0xf9, 
    0x75, 0x64, 0x95, 0x23, 0xc4, 0xff, 0x50, 0xc4, 
    0xff, 0x50, 0xc4, 0xff, 0x50, 0xc4, 0xff, 0x50, 
    0xc4, 0xff, 0x50, 0xc4, 0xff, 0x50, 0xc4, 0xff, 
    0x50, 0xc4, 0xff, 0x50, 0xc4, 0xff, 0x50, 0xc4, 
    0xff, 0x50, 0xc4, 0xff, 0x50, 0xc4, 0xff, 0x50, 
    0xc4, 0xff, 0x50, 0xc4, 0xff, 0x50, 0xc4, 0xff, 
    0x50, 0xb4, 0xfc, 0x43, 0x0a, 0xee, 0xe9, 0x7f, 
    0x00, 0x00, 0x00, 0x07, 0xb9, 0xfc, 0xff, 0x27, 
    0x00, 0x00, 0x00, 0x00, 0xb5, 0xff, 0x60, 0x00, 
    0x00, 0x00, 0x00, 0xa0, 0xff, 0x6e, 0x00, 0x00, 
    0x00, 0x00, 0xa0, 0xff, 0x70, 0x00, 0x00, 0x00, 
    0x00, 0x9b, 0xff, 0x74, 0x00, 0x00, 0x00, 0x00, 
    0x66, 0xff, 0xc8, 0x20, 0x00, 0x00, 0x00, 0x02, 
    0x7f, 0xfb, 0xf7, 0x00, 0x00, 0x00, 0x07, 0xc8, 
    0xff, 0xbb, 0x00, 0x00, 0x00, 0x5e, 0xff, 0xc3, 
    0x00, 0x00, 0x00, 0x00, 0x91, 0xff, 0x7c, 0x00, 
    0x00, 0x00, 0x00, 0x9f, 0xff, 0x70, 0x00, 0x00, 
    0x00, 0x00, 0xa1, 0xff, 0x6e, 0x00, 0x00, 0x00, 
    0x00, 0xb6, 0xff, 0x60, 0x00, 0x00, 0x06, 0xba, 
    0xfd, 0xff, 0x26, 0x00, 0x00, 0x0a, 0xee, 0xea, 
    0x7d, 0x00, 0x00, 0x00, 0x00, 0x5b, 0xcf, 0xcd, 
    0x4b, 0x00, 0x11, 0xd5, 0x60, 0x24, 0xfc, 0xff, 
    0xff, 0xfa, 0x49, 0x57, 0xff, 0x63, 0x67, 0xff, 
    0x58, 0x4f, 0xfd, 0xff, 0xff, 0xfc, 0x27, 0x72, 
    0xf1, 0x14, 0x00, 0x5e, 0xe7, 0xea, 0x6a, 0x00, 
    0x3b, 0xab, 0x5e, 0x9d, 0xff, 0xd1, 0x69, 0xf9, 
    0x9c, 0x04, 0x2a, 0x0c, 0x5c, 0xff, 0x90, 0x65, 
    0xff, 0x98, 0x6d, 0xff, 0xa0, 0x74, 0xff, 0xa7, 
    0x7b, 0xff, 0xae, 0x82, 0xff, 0xb5, 0x89, 0xff, 
    0xbc, 0x91, 0xff, 0xc4, 0x82, 0xfd, 0xb5, 0x00, 
    0x00, 0x00, 0x8c, 0xf8, 0x2c, 0x00, 0x00, 0x00, 
    0x0b, 0xb7, 0xff, 0x74, 0x06, 0x00, 0x38, 0xed, 
    0xff, 0xff, 0xff, 0xc1, 0x06, 0xe5, 0xff, 0xc7, 
    0x6c, 0x9e, 0xe1, 0x4e, 0xff, 0xf6, 0x12, 0x00, 
    0x00, 0x11, 0x72, 0xff, 0xd0, 0x00, 0x00, 0x00, 
    0x00, 0x79, 0xff, 0xd1, 0x00, 0x00, 0x00, 0x00, 
    0x5b, 0xff, 0xf7, 0x14, 0x00, 0x00, 0x22, 0x11, 
    0xf5, 0xff, 0xd0, 0x7c, 0xaa, 0xda, 0x00, 0x59, 
    0xfa, 0xff, 0xff, 0xff, 0xb2, 0x00, 0x00, 0x18, 
    0xba, 0xff, 0x6c, 0x04, 0x00, 0x00, 0x00, 0x8b, 
    0xfb, 0x2e, 0x00, 0x00, 0x00, 0x02, 0x7b, 0xd6, 
    0xf7, 0xe1, 0x7d, 0x00, 0x00, 0x00, 0x73, 0xff, 
    0xff, 0xf7, 0xfc, 0xff, 0x1e, 0x00, 0x00, 0xd8, 
    0xff, 0xa8, 0x04, 0x0d, 0x7e, 0x0e, 0x00, 0x03, 
    0xfe, 0xff, 0x4a, 0x00, 0x00, 0x00, 0x00, 0x00, 
    0x0b, 0xff, 0xff, 0x3c, 0x00, 0x00, 0x00, 0x00, 
    0x46, 0xff, 0xff, 0xff, 0xff, 0xff, 0xe4, 0x00, 
    0x00, 0x37, 0xd2, 0xff, 0xff, 0xdb, 0xd0, 0xb6, 
    0x00, 0x00, 0x00, 0x0c, 0xff, 0xff, 0x3c, 0x00, 
    0x00, 0x00, 0x00, 0x00, 0x0c, 0xff, 0xff, 0x3c, 
    0x00, 0x00, 0x00, 0x00, 0x00, 0x0c, 0xff, 0xff, 
    0x3c, 0x00, 0x00, 0x00, 0x00, 0x3a, 0xdd, 0xff, 
    0xff, 0xe4, 0xdc, 0xdc, 0xdc, 0x4c, 0x46, 0xff, 
    0xff, 0xff, 0xff, 0xff, 0xff, 0xff, 0x5b, 0x41, 
    0x73, 0x2a, 0x00, 0x00, 0x00, 0x30, 0x76, 0x3e, 
    0x5d, 0xff, 0xcf, 0x01, 0x00, 0x02, 0xd3, 0xff, 
    0x5d, 0x00, 0xbd, 0xff, 0xdd, 0xf9, 0xe2, 0xff, 
    0xc5, 0x01, 0x00, 0x72, 0xff, 0xee, 0xb4, 0xf3, 
    0xff, 0x6f, 0x00, 0x00, 0xd8, 0xff, 0x37, 0x00, 
    0x4a, 0xff, 0xcb, 0x00, 0x04, 0xfc, 0xf0, 0x00, 
    0x00, 0x07, 0xff, 0xf3, 0x00, 0x03, 0xfb, 0xf8, 
    0x03, 0x00, 0x0f, 0xff, 0xe7, 0x00, 0x00, 0xd0, 
    0xff, 0x74, 0x0d, 0x84, 0xff, 0xab, 0x00, 0x00, 
    0x72, 0xff, 0xff, 0xff, 0xff, 0xff, 0x57, 0x00, 
    0x0d, 0xe0, 0xfe, 0x95, 0xa2, 0x90, 0xff, 0xda, 
    0x09, 0x7e, 0xff, 0x9c, 0x00, 0x00, 0x00, 0xb0, 
    0xfe, 0x69, 0x8e, 0xfe, 0xcf, 0x02, 0x00, 0x00, 
    0x8a, 0xff, 0xad, 0x24, 0xfa, 0xff, 0x57, 0x00, 
    0x17, 0xf6, 0xff, 0x3e, 0x00, 0x92, 0xff, 0xd3, 
    0x00, 0x89, 0xff, 0xb1, 0x00, 0x00, 0x13, 0xf0, 
    0xff, 0x55, 0xf1, 0xfb, 0x28, 0x00, 0x00, 0x00, 
    0x77, 0xff, 0xf4, 0xff, 0x96, 0x00, 0x00, 0x00, 
    0x00, 0x08, 0xe1, 0xff, 0xf2, 0x16, 0x00, 0x00, 
    0x02, 0x92, 0x98, 0xd6, 0xff, 0xe3, 0x98, 0x97, 
    0x11, 0x09, 0xfa, 0xff, 0xff, 0xff, 0xff, 0xff, 
    0xff, 0x23, 0x00, 0x00, 0x00, 0x98, 0xff, 0xb8, 
    0x00, 0x00, 0x00, 0x0b, 0xfa, 0xff, 0xff, 0xff, 
    0xff, 0xff, 0xff, 0x27, 0x02, 0x93, 0x98, 0xd5, 
    0xff, 0xe2, 0x98, 0x97, 0x10, 0x00, 0x00, 0x00, 
    0x88, 0xfe, 0xa7, 0x00, 0x00, 0x00, 0x7f, 0xfb, 
    0x73, 0x90, 0xff, 0x84, 0x90, 0xff, 0x84, 0x90, 
    0xff, 0x84, 0x90, 0xff, 0x84, 0x90, 0xff, 0x84, 
    0x52, 0xac, 0x4a, 0x00, 0x00, 0x00, 0x00, 0x00, 
    0x00, 0x00, 0x00, 0x00, 0x56, 0xb3, 0x4d, 0x90, 
    0xff, 0x84, 0x90, 0xff, 0x84, 0x90, 0xff, 0x84, 
    0x90, 0xff, 0x84, 0x90, 0xff, 0x84, 0x7f, 0xfc, 
    0x73, 0x00, 0x00, 0x3f, 0xc3, 0xf3, 0xeb, 0xa2, 
    0x01, 0x00, 0x00, 0x1a, 0xf3, 0xfe, 0xb3, 0xbd, 
    0xfb, 0x10, 0x00, 0x00, 0x55, 0xff, 0xc7, 0x00, 
    0x00, 0x1f, 0x00, 0x00, 0x00, 0x42, 0xff, 0xf8, 
    0x5a, 0x01, 0x00, 0x00, 0x00, 0x00, 0x05, 0xe5, 
    0xff, 0xff, 0xd8, 0x5c, 0x00, 0x00, 0x00, 0x9f, 
    0xff, 0xd8, 0xf0, 0xff, 0xff, 0x91, 0x00, 0x1f, 
    0xff, 0xfa, 0x10, 0x0d, 0x86, 0xff, 0xfd, 0x18, 
    0x33, 0xff, 0xf6, 0x11, 0x00, 0x00, 0xf0, 0xff, 
    0x32, 0x0a, 0xea, 0xff, 0xdf, 0x68, 0x52, 0xff, 
    0xee, 0x0a, 0x00, 0x3f, 0xe9, 0xff, 0xff, 0xff, 
    0xf5, 0x4b, 0x00, 0x00, 0x00, 0x0c, 0x71, 0xe3, 
    0xff, 0xf3, 0x1a, 0x00, 0x00, 0x00, 0x00, 0x00, 
    0x0d, 0xe0, 0xff, 0x5c, 0x00, 0x00, 0x5e, 0x63, 
    0x10, 0x17, 0xe2, 0xff, 0x45, 0x00, 0x00, 0x80, 
    0xff, 0xff, 0xff, 0xff, 0xc5, 0x05, 0x00, 0x00, 
    0x09, 0x64, 0x9c, 0x98, 0x65, 0x07, 0x00, 0x00, 
    0x00, 0x25, 0x28, 0x00, 0x0c, 0x38, 0x07, 0x0e, 
    0xfc, 0xfd, 0x12, 0x9a, 0xff, 0x7f, 0x08, 0xe3, 
    0xe4, 0x0a, 0x7f, 0xf8, 0x62, 0x00, 0x00, 0x00, 
    0x00, 0x00, 0x00, 0x00, 0x00, 0x00, 0x00, 0x00, 
    0x00, 0x00, 0x00, 0x00, 0x00, 0x00, 0x00, 0x00, 
    0x0a, 0x1a, 0x0d, 0x00, 0x00, 0x00, 0x00, 0x00, 
    0x00, 0x00, 0x09, 0x77, 0xd6, 0xff, 0xff, 0xff, 
    0xe1, 0x8b, 0x14, 0x00, 0x00, 0x00, 0x0f, 0xcb, 
    0xfe, 0xaf, 0x68, 0x55, 0x66, 0xa4, 0xfb, 0xe0, 
    0x21, 0x00, 0x00, 0x9f, 0xfc, 0x4c, 0x00, 0x00, 
    0x00, 0x00, 0x00, 0x38, 0xf4, 0xc3, 0x00, 0x1a, 
    0xfb, 0x95, 0x00, 0x30, 0xbe, 0xf2, 0xe4, 0x72, 
    0x00, 0x7d, 0xff, 0x33, 0x5d, 0xff, 0x3a, 0x1c, 
    0xf3, 0xfd, 0xaa, 0xb8, 0xe1, 0x00, 0x29, 0xff, 
    0x74, 0x87, 0xff, 0x0e, 0x7a, 0xff, 0x8a, 0x00, 
    0x00, 0x1c, 0x00, 0x03, 0xfe, 0x95, 0x96, 0xfe, 
    0x00, 0xa1, 0xff, 0x50, 0x00, 0x00, 0x00, 0x00, 
    0x00, 0xf9, 0x9f, 0x92, 0xff, 0x06, 0x95, 0xff, 
    0x58, 0x00, 0x00, 0x00, 0x00, 0x0f, 0xff, 0x91, 
    0x78, 0xff, 0x26, 0x67, 0xff, 0xc0, 0x16, 0x26, 
    0x8a, 0x00, 0x2d, 0xff, 0x6d, 0x40, 0xff, 0x6e, 
    0x07, 0xd4, 0xff, 0xff, 0xff, 0xd0, 0x00, 0x7b, 
    0xff, 0x2c, 0x01, 0xd8, 0xe8, 0x1d, 0x0a, 0x6a, 
    0x92, 0x7c, 0x1b, 0x2a, 0xf0, 0xbe, 0x00, 0x00, 
    0x38, 0xf5, 0xe9, 0x78, 0x39, 0x28, 0x3b, 0x80, 
    0xf2, 0xe9, 0x22, 0x00, 0x00, 0x00, 0x30, 0xbe, 
    0xfe, 0xff, 0xff, 0xff, 0xfc, 0xac, 0x1f, 0x00, 
    0x00, 0x00, 0x00, 0x00, 0x00, 0x15, 0x3e, 0x4b, 
    0x3b, 0x0e, 0x00, 0x00, 0x00, 0x00, 0x00, 0x4f, 
    0xcc, 0xf5, 0xeb, 0x8c, 0x00, 0x00, 0x9b, 0xbd, 
    0x7b, 0xdf, 0xff, 0x37, 0x00, 0x0e, 0x00, 0x00, 
    0x7e, 0xff, 0x57, 0x00, 0x66, 0xcc, 0xe7, 0xf7, 
    0xff, 0x58, 0x0c, 0xfe, 0xde, 0x30, 0xa2, 0xff, 
    0x58, 0x00, 0xbb, 0xff, 0xff, 0xce, 0xff, 0x57, 
    0x00, 0x00, 0x1d, 0x18, 0x02, 0x28, 0x08, 0x00, 
    0x89, 0x94, 0x94, 0x94, 0x94, 0x30, 0x02, 0xf5, 
    0xff, 0xff, 0xff, 0xff, 0x5a, 0x00, 0x00, 0x51, 
    0xf7, 0x83, 0x00, 0xb8, 0xf8, 0x19, 0x00, 0x0d, 
    0xe5, 0xf8, 0x1e, 0x5a, 0xff, 0xa6, 0x00, 0x00, 
    0x92, 0xff, 0x8e, 0x0e, 0xe6, 0xfc, 0x26, 0x00, 
    0x1c, 0xfc, 0xfb, 0x15, 0x79, 0xff, 0xa7, 0x00, 
    0x00, 0x05, 0xd5, 0xff, 0x4f, 0x3f, 0xff, 0xe0, 
    0x06, 0x00, 0x00, 0x3d, 0xfe, 0xd4, 0x02, 0xa2, 
    0xff, 0x6d, 0x00, 0x00, 0x00, 0x9c, 0xff, 0x5f, 
    0x15, 0xee, 0xe8, 0x0b, 0x00, 0x00, 0x11, 0x83, 
    0x56, 0x00, 0x48, 0x8a, 0x22, 0x64, 0xc4, 0xc4, 
    0xc4, 0xc4, 0xc4, 0xc4, 0xb7, 0x14, 0x8a, 0xff, 
    0xff, 0xff, 0xff, 0xff, 0xff, 0xff, 0x33, 0x00, 
    0x00, 0x00, 0x00, 0x00, 0x00, 0x94, 0xff, 0x34, 
    0x00, 0x00, 0x00, 0x00, 0x00, 0x00, 0x94, 0xff, 
    0x34, 0x00, 0x00, 0x00, 0x00, 0x00, 0x00, 0x3a, 
    0x7b, 0x0f, 0x5a, 0xe4, 0xe4, 0xe4, 0xd2, 0x67, 
    0xff, 0xff, 0xff, 0xeb, 0x00, 0x00, 0x35, 0xc5, 
    0xef, 0xd4, 0x56, 0x00, 0x00, 0x00, 0x38, 0xe3, 
    0x47, 0x07, 0x38, 0xd9, 0x62, 0x00, 0x00, 0xc8, 
    0x53, 0xcf, 0xe0, 0xb2, 0x3a, 0xea, 0x04, 0x08, 
    0xfc, 0x09, 0xf4, 0x3b, 0xff, 0x18, 0xed, 0x29, 
    0x09, 0xfe, 0x0a, 0xf4, 0xe8, 0xb5, 0x00, 0xeb, 
    0x26, 0x00, 0xd0, 0x51, 0xf3, 0x42, 0xfc, 0x57, 
    0xe2, 0x02, 0x00, 0x44, 0xe4, 0x5e, 0x08, 0x54, 
    0xdf, 0x51, 0x00, 0x00, 0x00, 0x41, 0xcb, 0xf0, 
    0xd0, 0x4a, 0x00, 0x00, 0x09, 0xac, 0xb0, 0xb0, 
    0xb0, 0xac, 0x0a, 0x12, 0xfd, 0xff, 0xff, 0xff, 
    0xfd, 0x14, 0x00, 0x00, 0x00, 0x00, 0x00, 0x00, 
    0x00, 0x00, 0x00, 0x00, 0x00, 0x00, 0x00, 0x00, 
    0x00, 0x00, 0x02, 0x06, 0x00, 0x00, 0x00, 0x7c, 
    0xf5, 0xfc, 0xad, 0x07, 0x33, 0xff, 0x8b, 0x71, 
    0xff, 0x64, 0x45, 0xff, 0x64, 0x3e, 0xff, 0x6a, 
    0x05, 0xbf, 0xff, 0xff, 0xc9, 0x0c, 0x00, 0x01, 
    0x2e, 0x2f, 0x02, 0x00, 0x00, 0x00, 0x00, 0x57, 
    0xfa, 0x4e, 0x00, 0x00, 0x00, 0x00, 0x00, 0x00, 
    0x64, 0xff, 0x5c, 0x00, 0x00, 0x00, 0x00, 0x00, 
    0x00, 0x64, 0xff, 0x5c, 0x00, 0x00, 0x00, 0x3c, 
    0xbc, 0xbc, 0xd6, 0xff, 0xd4, 0xbc, 0xbc, 0x33, 
    0x53, 0xff, 0xff, 0xff, 0xff, 0xff, 0xff, 0xff, 
    0x4a, 0x00, 0x00, 0x00, 0x64, 0xff, 0x5c, 0x00, 
    0x00, 0x00, 0x00, 0x00, 0x00, 0x64, 0xff, 0x5c, 
    0x00, 0x00, 0x00, 0x00, 0x00, 0x00, 0x64, 0xff, 
    0x5c, 0x00, 0x00, 0x00, 0x00, 0x00, 0x00, 0x26, 
    0x7a, 0x21, 0x00, 0x00, 0x00, 0x27, 0xc7, 0xc8, 
    0xc8, 0xc8, 0xc8, 0xc8, 0xc7, 0x23, 0x35, 0xff, 
    0xff, 0xff, 0xff, 0xff, 0xff, 0xff, 0x30, 0x17, 
    0xb0, 0xf2, 0xec, 0x8f, 0x01, 0x4f, 0xd9, 0xb1, 
    0xff, 0xff, 0x3e, 0x05, 0x02, 0x00, 0xe4, 0xff, 
    0x39, 0x00, 0x00, 0x4f, 0xff, 0xbc, 0x01, 0x00, 
    0x47, 0xf7, 0xca, 0x11, 0x00, 0x35, 0xf8, 0xf6, 
    0x7c, 0x70, 0x36, 0x69, 0xff, 0xff, 0xff, 0xff, 
    0x8c, 0x24, 0xbc, 0xf5, 0xe9, 0x80, 0x00, 0x4a, 
    0x9d, 0x79, 0xf5, 0xff, 0x1f, 0x00, 0x08, 0x22, 
    0xe4, 0xf4, 0x0f, 0x00, 0xd6, 0xff, 0xfe, 0x84, 
    0x01, 0x00, 0x2d, 0x4a, 0xd2, 0xff, 0x5b, 0x5e, 
    0x8a, 0x75, 0xdf, 0xff, 0x58, 0x4c, 0xe1, 0xfb, 
    0xe2, 0x82, 0x01, 0x00, 0x03, 0xc4, 0xfc, 0x4e, 
    0x00, 0x6a, 0xff, 0xa6, 0x00, 0x05, 0xe8, 0xcb, 
    0x0a, 0x00, 0x00, 0x00, 0x00, 0x00, 0x00, 0x00, 
    0x00, 0x00, 0x00, 0x00, 0xd1, 0xf9, 0x46, 0x00, 
    0x00, 0x8b, 0xfc, 0x87, 0x00, 0x00, 0xe4, 0xff, 
    0x54, 0x00, 0x00, 0x9c, 0xff, 0x98, 0x00, 0x00, 
    0xe4, 0xff, 0x54, 0x00, 0x00, 0x9c, 0xff, 0x98, 
    0x00, 0x00, 0xe4, 0xff, 0x54, 0x00, 0x00, 0x9c, 
    0xff, 0x98, 0x00, 0x00, 0xe4, 0xff, 0x54, 0x00, 
    0x00, 0x9c, 0xff, 0x98, 0x00, 0x00, 0xe4, 0xff, 
    0x5b, 0x00, 0x00, 0xa2, 0xff, 0x98, 0x00, 0x00, 
    0xe4, 0xff, 0xb1, 0x0d, 0x5d, 0xfa, 0xff, 0xb2, 
    0x07, 0x00, 0xe4, 0xff, 0xff, 0xff, 0xff, 0xe9, 
    0xff, 0xff, 0xfe, 0x01, 0xe4, 0xff, 0xd5, 0xf6, 
    0xa3, 0x17, 0xb7, 0xfa, 0xd5, 0x00, 0xe4, 0xff, 
    0x43, 0x00, 0x00, 0x00, 0x00, 0x00, 0x00, 0x00, 
    0xe4, 0xff, 0x52, 0x00, 0x00, 0x00, 0x00, 0x00, 
    0x00, 0x00, 0xd3, 0xfc, 0x46, 0x00, 0x00, 0x00, 
    0x00, 0x00, 0x00, 0x00, 0x00, 0x02, 0x6e, 0xda, 
    0xfa, 0xff, 0xff, 0xff, 0xfe, 0x4f, 0x00, 0x8e, 
    0xff, 0xff, 0xff, 0xff, 0xad, 0xb8, 0xff, 0x64, 
    0x18, 0xfc, 0xff, 0xff, 0xff, 0xff, 0x2c, 0x48, 
    0xff, 0x64, 0x40, 0xff, 0xff, 0xff, 0xff, 0xff, 
    0x2c, 0x48, 0xff, 0x64, 0x27, 0xff, 0xff, 0xff, 
    0xff, 0xff, 0x2c, 0x48, 0xff, 0x64, 0x03, 0xd3, 
    0xff, 0xff, 0xff, 0xff, 0x2c, 0x48, 0xff, 0x64, 
    0x00, 0x2a, 0xcd, 0xff, 0xff, 0xff, 0x2c, 0x48, 
    0xff, 0x64, 0x00, 0x00, 0x01, 0x23, 0x9f, 0xff, 
    0x2c, 0x48, 0xff, 0x64, 0x00, 0x00, 0x00, 0x00, 
    0x80, 0xff, 0x2c, 0x48, 0xff, 0x64, 0x00, 0x00, 
    0x00, 0x00, 0x80, 0xff, 0x2c, 0x48, 0xff, 0x64, 
    0x00, 0x00, 0x00, 0x00, 0x80, 0xff, 0x2c, 0x48, 
    0xff, 0x64, 0x00, 0x00, 0x00, 0x00, 0x80, 0xff, 
    0x2c, 0x48, 0xff, 0x64, 0x00, 0x00, 0x00, 0x00, 
    0x80, 0xff, 0x2c, 0x48, 0xff, 0x64, 0x00, 0x00, 
    0x00, 0x00, 0x7c, 0xff, 0x29, 0x46, 0xff, 0x61, 
    0x00, 0x00, 0x00, 0x00, 0x05, 0x17, 0x00, 0x01, 
    0x19, 0x03, 0x81, 0xcf, 0x5a, 0xe1, 0xff, 0xad, 
    0xa5, 0xf8, 0x73, 0x00, 0x00, 0x57, 0x80, 0x0d, 
    0x00, 0x00, 0x65, 0xff, 0x61, 0x07, 0x8c, 0xbd, 
    0xff, 0x81, 0x0e, 0xd5, 0xfa, 0xd3, 0x23, 0x15, 
    0xa0, 0xfd, 0x8e, 0xb7, 0xe6, 0xff, 0x94, 0x27, 
    0x35, 0xff, 0x94, 0x00, 0x34, 0xff, 0x94, 0x00, 
    0x34, 0xff, 0x94, 0x00, 0x34, 0xff, 0x94, 0x00, 
    0x2f, 0xfe, 0x8d, 0x00, 0x20, 0xb0, 0xed, 0xe7, 
    0x9a, 0x0d, 0x01, 0xce, 0xff, 0xa8, 0xc9, 0xff, 
    0x94, 0x24, 0xff, 0xd6, 0x00, 0x1a, 0xff, 0xe3, 
    0x36, 0xff, 0xc1, 0x00, 0x04, 0xff, 0xf2, 0x16, 
    0xfd, 0xef, 0x20, 0x50, 0xff, 0xc1, 0x00, 0x95, 
    0xff, 0xff, 0xff, 0xf4, 0x3d, 0x00, 0x00, 0x47, 
    0x79, 0x6c, 0x20, 0x00, 0x00, 0x7a, 0x94, 0x94, 
    0x94, 0x94, 0x51, 0x00, 0xdc, 0xff, 0xff, 0xff, 
    0xff, 0x94, 0x82, 0xfd, 0x55, 0x02, 0xe4, 0xd6, 
    0x08, 0x00, 0x1d, 0xf9, 0xe1, 0x09, 0x82, 0xff, 
    0x7e, 0x00, 0x00, 0x98, 0xff, 0x7e, 0x10, 0xf0, 
    0xf5, 0x1e, 0x00, 0x1f, 0xfa, 0xf5, 0x16, 0x81, 
    0xff, 0xa5, 0x00, 0x16, 0xf6, 0xf8, 0x19, 0x78, 
    0xff, 0xb2, 0x00, 0x8a, 0xff, 0x89, 0x0c, 0xeb, 
    0xfb, 0x29, 0x13, 0xf3, 0xea, 0x0e, 0x79, 0xff, 
    0x8d, 0x00, 0x6a, 0xf8, 0x62, 0x00, 0xd9, 0xdc, 
    0x0e, 0x00, 0x01, 0x68, 0xf2, 0xd5, 0x00, 0x00, 
    0x00, 0x00, 0x32, 0xed, 0x98, 0x00, 0x70, 0xfb, 
    0xfe, 0xd8, 0x00, 0x00, 0x00, 0x08, 0xd6, 0xec, 
    0x18, 0x00, 0x32, 0x20, 0xf4, 0xd8, 0x00, 0x00, 
    0x00, 0x8f, 0xff, 0x55, 0x00, 0x00, 0x00, 0x00, 
    0xf4, 0xd8, 0x00, 0x00, 0x41, 0xfe, 0xa4, 0x00, 
    0x00, 0x00, 0x00, 0x00, 0xf4, 0xd8, 0x00, 0x0e, 
    0xe1, 0xe3, 0x10, 0x00, 0x00, 0x00, 0x00, 0x00, 
    0xf4, 0xd8, 0x00, 0xa1, 0xfe, 0x45, 0x00, 0x00, 
    0x00, 0x00, 0x00, 0x00, 0x47, 0x3e, 0x50, 0xff, 
    0x93, 0x15, 0xb8, 0xc2, 0x5c, 0x00, 0x00, 0x00, 
    0x00, 0x16, 0xea, 0xd9, 0x0a, 0x9d, 0xf1, 0xff, 
    0x88, 0x00, 0x00, 0x00, 0x00, 0xb1, 0xfc, 0x37, 
    0x37, 0xfd, 0x70, 0xff, 0x88, 0x00, 0x00, 0x00, 
    0x62, 0xff, 0x82, 0x00, 0xc8, 0xa8, 0x3a, 0xff, 
    0x8b, 0x00, 0x00, 0x20, 0xf2, 0xcd, 0x05, 0x00, 
    0xfd, 0xff, 0xff, 0xff, 0xff, 0x48, 0x02, 0xc0, 
    0xf7, 0x2a, 0x00, 0x00, 0x2e, 0x34, 0x5d, 0xff, 
    0xa0, 0x0a, 0x26, 0xb0, 0x58, 0x00, 0x00, 0x00, 
    0x00, 0x00, 0x0b, 0x50, 0x23, 0x00, 0x07, 0x7a, 
    0xf4, 0xd5, 0x00, 0x00, 0x00, 0x00, 0x32, 0xed, 
    0x98, 0x00, 0x7a, 0xdf, 0xfb, 0xd8, 0x00, 0x00, 
    0x00, 0x08, 0xd5, 0xec, 0x18, 0x00, 0x17, 0x04, 
    0xf4, 0xd8, 0x00, 0x00, 0x00, 0x8e, 0xff, 0x56, 
    0x00, 0x00, 0x00, 0x00, 0xf4, 0xd8, 0x00, 0x00, 
    0x3f, 0xfe, 0xa6, 0x00, 0x00, 0x00, 0x00, 0x00, 
    0xf4, 0xd8, 0x00, 0x0d, 0xdf, 0xe5, 0x11, 0x00, 
    0x00, 0x00, 0x00, 0x00, 0xf2, 0xd7, 0x00, 0x9d, 
    0xff, 0x48, 0x03, 0x0f, 0x00, 0x00, 0x00, 0x00, 
    0x0f, 0x0d, 0x4d, 0xff, 0x97, 0x7b, 0xf6, 0xff, 
    0xdb, 0x26, 0x00, 0x00, 0x00, 0x14, 0xe8, 0xdc, 
    0x0b, 0x72, 0x5b, 0xbd, 0xff, 0x87, 0x00, 0x00, 
    0x00, 0xac, 0xfd, 0x3b, 0x00, 0x00, 0x00, 0xa5, 
    0xff, 0x69, 0x00, 0x00, 0x5c, 0xff, 0x88, 0x00, 
    0x00, 0x00, 0x72, 0xff, 0xc1, 0x06, 0x00, 0x1c, 
    0xef, 0xd2, 0x06, 0x00, 0x00, 0x70, 0xff, 0xbf, 
    0x19, 0x09, 0x01, 0xba, 0xf9, 0x2f, 0x00, 0x00, 
    0x00, 0xd8, 0xff, 0xff, 0xff, 0xc5, 0x27, 0xbc, 
    0x62, 0x00, 0x00, 0x00, 0x00, 0x2d, 0x40, 0x40, 
    0x40, 0x2d, 0x00, 0x00, 0x00, 0x00, 0x00, 0x00, 
    0x00, 0x00, 0x00, 0x00, 0x00, 0x00, 0x00, 0x26, 
    0xc9, 0xfa, 0xee, 0x74, 0x00, 0x00, 0x00, 0x00, 
    0x66, 0xfb, 0x5d, 0x00, 0x2d, 0x68, 0x48, 0xfb, 
    0xfc, 0x07, 0x00, 0x00, 0x27, 0xf6, 0xc3, 0x02, 
    0x00, 0x00, 0x00, 0x1a, 0xf4, 0xe9, 0x02, 0x00, 
    0x04, 0xc9, 0xf3, 0x22, 0x00, 0x00, 0x00, 0xc9, 
    0xfe, 0xff, 0x85, 0x01, 0x00, 0x7e, 0xff, 0x66, 
    0x00, 0x00, 0x00, 0x29, 0x3e, 0x3d, 0xe4, 0xff, 
    0x43, 0x32, 0xfa, 0xb5, 0x00, 0x00, 0x00, 0x00, 
    0x5f, 0xff, 0xff, 0xff, 0xc5, 0x18, 0xd5, 0xed, 
    0x19, 0x00, 0x00, 0x00, 0x00, 0x00, 0x16, 0x30, 
    0x1c, 0x00, 0x8e, 0xff, 0x56, 0x52, 0xf8, 0xf7, 
    0x48, 0x00, 0x00, 0x00, 0x00, 0x00, 0x40, 0xfe, 
    0xa6, 0x08, 0xdf, 0xe7, 0xff, 0x54, 0x00, 0x00, 
    0x00, 0x00, 0x0e, 0xe0, 0xe4, 0x11, 0x7b, 0xe9, 
    0x7a, 0xff, 0x54, 0x00, 0x00, 0x00, 0x00, 0x9f, 
    0xff, 0x46, 0x11, 0xf4, 0x6e, 0x70, 0xff, 0x58, 
    0x00, 0x00, 0x00, 0x4f, 0xff, 0x95, 0x00, 0x31, 
    0xff, 0xff, 0xff, 0xff, 0xff, 0x11, 0x00, 0x15, 
    0xe9, 0xda, 0x0a, 0x00, 0x04, 0x33, 0x34, 0x8a, 
    0xff, 0x75, 0x00, 0x00, 0x4e, 0xae, 0x32, 0x00, 
    0x00, 0x00, 0x00, 0x00, 0x1b, 0x51, 0x13, 0x00, 
    0x00, 0x00, 0x00, 0x43, 0xac, 0x5b, 0x00, 0x00, 
    0x00, 0x00, 0x00, 0xa5, 0xff, 0xc8, 0x00, 0x00, 
    0x00, 0x00, 0x00, 0x70, 0xf9, 0x94, 0x00, 0x00, 
    0x00, 0x00, 0x00, 0x00, 0x00, 0x00, 0x00, 0x00, 
    0x00, 0x00, 0x00, 0x50, 0xfa, 0x96, 0x00, 0x00, 
    0x00, 0x00, 0x00, 0x69, 0xff, 0xa8, 0x00, 0x00, 
    0x00, 0x0b, 0x90, 0xe6, 0xff, 0xb0, 0x00, 0x00, 
    0x00, 0xb3, 0xff, 0xe6, 0x82, 0x38, 0x00, 0x00, 
    0x1d, 0xff, 0xff, 0x3b, 0x00, 0x00, 0x00, 0x00, 
    0x3a, 0xff, 0xff, 0x1c, 0x00, 0x00, 0x00, 0x00, 
    0x18, 0xff, 0xff, 0x85, 0x00, 0x00, 0x30, 0x18, 
    0x00, 0xa0, 0xff, 0xff, 0xeb, 0xe5, 0xff, 0x4f, 
    0x00, 0x08, 0x88, 0xe0, 0xfb, 0xe8, 0xa6, 0x16, 
    0x00, 0x00, 0x57, 0x7e, 0x34, 0x00, 0x00, 0x00, 
    0x00, 0x00, 0x00, 0x00, 0x00, 0x37, 0xe8, 0xf3, 
    0x36, 0x00, 0x00, 0x00, 0x00, 0x00, 0x00, 0x00, 
    0x00, 0x1f, 0xcc, 0xea, 0x18, 0x00, 0x00, 0x00, 
    0x00, 0x00, 0x00, 0x00, 0x00, 0x00, 0x00, 0x00, 
    0x00, 0x00, 0x00, 0x00, 0x00, 0x00, 0x00, 0x24, 
    0xf7, 0xff, 0xee, 0x12, 0x00, 0x00, 0x00, 0x00, 
    0x00, 0x00, 0x7a, 0xff, 0xff, 0xff, 0x63, 0x00, 
    0x00, 0x00, 0x00, 0x00, 0x00, 0xd0, 0xff, 0xbd, 
    0xff, 0xb8, 0x00, 0x00, 0x00, 0x00, 0x00, 0x25, 
    0xff, 0xe0, 0x3a, 0xff, 0xfb, 0x12, 0x00, 0x00, 
    0x00, 0x00, 0x7a, 0xff, 0x8f, 0x01, 0xe6, 0xff, 
    0x63, 0x00, 0x00, 0x00, 0x00, 0xcf, 0xff, 0x3d, 
    0x00, 0x96, 0xff, 0xb8, 0x00, 0x00, 0x00, 0x24, 
    0xff, 0xe9, 0x02, 0x00, 0x45, 0xff, 0xfb, 0x12, 
    0x00, 0x00, 0x79, 0xff, 0xf6, 0xdc, 0xdc, 0xdf, 
    0xff, 0xff, 0x62, 0x00, 0x00, 0xce, 0xff, 0xff, 
    0xff, 0xff, 0xff, 0xff, 0xff, 0xb7, 0x00, 0x23, 
    0xff, 0xfc, 0x12, 0x00, 0x00, 0x00, 0x5f, 0xff, 
    0xfa, 0x12, 0x78, 0xff, 0xc5, 0x00, 0x00, 0x00, 
    0x00, 0x15, 0xfd, 0xff, 0x62, 0xae, 0xfd, 0x70, 
    0x00, 0x00, 0x00, 0x00, 0x00, 0xc0, 0xff, 0x99, 
    0x00, 0x00, 0x00, 0x00, 0x00, 0x04, 0x6c, 0x7b, 
    0x1c, 0x00, 0x00, 0x00, 0x00, 0x00, 0x00, 0x01, 
    0xa3, 0xff, 0x9d, 0x05, 0x00, 0x00, 0x00, 0x00, 
    0x00, 0x00, 0x82, 0xf6, 0x77, 0x00, 0x00, 0x00, 
    0x00, 0x00, 0x00, 0x00, 0x00, 0x00, 0x00, 0x00, 
    0x00, 0x00, 0x00, 0x00, 0x00, 0x00, 0x00, 0x24, 
    0xf7, 0xff, 0xee, 0x12, 0x00, 0x00, 0x00, 0x00, 
    0x00, 0x00, 0x7a, 0xff, 0xff, 0xff, 0x63, 0x00, 
    0x00, 0x00, 0x00, 0x00, 0x00, 0xd0, 0xff, 0xbd, 
    0xff, 0xb8, 0x00, 0x00, 0x00, 0x00, 0x00, 0x25, 
    0xff, 0xe0, 0x3a, 0xff, 0xfb, 0x12, 0x00, 0x00, 
    0x00, 0x00, 0x7a, 0xff, 0x8f, 0x01, 0xe6, 0xff, 
    0x63, 0x00, 0x00, 0x00, 0x00, 0xcf, 0xff, 0x3d, 
    0x00, 0x96, 0xff, 0xb8, 0x00, 0x00, 0x00, 0x24, 
    0xff, 0xe9, 0x02, 0x00, 0x45, 0xff, 0xfb, 0x12, 
    0x00, 0x00, 0x79, 0xff, 0xf6, 0xdc, 0xdc, 0xdf, 
    0xff, 0xff, 0x62, 0x00, 0x00, 0xce, 0xff, 0xff, 
    0xff, 0xff, 0xff, 0xff, 0xff, 0xb7, 0x00, 0x23, 
    0xff, 0xfc, 0x12, 0x00, 0x00, 0x00, 0x5f, 0xff, 
    0xfa, 0x12, 0x78, 0xff, 0xc5, 0x00, 0x00, 0x00, 
    0x00, 0x15, 0xfd, 0xff, 0x62, 0xae, 0xfd, 0x70, 
    0x00, 0x00, 0x00, 0x00, 0x00, 0xc0, 0xff, 0x99, 
    0x00, 0x00, 0x00, 0x00, 0x59, 0x7f, 0x4f, 0x00, 
    0x00, 0x00, 0x00, 0x00, 0x00, 0x00, 0x7e, 0xff, 
    0xdb, 0xff, 0x6b, 0x00, 0x00, 0x00, 0x00, 0x00, 
    0x65, 0xfe, 0x9c, 0x05, 0xae, 0xfe, 0x57, 0x00, 
    0x00, 0x00, 0x00, 0x00, 0x00, 0x00, 0x00, 0x00, 
    0x00, 0x00, 0x00, 0x00, 0x00, 0x00, 0x00, 0x24, 
    0xf7, 0xff, 0xee, 0x12, 0x00, 0x00, 0x00, 0x00, 
    0x00, 0x00, 0x7a, 0xff, 0xff, 0xff, 0x63, 0x00, 
    0x00, 0x00, 0x00, 0x00, 0x00, 0xd0, 0xff, 0xbd, 
    0xff, 0xb8, 0x00, 0x00, 0x00, 0x00, 0x00, 0x25, 
    0xff, 0xe0, 0x3a, 0xff, 0xfb, 0x12, 0x00, 0x00, 
    0x00, 0x00, 0x7a, 0xff, 0x8f, 0x01, 0xe6, 0xff, 
    0x63, 0x00, 0x00, 0x00, 0x00, 0xcf, 0xff, 0x3d, 
    0x00, 0x96, 0xff, 0xb8, 0x00, 0x00, 0x00, 0x24, 
    0xff, 0xe9, 0x02, 0x00, 0x45, 0xff, 0xfb, 0x12, 
    0x00, 0x00, 0x79, 0xff, 0xf6, 0xdc, 0xdc, 0xdf, 
    0xff, 0xff, 0x62, 0x00, 0x00, 0xce, 0xff, 0xff, 
    0xff, 0xff, 0xff, 0xff, 0xff, 0xb7, 0x00, 0x23, 
    0xff, 0xfc, 0x12, 0x00, 0x00, 0x00, 0x5f, 0xff, 
    0xfa, 0x12, 0x78, 0xff, 0xc5, 0x00, 0x00, 0x00, 
    0x00, 0x15, 0xfd, 0xff, 0x62, 0xae, 0xfd, 0x70, 
    0x00, 0x00, 0x00, 0x00, 0x00, 0xc0, 0xff, 0x99, 
    0x00, 0x00, 0x31, 0xd6, 0xf9, 0xd8, 0xa2, 0xe6, 
    0x8f, 0x00, 0x00, 0x00, 0x00, 0x93, 0xe9, 0xa7, 
    0xdc, 0xfa, 0xda, 0x31, 0x00, 0x00, 0x00, 0x00, 
    0x00, 0x00, 0x00, 0x00, 0x00, 0x00, 0x00, 0x00, 
    0x00, 0x00, 0x00, 0x00, 0x24, 0xf7, 0xff, 0xee, 
    0x12, 0x00, 0x00, 0x00, 0x00, 0x00, 0x00, 0x7a, 
    0xff, 0xff, 0xff, 0x63, 0x00, 0x00, 0x00, 0x00, 
    0x00, 0x00, 0xd0, 0xff, 0xbd, 0xff, 0xb8, 0x00, 
    0x00, 0x00, 0x00, 0x00, 0x25, 0xff, 0xe0, 0x3a, 
    0xff, 0xfb, 0x12, 0x00, 0x00, 0x00, 0x00, 0x7a, 
    0xff, 0x8f, 0x01, 0xe6, 0xff, 0x63, 0x00, 0x00, 
    0x00, 0x00, 0xcf, 0xff, 0x3d, 0x00, 0x96, 0xff, 
    0xb8, 0x00, 0x00, 0x00, 0x24, 0xff, 0xe9, 0x02, 
    0x00, 0x45, 0xff, 0xfb, 0x12, 0x00, 0x00, 0x79, 
    0xff, 0xf6, 0xdc, 0xdc, 0xdf, 0xff, 0xff, 0x62, 
    0x00, 0x00, 0xce, 0xff, 0xff, 0xff, 0xff, 0xff, 
    0xff, 0xff, 0xb7, 0x00, 0x23, 0xff, 0xfc, 0x12, 
    0x00, 0x00, 0x00, 0x5f, 0xff, 0xfa, 0x12, 0x78, 
    0xff, 0xc5, 0x00, 0x00, 0x00, 0x00, 0x15, 0xfd, 
    0xff, 0x62, 0xae, 0xfd, 0x70, 0x00, 0x00, 0x00, 
    0x00, 0x00, 0xc0, 0xff, 0x99, 0x00, 0x00, 0x0a, 
    0x40, 0x13, 0x00, 0x14, 0x40, 0x0a, 0x00, 0x00, 
    0x00, 0x00, 0x87, 0xff, 0xa8, 0x00, 0xb0, 0xff, 
    0x80, 0x00, 0x00, 0x00, 0x00, 0x6a, 0xf9, 0x86, 
    0x00, 0x90, 0xf8, 0x60, 0x00, 0x00, 0x00, 0x00, 
    0x00, 0x00, 0x00, 0x00, 0x00, 0x00, 0x00, 0x00, 
    0x00, 0x00, 0x00, 0x00, 0x24, 0xf7, 0xff, 0xee, 
    0x12, 0x00, 0x00, 0x00, 0x00, 0x00, 0x00, 0x7a, 
    0xff, 0xff, 0xff, 0x63, 0x00, 0x00, 0x00, 0x00, 
    0x00, 0x00, 0xd0, 0xff, 0xbd, 0xff, 0xb8, 0x00, 
    0x00, 0x00, 0x00, 0x00, 0x25, 0xff, 0xe0, 0x3a, 
    0xff, 0xfb, 0x12, 0x00, 0x00, 0x00, 0x00, 0x7a, 
    0xff, 0x8f, 0x01, 0xe6, 0xff, 0x63, 0x00, 0x00, 
    0x00, 0x00, 0xcf, 0xff, 0x3d, 0x00, 0x96, 0xff, 
    0xb8, 0x00, 0x00, 0x00, 0x24, 0xff, 0xe9, 0x02, 
    0x00, 0x45, 0xff, 0xfb, 0x12, 0x00, 0x00, 0x79, 
    0xff, 0xf6, 0xdc, 0xdc, 0xdf, 0xff, 0xff, 0x62, 
    0x00, 0x00, 0xce, 0xff, 0xff, 0xff, 0xff, 0xff, 
    0xff, 0xff, 0xb7, 0x00, 0x23, 0xff, 0xfc, 0x12, 
    0x00, 0x00, 0x00, 0x5f, 0xff, 0xfa, 0x12, 0x78, 
    0xff, 0xc5, 0x00, 0x00, 0x00, 0x00, 0x15, 0xfd, 
    0xff, 0x62, 0xae, 0xfd, 0x70, 0x00, 0x00, 0x00, 
    0x00, 0x00, 0xc0, 0xff, 0x99, 0x00, 0x00, 0x00, 
    0x24, 0xbd, 0xe4, 0xc2, 0x26, 0x00, 0x00, 0x00, 
    0x00, 0x00, 0x00, 0x8d, 0xdf, 0x2c, 0xe6, 0x85, 
    0x00, 0x00, 0x00, 0x00, 0x00, 0x00, 0x44, 0xf1, 
    0xf8, 0xe7, 0x34, 0x00, 0x00, 0x00, 0x00, 0x00, 
    0x00, 0x00, 0x04, 0x14, 0x01, 0x00, 0x00, 0x00, 
    0x00, 0x00, 0x00, 0x00, 0x24, 0xf7, 0xff, 0xee, 
    0x12, 0x00, 0x00, 0x00, 0x00, 0x00, 0x00, 0x7a, 
    0xff, 0xff, 0xff, 0x63, 0x00, 0x00, 0x00, 0x00, 
    0x00, 0x00, 0xd0, 0xff, 0xbd, 0xff, 0xb8, 0x00, 
    0x00, 0x00, 0x00, 0x00, 0x25, 0xff, 0xe0, 0x3a, 
    0xff, 0xfb, 0x12, 0x00, 0x00, 0x00, 0x00, 0x7a, 
    0xff, 0x8f, 0x01, 0xe6, 0xff, 0x63, 0x00, 0x00, 
    0x00, 0x00, 0xcf, 0xff, 0x3d, 0x00, 0x96, 0xff, 
    0xb8, 0x00, 0x00, 0x00, 0x24, 0xff, 0xe9, 0x02, 
    0x00, 0x45, 0xff, 0xfb, 0x12, 0x00, 0x00, 0x79, 
    0xff, 0xf6, 0xdc, 0xdc, 0xdf, 0xff, 0xff, 0x62, 
    0x00, 0x00, 0xce, 0xff, 0xff, 0xff, 0xff, 0xff, 
    0xff, 0xff, 0xb7, 0x00, 0x23, 0xff, 0xfc, 0x12, 
    0x00, 0x00, 0x00, 0x5f, 0xff, 0xfa, 0x12, 0x78, 
    0xff, 0xc5, 0x00, 0x00, 0x00, 0x00, 0x15, 0xfd, 
    0xff, 0x62, 0xae, 0xfd, 0x70, 0x00, 0x00, 0x00, 
    0x00, 0x00, 0xc0, 0xff, 0x99, 0x00, 0x00, 0x00, 
    0x00, 0x00, 0x2f, 0xf5, 0xff, 0xff, 0xff, 0xff, 
    0xff, 0xff, 0xfb, 0x0c, 0x00, 0x00, 0x00, 0x00, 
    0x00, 0xaa, 0xff, 0xfd, 0xff, 0xf5, 0xdc, 0xdc, 
    0xdc, 0xd7, 0x09, 0x00, 0x00, 0x00, 0x00, 0x25, 
    0xfd, 0xfb, 0xb0, 0xff, 0xb4, 0x00, 0x00, 0x00, 
    0x00, 0x00, 0x00, 0x00, 0x00, 0x00, 0x9d, 0xff, 
    0xa8, 0x94, 0xff, 0xb4, 0x00, 0x00, 0x00, 0x00, 
    0x00, 0x00, 0x00, 0x00, 0x1c, 0xf9, 0xff, 0x39, 
    0x94, 0xff, 0xb4, 0x00, 0x00, 0x00, 0x00, 0x00, 
    0x00, 0x00, 0x00, 0x90, 0xff, 0xca, 0x00, 0x94, 
    0xff, 0xff, 0xff, 0xff, 0xff, 0x6c, 0x00, 0x00, 
    0x00, 0x14, 0xf5, 0xff, 0x5a, 0x00, 0x94, 0xff, 
    0xf6, 0xe0, 0xe0, 0xe0, 0x5c, 0x00, 0x00, 0x00, 
    0x83, 0xff, 0xe6, 0x05, 0x00, 0x94, 0xff, 0xb4, 
    0x00, 0x00, 0x00, 0x00, 0x00, 0x00, 0x0d, 0xef, 
    0xff, 0xff, 0xff, 0xff, 0xff, 0xff, 0xb4, 0x00, 
    0x00, 0x00, 0x00, 0x00, 0x00, 0x76, 0xff, 0xfd, 
    0xd8, 0xd8, 0xd8, 0xef, 0xff, 0xb4, 0x00, 0x00, 
    0x00, 0x00, 0x00, 0x08, 0xe7, 0xff, 0x9b, 0x00, 
    0x00, 0x00, 0x94, 0xff, 0xf7, 0xe4, 0xe4, 0xe4, 
    0xe1, 0x11, 0x4c, 0xff, 0xe8, 0x17, 0x00, 0x00, 
    0x00, 0x79, 0xff, 0xff, 0xff, 0xff, 0xff, 0xfd, 
    0x15, 0x00, 0x00, 0x04, 0x69, 0xca, 0xf4, 0xf1, 
    0xba, 0x47, 0x00, 0x00, 0x03, 0xb4, 0xff, 0xff, 
    0xff, 0xff, 0xff, 0xfc, 0x09, 0x00, 0x75, 0xff, 
    0xff, 0xa1, 0x1e, 0x18, 0x5d, 0xdf, 0x09, 0x01, 
    0xe5, 0xff, 0xc5, 0x00, 0x00, 0x00, 0x00, 0x00, 
    0x00, 0x28, 0xff, 0xff, 0x61, 0x00, 0x00, 0x00, 
    0x00, 0x00, 0x00, 0x46, 0xff, 0xff, 0x3e, 0x00, 
    0x00, 0x00, 0x00, 0x00, 0x00, 0x49, 0xff, 0xff, 
    0x36, 0x00, 0x00, 0x00, 0x00, 0x00, 0x00, 0x31, 
    0xff, 0xff, 0x58, 0x00, 0x00, 0x00, 0x00, 0x00, 
    0x00, 0x05, 0xf2, 0xff, 0xbf, 0x00, 0x00, 0x00, 
    0x00, 0x00, 0x00, 0x00, 0x90, 0xff, 0xff, 0x9f, 
    0x32, 0x1f, 0x58, 0xd4, 0x12, 0x00, 0x0d, 0xcb, 
    0xff, 0xff, 0xff, 0xff, 0xff, 0xfb, 0x0e, 0x00, 
    0x00, 0x08, 0x6d, 0xc1, 0xff, 0xed, 0xaa, 0x3a, 
    0x00, 0x00, 0x00, 0x00, 0x00, 0x04, 0xe7, 0xd3, 
    0x00, 0x00, 0x00, 0x00, 0x00, 0x00, 0x4a, 0x92, 
    0xf0, 0xfd, 0x05, 0x00, 0x00, 0x00, 0x00, 0x00, 
    0x6d, 0xf0, 0xf4, 0x89, 0x00, 0x00, 0x00, 0x00, 
    0x33, 0x7d, 0x4d, 0x00, 0x00, 0x00, 0x00, 0x00, 
    0x23, 0xe5, 0xfe, 0x4a, 0x00, 0x00, 0x00, 0x00, 
    0x00, 0x26, 0xe7, 0xee, 0x22, 0x00, 0x00, 0x00, 
    0x00, 0x00, 0x23, 0x7b, 0x3c, 0x00, 0x00, 0x00, 
    0x9f, 0xff, 0xff, 0xff, 0xff, 0xff, 0xe0, 0x00, 
    0xc4, 0xff, 0xf3, 0xe4, 0xe4, 0xe4, 0xc6, 0x00, 
    0xc4, 0xff, 0x8c, 0x00, 0x00, 0x00, 0x00, 0x00, 
    0xc4, 0xff, 0x8c, 0x00, 0x00, 0x00, 0x00, 0x00, 
    0xc4, 0xff, 0x8c, 0x00, 0x00, 0x00, 0x00, 0x00, 
    0xc4, 0xff, 0xff, 0xff, 0xff, 0xff, 0x44, 0x00, 
    0xc4, 0xff, 0xed, 0xd8, 0xd8, 0xd7, 0x37, 0x00, 
    0xc4, 0xff, 0x8c, 0x00, 0x00, 0x00, 0x00, 0x00, 
    0xc4, 0xff, 0x8c, 0x00, 0x00, 0x00, 0x00, 0x00, 
    0xc4, 0xff, 0x8c, 0x00, 0x00, 0x00, 0x00, 0x00, 
    0xc4, 0xff, 0xf3, 0xe4, 0xe4, 0xe4, 0xcf, 0x00, 
    0xa0, 0xff, 0xff, 0xff, 0xff, 0xff, 0xec, 0x00, 
    0x00, 0x00, 0x00, 0x3e, 0x7e, 0x40, 0x00, 0x00, 
    0x00, 0x31, 0xf7, 0xf1, 0x36, 0x00, 0x00, 0x12, 
    0xdf, 0xf3, 0x3a, 0x00, 0x00, 0x00, 0x2d, 0x7d, 
    0x31, 0x00, 0x00, 0x9f, 0xff, 0xff, 0xff, 0xff, 
    0xff, 0xe0, 0xc4, 0xff, 0xf3, 0xe4, 0xe4, 0xe4, 
    0xc6, 0xc4, 0xff, 0x8c, 0x00, 0x00, 0x00, 0x00, 
    0xc4, 0xff, 0x8c, 0x00, 0x00, 0x00, 0x00, 0xc4, 
    0xff, 0x8c, 0x00, 0x00, 0x00, 0x00, 0xc4, 0xff, 
    0xff, 0xff, 0xff, 0xff, 0x44, 0xc4, 0xff, 0xed, 
    0xd8, 0xd8, 0xd7, 0x37, 0xc4, 0xff, 0x8c, 0x00, 
    0x00, 0x00, 0x00, 0xc4, 0xff, 0x8c, 0x00, 0x00, 
    0x00, 0x00, 0xc4, 0xff, 0x8c, 0x00, 0x00, 0x00, 
    0x00, 0xc4, 0xff, 0xf3, 0xe4, 0xe4, 0xe4, 0xcf, 
    0xa0, 0xff, 0xff, 0xff, 0xff, 0xff, 0xec, 0x00, 
    0x00, 0x00, 0x41, 0x7f, 0x5b, 0x00, 0x00, 0x00, 
    0x00, 0x3b, 0xfa, 0xfa, 0xff, 0x62, 0x00, 0x00, 
    0x1a, 0xe7, 0xf0, 0x30, 0xd6, 0xf9, 0x3a, 0x00, 
    0x3b, 0x7f, 0x39, 0x00, 0x24, 0x7e, 0x56, 0x00, 
    0x9f, 0xff, 0xff, 0xff, 0xff, 0xff, 0xe0, 0x00, 
    0xc4, 0xff, 0xf3, 0xe4, 0xe4, 0xe4, 0xc6, 0x00, 
    0xc4, 0xff, 0x8c, 0x00, 0x00, 0x00, 0x00, 0x00, 
    0xc4, 0xff, 0x8c, 0x00, 0x00, 0x00, 0x00, 0x00, 
    0xc4, 0xff, 0x8c, 0x00, 0x00, 0x00, 0x00, 0x00, 
    0xc4, 0xff, 0xff, 0xff, 0xff, 0xff, 0x44, 0x00, 
    0xc4, 0xff, 0xed, 0xd8, 0xd8, 0xd7, 0x37, 0x00, 
    0xc4, 0xff, 0x8c, 0x00, 0x00, 0x00, 0x00, 0x00, 
    0xc4, 0xff, 0x8c, 0x00, 0x00, 0x00, 0x00, 0x00, 
    0xc4, 0xff, 0x8c, 0x00, 0x00, 0x00, 0x00, 0x00, 
    0xc4, 0xff, 0xf3, 0xe4, 0xe4, 0xe4, 0xcf, 0x00, 
    0xa0, 0xff, 0xff, 0xff, 0xff, 0xff, 0xec, 0x00, 
    0x03, 0x3d, 0x1d, 0x00, 0x0a, 0x40, 0x13, 0x00, 
    0x5c, 0xff, 0xd4, 0x00, 0x84, 0xff, 0xa8, 0x00, 
    0x42, 0xf6, 0xb0, 0x00, 0x68, 0xf9, 0x86, 0x00, 
    0x00, 0x00, 0x00, 0x00, 0x00, 0x00, 0x00, 0x00, 
    0x9f, 0xff, 0xff, 0xff, 0xff, 0xff, 0xe0, 0x00, 
    0xc4, 0xff, 0xf3, 0xe4, 0xe4, 0xe4, 0xc6, 0x00, 
    0xc4, 0xff, 0x8c, 0x00, 0x00, 0x00, 0x00, 0x00, 
    0xc4, 0xff, 0x8c, 0x00, 0x00, 0x00, 0x00, 0x00, 
    0xc4, 0xff, 0x8c, 0x00, 0x00, 0x00, 0x00, 0x00, 
    0xc4, 0xff, 0xff, 0xff, 0xff, 0xff, 0x44, 0x00, 
    0xc4, 0xff, 0xed, 0xd8, 0xd8, 0xd7, 0x37, 0x00, 
    0xc4, 0xff, 0x8c, 0x00, 0x00, 0x00, 0x00, 0x00, 
    0xc4, 0xff, 0x8c, 0x00, 0x00, 0x00, 0x00, 0x00, 
    0xc4, 0xff, 0x8c, 0x00, 0x00, 0x00, 0x00, 0x00, 
    0xc4, 0xff, 0xf3, 0xe4, 0xe4, 0xe4, 0xcf, 0x00, 
    0xa0, 0xff, 0xff, 0xff, 0xff, 0xff, 0xec, 0x00, 
    0x37, 0x7e, 0x54, 0x00, 0x00, 0x00, 0x15, 0xc6, 
    0xff, 0x6d, 0x00, 0x00, 0x00, 0x07, 0xa2, 0xfa, 
    0x4a, 0x00, 0x00, 0x00, 0x00, 0x00, 0x00, 0x00, 
    0x00, 0x00, 0xb0, 0xfc, 0x7e, 0x00, 0x00, 0x00, 
    0xc4, 0xff, 0x90, 0x00, 0x00, 0x00, 0xc4, 0xff, 
    0x90, 0x00, 0x00, 0x00, 0xc4, 0xff, 0x90, 0x00, 
    0x00, 0x00, 0xc4, 0xff, 0x90, 0x00, 0x00, 0x00, 
    0xc4, 0xff, 0x90, 0x00, 0x00, 0x00, 0xc4, 0xff, 
    0x90, 0x00, 0x00, 0x00, 0xc4, 0xff, 0x90, 0x00, 
    0x00, 0x00, 0xc4, 0xff, 0x90, 0x00, 0x00, 0x00, 
    0xc4, 0xff, 0x90, 0x00, 0x00, 0x00, 0xc4, 0xff, 
    0x90, 0x00, 0x00, 0x00, 0xaf, 0xfc, 0x7d, 0x00, 
    0x00, 0x04, 0x6c, 0x7b, 0x1c, 0x00, 0x01, 0xa3, 
    0xff, 0x9d, 0x05, 0x00, 0x82, 0xf6, 0x77, 0x00, 
    0x00, 0x00, 0x00, 0x00, 0x00, 0x00, 0x00, 0x00, 
    0xb0, 0xfc, 0x7e, 0x00, 0x00, 0x00, 0xc4, 0xff, 
    0x90, 0x00, 0x00, 0x00, 0xc4, 0xff, 0x90, 0x00, 
    0x00, 0x00, 0xc4, 0xff, 0x90, 0x00, 0x00, 0x00, 
    0xc4, 0xff, 0x90, 0x00, 0x00, 0x00, 0xc4, 0xff, 
    0x90, 0x00, 0x00, 0x00, 0xc4, 0xff, 0x90, 0x00, 
    0x00, 0x00, 0xc4, 0xff, 0x90, 0x00, 0x00, 0x00, 
    0xc4, 0xff, 0x90, 0x00, 0x00, 0x00, 0xc4, 0xff, 
    0x90, 0x00, 0x00, 0x00, 0xc4, 0xff, 0x90, 0x00, 
    0x00, 0x00, 0xaf, 0xfc, 0x7d, 0x00, 0x00, 0x00, 
    0x00, 0x01, 0x62, 0x7f, 0x46, 0x00, 0x00, 0x00, 
    0x00, 0x91, 0xff, 0xdb, 0xfd, 0x59, 0x00, 0x00, 
    0x79, 0xfe, 0x8d, 0x08, 0xbb, 0xfb, 0x46, 0x00, 
    0x00, 0x00, 0x00, 0x00, 0x00, 0x00, 0x00, 0x00, 
    0x00, 0x00, 0xb0, 0xfc, 0x7e, 0x00, 0x00, 0x00, 
    0x00, 0x00, 0xc4, 0xff, 0x90, 0x00, 0x00, 0x00, 
    0x00, 0x00, 0xc4, 0xff, 0x90, 0x00, 0x00, 0x00, 
    0x00, 0x00, 0xc4, 0xff, 0x90, 0x00, 0x00, 0x00, 
    0x00, 0x00, 0xc4, 0xff, 0x90, 0x00, 0x00, 0x00, 
    0x00, 0x00, 0xc4, 0xff, 0x90, 0x00, 0x00, 0x00, 
    0x00, 0x00, 0xc4, 0xff, 0x90, 0x00, 0x00, 0x00, 
    0x00, 0x00, 0xc4, 0xff, 0x90, 0x00, 0x00, 0x00, 
    0x00, 0x00, 0xc4, 0xff, 0x90, 0x00, 0x00, 0x00, 
    0x00, 0x00, 0xc4, 0xff, 0x90, 0x00, 0x00, 0x00, 
    0x00, 0x00, 0xc4, 0xff, 0x90, 0x00, 0x00, 0x00, 
    0x00, 0x00, 0xaf, 0xfc, 0x7d, 0x00, 0x00, 0x00, 
    0x0f, 0x40, 0x0e, 0x00, 0x19, 0x3f, 0x06, 0x00, 
    0x9b, 0xff, 0x94, 0x00, 0xc4, 0xff, 0x6c, 0x00, 
    0x7d, 0xf9, 0x73, 0x00, 0xa3, 0xf7, 0x4e, 0x00, 
    0x00, 0x00, 0x00, 0x00, 0x00, 0x00, 0x00, 0x00, 
    0x00, 0x00, 0xb0, 0xfc, 0x7e, 0x00, 0x00, 0x00, 
    0x00, 0x00, 0xc4, 0xff, 0x90, 0x00, 0x00, 0x00, 
    0x00, 0x00, 0xc4, 0xff, 0x90, 0x00, 0x00, 0x00, 
    0x00, 0x00, 0xc4, 0xff, 0x90, 0x00, 0x00, 0x00, 
    0x00, 0x00, 0xc4, 0xff, 0x90, 0x00, 0x00, 0x00, 
    0x00, 0x00, 0xc4, 0xff, 0x90, 0x00, 0x00, 0x00, 
    0x00, 0x00, 0xc4, 0xff, 0x90, 0x00, 0x00, 0x00, 
    0x00, 0x00, 0xc4, 0xff, 0x90, 0x00, 0x00, 0x00, 
    0x00, 0x00, 0xc4, 0xff, 0x90, 0x00, 0x00, 0x00, 
    0x00, 0x00, 0xc4, 0xff, 0x90, 0x00, 0x00, 0x00, 
    0x00, 0x00, 0xc4, 0xff, 0x90, 0x00, 0x00, 0x00, 
    0x00, 0x00, 0xaf, 0xfc, 0x7d, 0x00, 0x00, 0x00, 
    0x75, 0xff, 0xff, 0xff, 0xf7, 0xdc, 0x9b, 0x2b, 
    0x00, 0x00, 0x00, 0x98, 0xff, 0xf7, 0xe4, 0xf1, 
    0xff, 0xff, 0xf9, 0x57, 0x00, 0x00, 0x98, 0xff, 
    0xb4, 0x00, 0x00, 0x37, 0xdd, 0xff, 0xf6, 0x1d, 
    0x00, 0x98, 0xff, 0xb4, 0x00, 0x00, 0x00, 0x25, 
    0xfc, 0xff, 0x81, 0x00, 0x98, 0xff, 0xb4, 0x00, 
    0x00, 0x00, 0x00, 0xbc, 0xff, 0xbd, 0xd1, 0xff, 
    0xff, 0xff, 0xff, 0xb8, 0x00, 0x00, 0x98, 0xff, 
    0xd5, 0xb6, 0xf3, 0xff, 0xf6, 0xe0, 0x9f, 0x00, 
    0x00, 0x95, 0xff, 0xcf, 0x00, 0x98, 0xff, 0xb4, 
    0x00, 0x00, 0x00, 0x00, 0xbb, 0xff, 0xb5, 0x00, 
    0x98, 0xff, 0xb4, 0x00, 0x00, 0x00, 0x26, 0xfd, 
    0xff, 0x76, 0x00, 0x98, 0xff, 0xb4, 0x00, 0x00, 
    0x39, 0xd8, 0xff, 0xf2, 0x15, 0x00, 0x98, 0xff, 
    0xf8, 0xe8, 0xf3, 0xff, 0xff, 0xf7, 0x4f, 0x00, 
    0x00, 0x77, 0xff, 0xff, 0xff, 0xf5, 0xd9, 0x99, 
    0x28, 0x00, 0x00, 0x00, 0x01, 0x9e, 0xf4, 0xed, 
    0xb6, 0xbc, 0xf8, 0x05, 0x00, 0x00, 0x26, 0xfd, 
    0xb5, 0xc2, 0xf2, 0xf3, 0x87, 0x00, 0x00, 0x00, 
    0x00, 0x00, 0x00, 0x00, 0x00, 0x00, 0x00, 0x00, 
    0x00, 0x92, 0xff, 0xf8, 0x71, 0x00, 0x00, 0x00, 
    0x69, 0xfb, 0x8e, 0xc4, 0xff, 0xff, 0xf7, 0x1a, 
    0x00, 0x00, 0x78, 0xff, 0xa0, 0xc4, 0xff, 0xf9, 
    0xff, 0x93, 0x00, 0x00, 0x78, 0xff, 0xa0, 0xc4, 
    0xff, 0xad, 0xff, 0xf8, 0x1c, 0x00, 0x78, 0xff, 
    0xa0, 0xc4, 0xff, 0x57, 0xe8, 0xff, 0x96, 0x00, 
    0x78, 0xff, 0xa0, 0xc4, 0xff, 0x53, 0x73, 0xff, 
    0xf9, 0x1d, 0x78, 0xff, 0xa0, 0xc4, 0xff, 0x54, 
    0x0a, 0xe8, 0xff, 0x94, 0x76, 0xff, 0xa0, 0xc4, 
    0xff, 0x54, 0x00, 0x71, 0xff, 0xf6, 0x88, 0xff, 
    0xa0, 0xc4, 0xff, 0x54, 0x00, 0x09, 0xe7, 0xff, 
    0xe5, 0xff, 0xa0, 0xc4, 0xff, 0x54, 0x00, 0x00, 
    0x6f, 0xff, 0xff, 0xff, 0xa0, 0xc4, 0xff, 0x54, 
    0x00, 0x00, 0x08, 0xe5, 0xff, 0xff, 0xa0, 0xb2, 
    0xfa, 0x46, 0x00, 0x00, 0x00, 0x53, 0xf4, 0xfe, 
    0x78, 0x00, 0x00, 0x00, 0x6b, 0x7c, 0x22, 0x00, 
    0x00, 0x00, 0x00, 0x00, 0x00, 0x00, 0x00, 0x00, 
    0x52, 0xf5, 0xe2, 0x1e, 0x00, 0x00, 0x00, 0x00, 
    0x00, 0x00, 0x00, 0x00, 0x00, 0x34, 0xde, 0xd6, 
    0x06, 0x00, 0x00, 0x00, 0x00, 0x00, 0x00, 0x00, 
    0x00, 0x00, 0x00, 0x00, 0x00, 0x00, 0x00, 0x00, 
    0x00, 0x00, 0x00, 0x03, 0x66, 0xc5, 0xf0, 0xf9, 
    0xde, 0x99, 0x22, 0x00, 0x00, 0x00, 0x05, 0xb7, 
    0xff, 0xff, 0xff, 0xff, 0xff, 0xff, 0xef, 0x30, 
    0x00, 0x00, 0x7b, 0xff, 0xff, 0x84, 0x10, 0x06, 
    0x55, 0xf4, 0xff, 0xcd, 0x00, 0x01, 0xe8, 0xff, 
    0xa5, 0x00, 0x00, 0x00, 0x00, 0x6d, 0xff, 0xff, 
    0x2a, 0x27, 0xff, 0xff, 0x49, 0x00, 0x00, 0x00, 
    0x00, 0x19, 0xff, 0xff, 0x5e, 0x43, 0xff, 0xff, 
    0x2a, 0x00, 0x00, 0x00, 0x00, 0x02, 0xfc, 0xff, 
    0x71, 0x45, 0xff, 0xff, 0x2b, 0x00, 0x00, 0x00, 
    0x00, 0x03, 0xfd, 0xff, 0x6c, 0x32, 0xff, 0xff, 
    0x45, 0x00, 0x00, 0x00, 0x00, 0x22, 0xff, 0xff, 
    0x4f, 0x08, 0xf9, 0xff, 0x94, 0x00, 0x00, 0x00, 
    0x00, 0x7e, 0xff, 0xfb, 0x15, 0x00, 0xa4, 0xff, 
    0xfc, 0x70, 0x0f, 0x0c, 0x66, 0xfa, 0xff, 0xa2, 
    0x00, 0x00, 0x1a, 0xe1, 0xff, 0xff, 0xff, 0xff, 
    0xff, 0xff, 0xd1, 0x12, 0x00, 0x00, 0x00, 0x14, 
    0x8b, 0xd8, 0xf7, 0xf5, 0xd1, 0x7a, 0x0b, 0x00, 
    0x00, 0x00, 0x00, 0x00, 0x00, 0x00, 0x00, 0x1a, 
    0x7a, 0x72, 0x01, 0x00, 0x00, 0x00, 0x00, 0x00, 
    0x00, 0x00, 0x15, 0xd8, 0xfa, 0x61, 0x00, 0x00, 
    0x00, 0x00, 0x00, 0x00, 0x00, 0x01, 0xc8, 0xe5, 
    0x40, 0x00, 0x00, 0x00, 0x00, 0x00, 0x00, 0x00, 
    0x00, 0x00, 0x00, 0x00, 0x00, 0x00, 0x00, 0x00, 
    0x00, 0x00, 0x00, 0x03, 0x66, 0xc5, 0xf0, 0xf9, 
    0xde, 0x99, 0x22, 0x00, 0x00, 0x00, 0x05, 0xb7, 
    0xff, 0xff, 0xff, 0xff, 0xff, 0xff, 0xef, 0x30, 
    0x00, 0x00, 0x7b, 0xff, 0xff, 0x84, 0x10, 0x06, 
    0x55, 0xf4, 0xff, 0xcd, 0x00, 0x01, 0xe8, 0xff, 
    0xa5, 0x00, 0x00, 0x00, 0x00, 0x6d, 0xff, 0xff, 
    0x2a, 0x27, 0xff, 0xff, 0x49, 0x00, 0x00, 0x00, 
    0x00, 0x19, 0xff, 0xff, 0x5e, 0x43, 0xff, 0xff, 
    0x2a, 0x00, 0x00, 0x00, 0x00, 0x02, 0xfc, 0xff, 
    0x71, 0x45, 0xff, 0xff, 0x2b, 0x00, 0x00, 0x00, 
    0x00, 0x03, 0xfd, 0xff, 0x6c, 0x32, 0xff, 0xff, 
    0x45, 0x00, 0x00, 0x00, 0x00, 0x22, 0xff, 0xff, 
    0x4f, 0x08, 0xf9, 0xff, 0x94, 0x00, 0x00, 0x00, 
    0x00, 0x7e, 0xff, 0xfb, 0x15, 0x00, 0xa4, 0xff, 
    0xfc, 0x70, 0x0f, 0x0c, 0x66, 0xfa, 0xff, 0xa2, 
    0x00, 0x00, 0x1a, 0xe1, 0xff, 0xff, 0xff, 0xff, 
    0xff, 0xff, 0xd1, 0x12, 0x00, 0x00, 0x00, 0x14, 
    0x8b, 0xd8, 0xf7, 0xf5, 0xd1, 0x7a, 0x0b, 0x00, 
    0x00, 0x00, 0x00, 0x00, 0x00, 0x12, 0x77, 0x7c, 
    0x23, 0x00, 0x00, 0x00, 0x00, 0x00, 0x00, 0x00, 
    0x10, 0xcd, 0xf6, 0xe5, 0xe5, 0x24, 0x00, 0x00, 
    0x00, 0x00, 0x00, 0x01, 0xc3, 0xf4, 0x48, 0x29, 
    0xe8, 0xe1, 0x14, 0x00, 0x00, 0x00, 0x00, 0x00, 
    0x00, 0x00, 0x00, 0x00, 0x00, 0x00, 0x00, 0x00, 
    0x00, 0x00, 0x00, 0x03, 0x66, 0xc5, 0xf0, 0xf9, 
    0xde, 0x99, 0x22, 0x00, 0x00, 0x00, 0x05, 0xb7, 
    0xff, 0xff, 0xff, 0xff, 0xff, 0xff, 0xef, 0x30, 
    0x00, 0x00, 0x7b, 0xff, 0xff, 0x84, 0x10, 0x06, 
    0x55, 0xf4, 0xff, 0xcd, 0x00, 0x01, 0xe8, 0xff, 
    0xa5, 0x00, 0x00, 0x00, 0x00, 0x6d, 0xff, 0xff, 
    0x2a, 0x27, 0xff, 0xff, 0x49, 0x00, 0x00, 0x00, 
    0x00, 0x19, 0xff, 0xff, 0x5e, 0x43, 0xff, 0xff, 
    0x2a, 0x00, 0x00, 0x00, 0x00, 0x02, 0xfc, 0xff, 
    0x71, 0x45, 0xff, 0xff, 0x2b, 0x00, 0x00, 0x00, 
    0x00, 0x03, 0xfd, 0xff, 0x6c, 0x32, 0xff, 0xff, 
    0x45, 0x00, 0x00, 0x00, 0x00, 0x22, 0xff, 0xff, 
    0x4f, 0x08, 0xf9, 0xff, 0x94, 0x00, 0x00, 0x00, 
    0x00, 0x7e, 0xff, 0xfb, 0x15, 0x00, 0xa4, 0xff, 
    0xfc, 0x70, 0x0f, 0x0c, 0x66, 0xfa, 0xff, 0xa2, 
    0x00, 0x00, 0x1a, 0xe1, 0xff, 0xff, 0xff, 0xff, 
    0xff, 0xff, 0xd1, 0x12, 0x00, 0x00, 0x00, 0x14, 
    0x8b, 0xd8, 0xf7, 0xf5, 0xd1, 0x7a, 0x0b, 0x00, 
    0x00, 0x00, 0x00, 0x00, 0x1a, 0x87, 0x78, 0x13, 
    0x0e, 0x94, 0x1e, 0x00, 0x00, 0x00, 0x00, 0x00, 
    0xc9, 0xff, 0xff, 0xe9, 0xbc, 0xff, 0x27, 0x00, 
    0x00, 0x00, 0x00, 0x01, 0xf4, 0x6a, 0x45, 0xcd, 
    0xf3, 0x92, 0x00, 0x00, 0x00, 0x00, 0x00, 0x00, 
    0x00, 0x00, 0x00, 0x00, 0x00, 0x00, 0x00, 0x00, 
    0x00, 0x00, 0x00, 0x03, 0x66, 0xc5, 0xf0, 0xf9, 
    0xde, 0x99, 0x22, 0x00, 0x00, 0x00, 0x05, 0xb7, 
    0xff, 0xff, 0xff, 0xff, 0xff, 0xff, 0xef, 0x30, 
    0x00, 0x00, 0x7b, 0xff, 0xff, 0x84, 0x10, 0x06, 
    0x55, 0xf4, 0xff, 0xcd, 0x00, 0x01, 0xe8, 0xff, 
    0xa5, 0x00, 0x00, 0x00, 0x00, 0x6d, 0xff, 0xff, 
    0x2a, 0x27, 0xff, 0xff, 0x49, 0x00, 0x00, 0x00, 
    0x00, 0x19, 0xff, 0xff, 0x5e, 0x43, 0xff, 0xff, 
    0x2a, 0x00, 0x00, 0x00, 0x00, 0x02, 0xfc, 0xff, 
    0x71, 0x45, 0xff, 0xff, 0x2b, 0x00, 0x00, 0x00, 
    0x00, 0x03, 0xfd, 0xff, 0x6c, 0x32, 0xff, 0xff, 
    0x45, 0x00, 0x00, 0x00, 0x00, 0x22, 0xff, 0xff, 
    0x4f, 0x08, 0xf9, 0xff, 0x94, 0x00, 0x00, 0x00, 
    0x00, 0x7e, 0xff, 0xfb, 0x15, 0x00, 0xa4, 0xff, 
    0xfc, 0x70, 0x0f, 0x0c, 0x66, 0xfa, 0xff, 0xa2, 
    0x00, 0x00, 0x1a, 0xe1, 0xff, 0xff, 0xff, 0xff, 
    0xff, 0xff, 0xd1, 0x12, 0x00, 0x00, 0x00, 0x14, 
    0x8b, 0xd8, 0xf7, 0xf5, 0xd1, 0x7a, 0x0b, 0x00, 
    0x00, 0x00, 0x00, 0x00, 0x21, 0x3b, 0x01, 0x00, 
    0x2d, 0x31, 0x00, 0x00, 0x00, 0x00, 0x00, 0x00, 
    0xe7, 0xff, 0x48, 0x12, 0xfd, 0xff, 0x20, 0x00, 
    0x00, 0x00, 0x00, 0x00, 0xc6, 0xf2, 0x30, 0x0a, 
    0xe3, 0xe8, 0x12, 0x00, 0x00, 0x00, 0x00, 0x00, 
    0x00, 0x00, 0x00, 0x00, 0x00, 0x00, 0x00, 0x00, 
    0x00, 0x00, 0x00, 0x03, 0x66, 0xc5, 0xf0, 0xf9, 
    0xde, 0x99, 0x22, 0x00, 0x00, 0x00, 0x05, 0xb7, 
    0xff, 0xff, 0xff, 0xff, 0xff, 0xff, 0xef, 0x30, 
    0x00, 0x00, 0x7b, 0xff, 0xff, 0x84, 0x10, 0x06, 
    0x55, 0xf4, 0xff, 0xcd, 0x00, 0x01, 0xe8, 0xff, 
    0xa5, 0x00, 0x00, 0x00, 0x00, 0x6d, 0xff, 0xff, 
    0x2a, 0x27, 0xff, 0xff, 0x49, 0x00, 0x00, 0x00, 
    0x00, 0x19, 0xff, 0xff, 0x5e, 0x43, 0xff, 0xff, 
    0x2a, 0x00, 0x00, 0x00, 0x00, 0x02, 0xfc, 0xff, 
    0x71, 0x45, 0xff, 0xff, 0x2b, 0x00, 0x00, 0x00, 
    0x00, 0x03, 0xfd, 0xff, 0x6c, 0x32, 0xff, 0xff, 
    0x45, 0x00, 0x00, 0x00, 0x00, 0x22, 0xff, 0xff, 
    0x4f, 0x08, 0xf9, 0xff, 0x94, 0x00, 0x00, 0x00, 
    0x00, 0x7e, 0xff, 0xfb, 0x15, 0x00, 0xa4, 0xff, 
    0xfc, 0x70, 0x0f, 0x0c, 0x66, 0xfa, 0xff, 0xa2, 
    0x00, 0x00, 0x1a, 0xe1, 0xff, 0xff, 0xff, 0xff, 
    0xff, 0xff, 0xd1, 0x12, 0x00, 0x00, 0x00, 0x14, 
    0x8b, 0xd8, 0xf7, 0xf5, 0xd1, 0x7a, 0x0b, 0x00, 
    0x00, 0x0e, 0xd1, 0x67, 0x00, 0x00, 0x00, 0x6f, 
    0xce, 0x0b, 0x15, 0xe0, 0xfd, 0x5c, 0x00, 0x63, 
    0xfe, 0xdc, 0x12, 0x00, 0x23, 0xe5, 0xfc, 0x93, 
    0xfd, 0xe1, 0x1e, 0x00, 0x00, 0x00, 0x29, 0xec, 
    0xff, 0xe9, 0x24, 0x00, 0x00, 0x00, 0x00, 0x48, 
    0xf9, 0xff, 0xf7, 0x42, 0x00, 0x00, 0x00, 0x40, 
    0xf6, 0xf0, 0x67, 0xf3, 0xf4, 0x3b, 0x00, 0x20, 
    0xf3, 0xf4, 0x3a, 0x00, 0x40, 0xf6, 0xf1, 0x18, 
    0x07, 0xa5, 0x42, 0x00, 0x00, 0x00, 0x48, 0x9b, 
    0x03, 0x00, 0x00, 0x00, 0x00, 0x00, 0x00, 0x00, 
    0x00, 0x58, 0xfb, 0x80, 0x00, 0x00, 0x00, 0x00, 
    0x00, 0x00, 0x00, 0x00, 0x00, 0xca, 0xff, 0x2c, 
    0x00, 0x00, 0x00, 0x03, 0x65, 0xc4, 0xf0, 0xf9, 
    0xdc, 0xff, 0xbe, 0x00, 0x00, 0x00, 0x05, 0xb6, 
    0xff, 0xff, 0xfa, 0xf5, 0xff, 0xff, 0xf1, 0x37, 
    0x00, 0x00, 0x7b, 0xff, 0xfc, 0x6b, 0x04, 0x1f, 
    0xfc, 0xff, 0xff, 0xd6, 0x03, 0x01, 0xe9, 0xff, 
    0x8e, 0x00, 0x00, 0x94, 0xff, 0x9b, 0xff, 0xff, 
    0x39, 0x28, 0xff, 0xff, 0x34, 0x00, 0x19, 0xf7, 
    0xca, 0x04, 0xf3, 0xff, 0x70, 0x43, 0xff, 0xff, 
    0x16, 0x00, 0x8f, 0xff, 0x4e, 0x00, 0xd4, 0xff, 
    0x84, 0x44, 0xff, 0xff, 0x19, 0x16, 0xf5, 0xd0, 
    0x01, 0x00, 0xd6, 0xff, 0x81, 0x30, 0xff, 0xff, 
    0x39, 0x8a, 0xff, 0x55, 0x00, 0x04, 0xf2, 0xff, 
    0x64, 0x06, 0xf5, 0xff, 0xa8, 0xf3, 0xd6, 0x02, 
    0x00, 0x50, 0xff, 0xff, 0x26, 0x00, 0x9d, 0xff, 
    0xff, 0xff, 0x62, 0x00, 0x43, 0xec, 0xff, 0xb6, 
    0x00, 0x00, 0x17, 0xd8, 0xff, 0xff, 0xfc, 0xf9, 
    0xff, 0xff, 0xdb, 0x1c, 0x00, 0x00, 0x00, 0x7e, 
    0xff, 0xe2, 0xf6, 0xf6, 0xd3, 0x82, 0x0f, 0x00, 
    0x00, 0x00, 0x05, 0xe6, 0xf7, 0x14, 0x00, 0x00, 
    0x00, 0x00, 0x00, 0x00, 0x00, 0x00, 0x44, 0xfc, 
    0x92, 0x00, 0x00, 0x00, 0x00, 0x00, 0x00, 0x00, 
    0x00, 0x00, 0x18, 0x7b, 0x6e, 0x05, 0x00, 0x00, 
    0x00, 0x00, 0x00, 0x00, 0x03, 0x95, 0xff, 0xab, 
    0x03, 0x00, 0x00, 0x00, 0x00, 0x00, 0x00, 0x00, 
    0x6f, 0xf5, 0x8b, 0x00, 0x00, 0x00, 0x00, 0x00, 
    0x00, 0x00, 0x00, 0x00, 0x00, 0x00, 0x00, 0x00, 
    0x00, 0xb1, 0xfc, 0x7a, 0x00, 0x00, 0x00, 0x00, 
    0xb1, 0xfc, 0x73, 0xc4, 0xff, 0x8c, 0x00, 0x00, 
    0x00, 0x00, 0xc4, 0xff, 0x84, 0xc4, 0xff, 0x8c, 
    0x00, 0x00, 0x00, 0x00, 0xc4, 0xff, 0x84, 0xc4, 
    0xff, 0x8c, 0x00, 0x00, 0x00, 0x00, 0xc4, 0xff, 
    0x84, 0xc4, 0xff, 0x8c, 0x00, 0x00, 0x00, 0x00, 
    0xc4, 0xff, 0x84, 0xc4, 0xff, 0x8c, 0x00, 0x00, 
    0x00, 0x00, 0xc4, 0xff, 0x84, 0xc4, 0xff, 0x8c, 
    0x00, 0x00, 0x00, 0x00, 0xc4, 0xff, 0x84, 0xc1, 
    0xff, 0x94, 0x00, 0x00, 0x00, 0x00, 0xca, 0xff, 
    0x80, 0xac, 0xff, 0xc2, 0x00, 0x00, 0x00, 0x09, 
    0xf1, 0xff, 0x67, 0x69, 0xff, 0xff, 0x77, 0x0f, 
    0x17, 0xa1, 0xff, 0xfc, 0x20, 0x09, 0xd1, 0xff, 
    0xff, 0xff, 0xff, 0xff, 0xff, 0x82, 0x00, 0x00, 
    0x0f, 0x8c, 0xdc, 0xfa, 0xf3, 0xc4, 0x59, 0x00, 
    0x00, 0x00, 0x00, 0x00, 0x00, 0x00, 0x29, 0x7d, 
    0x60, 0x00, 0x00, 0x00, 0x00, 0x00, 0x00, 0x27, 
    0xea, 0xf1, 0x46, 0x00, 0x00, 0x00, 0x00, 0x00, 
    0x0d, 0xe0, 0xd6, 0x2a, 0x00, 0x00, 0x00, 0x00, 
    0x00, 0x00, 0x00, 0x00, 0x00, 0x00, 0x00, 0x00, 
    0x00, 0xb1, 0xfc, 0x7a, 0x00, 0x00, 0x00, 0x00, 
    0xb1, 0xfc, 0x73, 0xc4, 0xff, 0x8c, 0x00, 0x00, 
    0x00, 0x00, 0xc4, 0xff, 0x84, 0xc4, 0xff, 0x8c, 
    0x00, 0x00, 0x00, 0x00, 0xc4, 0xff, 0x84, 0xc4, 
    0xff, 0x8c, 0x00, 0x00, 0x00, 0x00, 0xc4, 0xff, 
    0x84, 0xc4, 0xff, 0x8c, 0x00, 0x00, 0x00, 0x00, 
    0xc4, 0xff, 0x84, 0xc4, 0xff, 0x8c, 0x00, 0x00, 
    0x00, 0x00, 0xc4, 0xff, 0x84, 0xc4, 0xff, 0x8c, 
    0x00, 0x00, 0x00, 0x00, 0xc4, 0xff, 0x84, 0xc1, 
    0xff, 0x94, 0x00, 0x00, 0x00, 0x00, 0xca, 0xff, 
    0x80, 0xac, 0xff, 0xc2, 0x00, 0x00, 0x00, 0x09, 
    0xf1, 0xff, 0x67, 0x69, 0xff, 0xff, 0x77, 0x0f, 
    0x17, 0xa1, 0xff, 0xfc, 0x20, 0x09, 0xd1, 0xff, 
    0xff, 0xff, 0xff, 0xff, 0xff, 0x82, 0x00, 0x00, 
    0x0f, 0x8c, 0xdc, 0xfa, 0xf3, 0xc4, 0x59, 0x00, 
    0x00, 0x00, 0x00, 0x00, 0x2c, 0x7d, 0x74, 0x0a, 
    0x00, 0x00, 0x00, 0x00, 0x00, 0x2f, 0xee, 0xe2, 
    0xf9, 0xbe, 0x09, 0x00, 0x00, 0x00, 0x1b, 0xe9, 
    0xdd, 0x1f, 0x57, 0xf9, 0xb5, 0x00, 0x00, 0x00, 
    0x00, 0x00, 0x00, 0x00, 0x00, 0x00, 0x00, 0x00, 
    0x00, 0xb1, 0xfc, 0x7a, 0x00, 0x00, 0x00, 0x00, 
    0xb1, 0xfc, 0x73, 0xc4, 0xff, 0x8c, 0x00, 0x00, 
    0x00, 0x00, 0xc4, 0xff, 0x84, 0xc4, 0xff, 0x8c, 
    0x00, 0x00, 0x00, 0x00, 0xc4, 0xff, 0x84, 0xc4, 
    0xff, 0x8c, 0x00, 0x00, 0x00, 0x00, 0xc4, 0xff, 
    0x84, 0xc4, 0xff, 0x8c, 0x00, 0x00, 0x00, 0x00, 
    0xc4, 0xff, 0x84, 0xc4, 0xff, 0x8c, 0x00, 0x00, 
    0x00, 0x00, 0xc4, 0xff, 0x84, 0xc4, 0xff, 0x8c, 
    0x00, 0x00, 0x00, 0x00, 0xc4, 0xff, 0x84, 0xc1, 
    0xff, 0x94, 0x00, 0x00, 0x00, 0x00, 0xca, 0xff, 
    0x80, 0xac, 0xff, 0xc2, 0x00, 0x00, 0x00, 0x09, 
    0xf1, 0xff, 0x67, 0x69, 0xff, 0xff, 0x77, 0x0f, 
    0x17, 0xa1, 0xff, 0xfc, 0x20, 0x09, 0xd1, 0xff, 
    0xff, 0xff, 0xff, 0xff, 0xff, 0x82, 0x00, 0x00, 
    0x0f, 0x8c, 0xdc, 0xfa, 0xf3, 0xc4, 0x59, 0x00, 
    0x00, 0x00, 0x00, 0x33, 0x2b, 0x00, 0x02, 0x3c, 
    0x20, 0x00, 0x00, 0x00, 0x27, 0xff, 0xfc, 0x0c, 
    0x50, 0xff, 0xe0, 0x00, 0x00, 0x00, 0x19, 0xec, 
    0xde, 0x05, 0x38, 0xf4, 0xbb, 0x00, 0x00, 0x00, 
    0x00, 0x00, 0x00, 0x00, 0x00, 0x00, 0x00, 0x00, 
    0x00, 0xb1, 0xfc, 0x7a, 0x00, 0x00, 0x00, 0x00, 
    0xb1, 0xfc, 0x73, 0xc4, 0xff, 0x8c, 0x00, 0x00, 
    0x00, 0x00, 0xc4, 0xff, 0x84, 0xc4, 0xff, 0x8c, 
    0x00, 0x00, 0x00, 0x00, 0xc4, 0xff, 0x84, 0xc4, 
    0xff, 0x8c, 0x00, 0x00, 0x00, 0x00, 0xc4, 0xff, 
    0x84, 0xc4, 0xff, 0x8c, 0x00, 0x00, 0x00, 0x00, 
    0xc4, 0xff, 0x84, 0xc4, 0xff, 0x8c, 0x00, 0x00, 
    0x00, 0x00, 0xc4, 0xff, 0x84, 0xc4, 0xff, 0x8c, 
    0x00, 0x00, 0x00, 0x00, 0xc4, 0xff, 0x84, 0xc1, 
    0xff, 0x94, 0x00, 0x00, 0x00, 0x00, 0xca, 0xff, 
    0x80, 0xac, 0xff, 0xc2, 0x00, 0x00, 0x00, 0x09, 
    0xf1, 0xff, 0x67, 0x69, 0xff, 0xff, 0x77, 0x0f, 
    0x17, 0xa1, 0xff, 0xfc, 0x20, 0x09, 0xd1, 0xff, 
    0xff, 0xff, 0xff, 0xff, 0xff, 0x82, 0x00, 0x00, 
    0x0f, 0x8c, 0xdc, 0xfa, 0xf3, 0xc4, 0x59, 0x00, 
    0x00, 0x00, 0x00, 0x00, 0x00, 0x00, 0x1e, 0x7b, 
    0x6e, 0x00, 0x00, 0x00, 0x00, 0x00, 0x00, 0x1a, 
    0xde, 0xf7, 0x58, 0x00, 0x00, 0x00, 0x00, 0x00, 
    0x04, 0xd1, 0xe1, 0x38, 0x00, 0x00, 0x00, 0x00, 
    0x00, 0x00, 0x00, 0x00, 0x00, 0x00, 0x00, 0x00, 
    0x00, 0xb0, 0xfe, 0xb5, 0x00, 0x00, 0x00, 0x4e, 
    0xf9, 0xf6, 0x12, 0x55, 0xff, 0xff, 0x31, 0x00, 
    0x00, 0xc2, 0xff, 0xb0, 0x00, 0x02, 0xd7, 0xff, 
    0xa0, 0x00, 0x2f, 0xff, 0xff, 0x36, 0x00, 0x00, 
    0x5f, 0xff, 0xf8, 0x15, 0x9c, 0xff, 0xba, 0x00, 
    0x00, 0x00, 0x04, 0xe0, 0xff, 0x7f, 0xf4, 0xff, 
    0x40, 0x00, 0x00, 0x00, 0x00, 0x6a, 0xff, 0xfa, 
    0xff, 0xc5, 0x00, 0x00, 0x00, 0x00, 0x00, 0x08, 
    0xe7, 0xff, 0xff, 0x4a, 0x00, 0x00, 0x00, 0x00, 
    0x00, 0x00, 0x87, 0xff, 0xe3, 0x00, 0x00, 0x00, 
    0x00, 0x00, 0x00, 0x00, 0x7c, 0xff, 0xd8, 0x00, 
    0x00, 0x00, 0x00, 0x00, 0x00, 0x00, 0x7c, 0xff, 
    0xd8, 0x00, 0x00, 0x00, 0x00, 0x00, 0x00, 0x00, 
    0x7c, 0xff, 0xd8, 0x00, 0x00, 0x00, 0x00, 0x00, 
    0x00, 0x00, 0x6b, 0xfb, 0xc3, 0x00, 0x00, 0x00, 
    0x00, 0xb1, 0xfc, 0x7b, 0x00, 0x00, 0x00, 0x00, 
    0x00, 0x00, 0xc4, 0xff, 0x8c, 0x00, 0x00, 0x00, 
    0x00, 0x00, 0x00, 0xc4, 0xff, 0xff, 0xff, 0xf3, 
    0xc0, 0x4d, 0x00, 0x00, 0xc4, 0xff, 0xef, 0xdc, 
    0xf6, 0xff, 0xfe, 0x56, 0x00, 0xc4, 0xff, 0x8c, 
    0x00, 0x0f, 0xce, 0xff, 0xd3, 0x00, 0xc4, 0xff, 
    0x8c, 0x00, 0x00, 0x6f, 0xff, 0xfb, 0x02, 0xc4, 
    0xff, 0x8c, 0x00, 0x00, 0x7f, 0xff, 0xf3, 0x00, 
    0xc4, 0xff, 0x8c, 0x01, 0x33, 0xe5, 0xff, 0xb0, 
    0x00, 0xc4, 0xff, 0xff, 0xff, 0xff, 0xff, 0xea, 
    0x27, 0x00, 0xc4, 0xff, 0xf1, 0xde, 0xcc, 0x8b, 
    0x12, 0x00, 0x00, 0xc4, 0xff, 0x8c, 0x00, 0x00, 
    0x00, 0x00, 0x00, 0x00, 0xb5, 0xfe, 0x7f, 0x00, 
    0x00, 0x00, 0x00, 0x00, 0x00, 0x00, 0x3d, 0xbf, 
    0xf4, 0xec, 0xba, 0x37, 0x00, 0x00, 0x27, 0xf9, 
    0xff, 0xee, 0xf3, 0xff, 0xf5, 0x26, 0x00, 0xa3, 
    0xff, 0xb7, 0x03, 0x0d, 0xda, 0xff, 0x7b, 0x00, 
    0xcf, 0xff, 0x5f, 0x00, 0x00, 0xac, 0xff, 0x8f, 
    0x00, 0xe3, 0xff, 0x54, 0x06, 0xa0, 0xfb, 0xff, 
    0x5d, 0x00, 0xe4, 0xff, 0x54, 0x63, 0xff, 0xde, 
    0x46, 0x04, 0x00, 0xe4, 0xff, 0x54, 0x82, 0xff, 
    0xcc, 0x02, 0x00, 0x00, 0xe4, 0xff, 0x54, 0x42, 
    0xff, 0xff, 0xb7, 0x17, 0x00, 0xe4, 0xff, 0x54, 
    0x00, 0x74, 0xfb, 0xff, 0xdf, 0x10, 0xe4, 0xff, 
    0x54, 0x00, 0x00, 0x35, 0xf2, 0xff, 0x69, 0xe4, 
    0xff, 0x54, 0x05, 0x00, 0x00, 0xc8, 0xff, 0x73, 
    0xe4, 0xff, 0x54, 0x80, 0xce, 0xc2, 0xff, 0xf8, 
    0x28, 0xcf, 0xf9, 0x3f, 0x4f, 0xe4, 0xf5, 0xc9, 
    0x45, 0x00, 0x00, 0x08, 0xe2, 0xf1, 0x32, 0x00, 
    0x00, 0x00, 0x00, 0x00, 0x47, 0xfd, 0xc5, 0x00, 
    0x00, 0x00, 0x00, 0x00, 0x00, 0x7c, 0xff, 0x50, 
    0x00, 0x00, 0x00, 0x00, 0x00, 0x00, 0x08, 0x01, 
    0x00, 0x00, 0x00, 0x3c, 0xb1, 0xea, 0xfb, 0xe3, 
    0x7e, 0x03, 0x00, 0xe8, 0xfe, 0xd7, 0xd1, 0xff, 
    0xff, 0x6a, 0x00, 0x73, 0x27, 0x00, 0x00, 0x93, 
    0xff, 0xb0, 0x00, 0x00, 0x00, 0x04, 0x17, 0x79, 
    0xff, 0xc7, 0x00, 0x52, 0xd1, 0xfe, 0xff, 0xff, 
    0xff, 0xc8, 0x29, 0xfd, 0xfd, 0x8a, 0x56, 0x94, 
    0xff, 0xc8, 0x56, 0xff, 0xd5, 0x00, 0x00, 0x7a, 
    0xff, 0xc8, 0x27, 0xfc, 0xfe, 0x98, 0xa3, 0xfd, 
    0xff, 0xc8, 0x00, 0x59, 0xd8, 0xf9, 0xd5, 0x55, 
    0xf6, 0xba, 0x00, 0x00, 0x00, 0x00, 0x39, 0xf3, 
    0xde, 0x04, 0x00, 0x00, 0x00, 0x01, 0xca, 0xfd, 
    0x44, 0x00, 0x00, 0x00, 0x00, 0x56, 0xff, 0x77, 
    0x00, 0x00, 0x00, 0x00, 0x00, 0x02, 0x08, 0x00, 
    0x00, 0x00, 0x00, 0x3c, 0xb1, 0xea, 0xfb, 0xe3, 
    0x7e, 0x03, 0x00, 0xe8, 0xfe, 0xd7, 0xd1, 0xff, 
    0xff, 0x6a, 0x00, 0x73, 0x27, 0x00, 0x00, 0x93, 
    0xff, 0xb0, 0x00, 0x00, 0x00, 0x04, 0x17, 0x79, 
    0xff, 0xc7, 0x00, 0x52, 0xd1, 0xfe, 0xff, 0xff, 
    0xff, 0xc8, 0x29, 0xfd, 0xfd, 0x8a, 0x56, 0x94, 
    0xff, 0xc8, 0x56, 0xff, 0xd5, 0x00, 0x00, 0x7a, 
    0xff, 0xc8, 0x27, 0xfc, 0xfe, 0x98, 0xa3, 0xfd, 
    0xff, 0xc8, 0x00, 0x59, 0xd8, 0xf9, 0xd5, 0x55, 
    0xf6, 0xba, 0x00, 0x00, 0x01, 0xb9, 0xfe, 0xbc, 
    0x02, 0x00, 0x00, 0x00, 0x67, 0xff, 0xab, 0xff, 
    0x70, 0x00, 0x00, 0x0f, 0xf1, 0xbc, 0x01, 0xb2, 
    0xf4, 0x16, 0x00, 0x00, 0x08, 0x02, 0x00, 0x01, 
    0x09, 0x00, 0x00, 0x3c, 0xb1, 0xea, 0xfb, 0xe3, 
    0x7e, 0x03, 0x00, 0xe8, 0xfe, 0xd7, 0xd1, 0xff, 
    0xff, 0x6a, 0x00, 0x73, 0x27, 0x00, 0x00, 0x93, 
    0xff, 0xb0, 0x00, 0x00, 0x00, 0x04, 0x17, 0x79, 
    0xff, 0xc7, 0x00, 0x52, 0xd1, 0xfe, 0xff, 0xff, 
    0xff, 0xc8, 0x29, 0xfd, 0xfd, 0x8a, 0x56, 0x94, 
    0xff, 0xc8, 0x56, 0xff, 0xd5, 0x00, 0x00, 0x7a, 
    0xff, 0xc8, 0x27, 0xfc, 0xfe, 0x98, 0xa3, 0xfd, 
    0xff, 0xc8, 0x00, 0x59, 0xd8, 0xf9, 0xd5, 0x55, 
    0xf6, 0xba, 0x00, 0x1a, 0xcb, 0xf1, 0x9e, 0x1b, 
    0xcd, 0x86, 0x00, 0x82, 0xf7, 0xbd, 0xff, 0xff, 
    0xff, 0x5d, 0x00, 0x5a, 0x73, 0x00, 0x45, 0x95, 
    0x69, 0x02, 0x00, 0x00, 0x00, 0x00, 0x00, 0x00, 
    0x00, 0x00, 0x00, 0x3c, 0xb1, 0xea, 0xfb, 0xe3, 
    0x7e, 0x03, 0x00, 0xe8, 0xfe, 0xd7, 0xd1, 0xff, 
    0xff, 0x6a, 0x00, 0x73, 0x27, 0x00, 0x00, 0x93, 
    0xff, 0xb0, 0x00, 0x00, 0x00, 0x04, 0x17, 0x79, 
    0xff, 0xc7, 0x00, 0x52, 0xd1, 0xfe, 0xff, 0xff, 
    0xff, 0xc8, 0x29, 0xfd, 0xfd, 0x8a, 0x56, 0x94, 
    0xff, 0xc8, 0x56, 0xff, 0xd5, 0x00, 0x00, 0x7a, 
    0xff, 0xc8, 0x27, 0xfc, 0xfe, 0x98, 0xa3, 0xfd, 
    0xff, 0xc8, 0x00, 0x59, 0xd8, 0xf9, 0xd5, 0x55, 
    0xf6, 0xba, 0x00, 0x32, 0xf3, 0xb5, 0x00, 0xb6, 
    0xf2, 0x2f, 0x00, 0x48, 0xff, 0xd2, 0x00, 0xd8, 
    0xff, 0x42, 0x00, 0x01, 0x34, 0x18, 0x00, 0x1b, 
    0x32, 0x00, 0x00, 0x3c, 0xb1, 0xea, 0xfb, 0xe3, 
    0x7e, 0x03, 0x00, 0xe8, 0xfe, 0xd7, 0xd1, 0xff, 
    0xff, 0x6a, 0x00, 0x73, 0x27, 0x00, 0x00, 0x93, 
    0xff, 0xb0, 0x00, 0x00, 0x00, 0x04, 0x17, 0x79, 
    0xff, 0xc7, 0x00, 0x52, 0xd1, 0xfe, 0xff, 0xff, 
    0xff, 0xc8, 0x29, 0xfd, 0xfd, 0x8a, 0x56, 0x94, 
    0xff, 0xc8, 0x56, 0xff, 0xd5, 0x00, 0x00, 0x7a, 
    0xff, 0xc8, 0x27, 0xfc, 0xfe, 0x98, 0xa3, 0xfd, 
    0xff, 0xc8, 0x00, 0x59, 0xd8, 0xf9, 0xd5, 0x55, 
    0xf6, 0xba, 0x00, 0x00, 0x28, 0xcf, 0xf8, 0xd3, 
    0x2a, 0x00, 0x00, 0x00, 0x83, 0xdd, 0x12, 0xe6, 
    0x7e, 0x00, 0x00, 0x00, 0x37, 0xea, 0xf7, 0xe1, 
    0x2b, 0x00, 0x00, 0x00, 0x00, 0x01, 0x10, 0x00, 
    0x00, 0x00, 0x00, 0x3c, 0xb1, 0xea, 0xfb, 0xe3, 
    0x7e, 0x03, 0x00, 0xe8, 0xfe, 0xd7, 0xd1, 0xff, 
    0xff, 0x6a, 0x00, 0x73, 0x27, 0x00, 0x00, 0x93, 
    0xff, 0xb0, 0x00, 0x00, 0x00, 0x04, 0x17, 0x79, 
    0xff, 0xc7, 0x00, 0x52, 0xd1, 0xfe, 0xff, 0xff, 
    0xff, 0xc8, 0x29, 0xfd, 0xfd, 0x8a, 0x56, 0x94, 
    0xff, 0xc8, 0x56, 0xff, 0xd5, 0x00, 0x00, 0x7a, 
    0xff, 0xc8, 0x27, 0xfc, 0xfe, 0x98, 0xa3, 0xfd, 
    0xff, 0xc8, 0x00, 0x59, 0xd8, 0xf9, 0xd5, 0x55, 
    0xf6, 0xba, 0x00, 0x3c, 0xae, 0xea, 0xf9, 0xd7, 
    0x5a, 0x42, 0xd2, 0xf9, 0xe5, 0x7a, 0x01, 0x00, 
    0x00, 0xe8, 0xff, 0xd7, 0xd1, 0xff, 0xfd, 0xfc, 
    0xf8, 0xce, 0xf8, 0xff, 0x83, 0x00, 0x00, 0x77, 
    0x29, 0x00, 0x00, 0x93, 0xff, 0xff, 0x3a, 0x00, 
    0x3f, 0xff, 0xf3, 0x06, 0x00, 0x00, 0x00, 0x01, 
    0x13, 0x77, 0xff, 0xdf, 0x1c, 0x1c, 0x1c, 0xf3, 
    0xff, 0x27, 0x00, 0x4e, 0xcd, 0xfc, 0xff, 0xff, 
    0xff, 0xff, 0xff, 0xff, 0xff, 0xff, 0xff, 0x30, 
    0x28, 0xfc, 0xfb, 0x7f, 0x51, 0x90, 0xff, 0xe2, 
    0x4c, 0x4c, 0x4c, 0x4c, 0x41, 0x01, 0x57, 0xff, 
    0xdb, 0x00, 0x01, 0x8d, 0xff, 0xfb, 0x33, 0x00, 
    0x00, 0x02, 0x22, 0x00, 0x27, 0xfc, 0xff, 0xe0, 
    0xe1, 0xff, 0xcf, 0xff, 0xfb, 0xce, 0xc8, 0xed, 
    0xdc, 0x00, 0x00, 0x59, 0xd8, 0xf9, 0xd7, 0x63, 
    0x03, 0x79, 0xda, 0xf9, 0xf1, 0xca, 0x66, 0x00, 
    0x00, 0x01, 0x72, 0xda, 0xfa, 0xde, 0x6c, 0x00, 
    0x00, 0x86, 0xff, 0xff, 0xeb, 0xfa, 0xfb, 0x00, 
    0x10, 0xf8, 0xff, 0x78, 0x00, 0x13, 0x7c, 0x00, 
    0x45, 0xff, 0xfd, 0x08, 0x00, 0x00, 0x00, 0x00, 
    0x58, 0xff, 0xee, 0x00, 0x00, 0x00, 0x00, 0x00, 
    0x4a, 0xff, 0xfd, 0x09, 0x00, 0x00, 0x00, 0x00, 
    0x17, 0xfc, 0xff, 0x7f, 0x02, 0x1d, 0x9f, 0x01, 
    0x00, 0x97, 0xff, 0xff, 0xf7, 0xff, 0xfe, 0x06, 
    0x00, 0x04, 0x75, 0xee, 0xff, 0xc5, 0x58, 0x00, 
    0x00, 0x00, 0x00, 0x7a, 0xff, 0x46, 0x00, 0x00, 
    0x00, 0x0b, 0x8d, 0xbf, 0xff, 0x77, 0x00, 0x00, 
    0x00, 0x13, 0xd8, 0xfa, 0xd2, 0x24, 0x00, 0x00, 
    0x00, 0x02, 0xd7, 0xf4, 0x3f, 0x00, 0x00, 0x00, 
    0x00, 0x00, 0x00, 0x3a, 0xfa, 0xd2, 0x03, 0x00, 
    0x00, 0x00, 0x00, 0x00, 0x00, 0x6d, 0xff, 0x60, 
    0x00, 0x00, 0x00, 0x00, 0x00, 0x00, 0x00, 0x07, 
    0x02, 0x00, 0x00, 0x00, 0x00, 0x00, 0x68, 0xd6, 
    0xf9, 0xe7, 0x92, 0x0a, 0x00, 0x00, 0x76, 0xff, 
    0xf3, 0xb0, 0xe3, 0xff, 0xa0, 0x00, 0x0b, 0xf2, 
    0xff, 0x45, 0x00, 0x1b, 0xf9, 0xfc, 0x19, 0x3f, 
    0xff, 0xf8, 0x24, 0x24, 0x24, 0xdb, 0xff, 0x43, 
    0x54, 0xff, 0xff, 0xff, 0xff, 0xff, 0xff, 0xff, 
    0x4d, 0x47, 0xff, 0xf7, 0x54, 0x54, 0x54, 0x54, 
    0x4e, 0x06, 0x17, 0xfc, 0xff, 0x49, 0x00, 0x00, 
    0x00, 0x22, 0x00, 0x00, 0x9b, 0xff, 0xfe, 0xd1, 
    0xc7, 0xe9, 0xf8, 0x00, 0x00, 0x02, 0x6d, 0xd9, 
    0xf9, 0xf4, 0xcf, 0x7b, 0x00, 0x00, 0x00, 0x00, 
    0x00, 0x22, 0xeb, 0xee, 0x14, 0x00, 0x00, 0x00, 
    0x00, 0x00, 0xaf, 0xff, 0x61, 0x00, 0x00, 0x00, 
    0x00, 0x00, 0x39, 0xff, 0x97, 0x00, 0x00, 0x00, 
    0x00, 0x00, 0x00, 0x01, 0x09, 0x00, 0x00, 0x00, 
    0x00, 0x00, 0x00, 0x68, 0xd6, 0xf9, 0xe7, 0x92, 
    0x0a, 0x00, 0x00, 0x76, 0xff, 0xf3, 0xb0, 0xe3, 
    0xff, 0xa0, 0x00, 0x0b, 0xf2, 0xff, 0x45, 0x00, 
    0x1b, 0xf9, 0xfc, 0x19, 0x3f, 0xff, 0xf8, 0x24, 
    0x24, 0x24, 0xdb, 0xff, 0x43, 0x54, 0xff, 0xff, 
    0xff, 0xff, 0xff, 0xff, 0xff, 0x4d, 0x47, 0xff, 
    0xf7, 0x54, 0x54, 0x54, 0x54, 0x4e, 0x06, 0x17, 
    0xfc, 0xff, 0x49, 0x00, 0x00, 0x00, 0x22, 0x00, 
    0x00, 0x9b, 0xff, 0xfe, 0xd1, 0xc7, 0xe9, 0xf8, 
    0x00, 0x00, 0x02, 0x6d, 0xd9, 0xf9, 0xf4, 0xcf, 
    0x7b, 0x00, 0x00, 0x00, 0x00, 0xae, 0xff, 0xc6, 
    0x05, 0x00, 0x00, 0x00, 0x00, 0x5b, 0xff, 0xab, 
    0xff, 0x7e, 0x00, 0x00, 0x00, 0x09, 0xeb, 0xc9, 
    0x03, 0xa3, 0xf9, 0x1f, 0x00, 0x00, 0x00, 0x08, 
    0x02, 0x00, 0x01, 0x0a, 0x00, 0x00, 0x00, 0x00, 
    0x68, 0xd6, 0xf9, 0xe7, 0x92, 0x0a, 0x00, 0x00, 
    0x76, 0xff, 0xf3, 0xb0, 0xe3, 0xff, 0xa0, 0x00, 
    0x0b, 0xf2, 0xff, 0x45, 0x00, 0x1b, 0xf9, 0xfc, 
    0x19, 0x3f, 0xff, 0xf8, 0x24, 0x24, 0x24, 0xdb, 
    0xff, 0x43, 0x54, 0xff, 0xff, 0xff, 0xff, 0xff, 
    0xff, 0xff, 0x4d, 0x47, 0xff, 0xf7, 0x54, 0x54, 
    0x54, 0x54, 0x4e, 0x06, 0x17, 0xfc, 0xff, 0x49, 
    0x00, 0x00, 0x00, 0x22, 0x00, 0x00, 0x9b, 0xff, 
    0xfe, 0xd1, 0xc7, 0xe9, 0xf8, 0x00, 0x00, 0x02, 
    0x6d, 0xd9, 0xf9, 0xf4, 0xcf, 0x7b, 0x00, 0x00, 
    0x22, 0xef, 0xc9, 0x00, 0xa3, 0xf5, 0x3f, 0x00, 
    0x00, 0x34, 0xff, 0xe6, 0x00, 0xc4, 0xff, 0x56, 
    0x00, 0x00, 0x00, 0x30, 0x1d, 0x00, 0x16, 0x35, 
    0x02, 0x00, 0x00, 0x00, 0x68, 0xd6, 0xf9, 0xe7, 
    0x92, 0x0a, 0x00, 0x00, 0x76, 0xff, 0xf3, 0xb0, 
    0xe3, 0xff, 0xa0, 0x00, 0x0b, 0xf2, 0xff, 0x45, 
    0x00, 0x1b, 0xf9, 0xfc, 0x19, 0x3f, 0xff, 0xf8, 
    0x24, 0x24, 0x24, 0xdb, 0xff, 0x43, 0x54, 0xff, 
    0xff, 0xff, 0xff, 0xff, 0xff, 0xff, 0x4d, 0x47, 
    0xff, 0xf7, 0x54, 0x54, 0x54, 0x54, 0x4e, 0x06, 
    0x17, 0xfc, 0xff, 0x49, 0x00, 0x00, 0x00, 0x22, 
    0x00, 0x00, 0x9b, 0xff, 0xfe, 0xd1, 0xc7, 0xe9, 
    0xf8, 0x00, 0x00, 0x02, 0x6d, 0xd9, 0xf9, 0xf4, 
    0xcf, 0x7b, 0x00, 0x00, 0x20, 0xf3, 0xe3, 0x18, 
    0x00, 0x00, 0x00, 0x65, 0xff, 0xa4, 0x00, 0x00, 
    0x00, 0x00, 0x8c, 0xe9, 0x26, 0x00, 0x00, 0x00, 
    0x00, 0x00, 0x00, 0x00, 0x00, 0x00, 0xd1, 0xf9, 
    0x46, 0x00, 0x00, 0x00, 0xe4, 0xff, 0x54, 0x00, 
    0x00, 0x00, 0xe4, 0xff, 0x54, 0x00, 0x00, 0x00, 
    0xe4, 0xff, 0x54, 0x00, 0x00, 0x00, 0xe4, 0xff, 
    0x54, 0x00, 0x00, 0x00, 0xe4, 0xff, 0x54, 0x00, 
    0x00, 0x00, 0xe4, 0xff, 0x54, 0x00, 0x00, 0x00, 
    0xe4, 0xff, 0x54, 0x00, 0x00, 0x00, 0xd3, 0xfc, 
    0x46, 0x00, 0x00, 0x8f, 0xfc, 0x85, 0x00, 0x36, 
    0xfe, 0xcd, 0x09, 0x00, 0xa9, 0xd5, 0x1d, 0x00, 
    0x00, 0x00, 0x00, 0x00, 0x00, 0x00, 0xd1, 0xf9, 
    0x46, 0x00, 0x00, 0xe4, 0xff, 0x54, 0x00, 0x00, 
    0xe4, 0xff, 0x54, 0x00, 0x00, 0xe4, 0xff, 0x54, 
    0x00, 0x00, 0xe4, 0xff, 0x54, 0x00, 0x00, 0xe4, 
    0xff, 0x54, 0x00, 0x00, 0xe4, 0xff, 0x54, 0x00, 
    0x00, 0xe4, 0xff, 0x54, 0x00, 0x00, 0xd3, 0xfc, 
    0x46, 0x00, 0x00, 0x00, 0x1e, 0xec, 0xfb, 0x7a, 
    0x00, 0x00, 0x01, 0xbb, 0xf1, 0xab, 0xfb, 0x34, 
    0x00, 0x49, 0xea, 0x5d, 0x0d, 0xd0, 0xb3, 0x00, 
    0x00, 0x00, 0x00, 0x00, 0x00, 0x00, 0x00, 0x00, 
    0x00, 0xd1, 0xf9, 0x46, 0x00, 0x00, 0x00, 0x00, 
    0xe4, 0xff, 0x54, 0x00, 0x00, 0x00, 0x00, 0xe4, 
    0xff, 0x54, 0x00, 0x00, 0x00, 0x00, 0xe4, 0xff, 
    0x54, 0x00, 0x00, 0x00, 0x00, 0xe4, 0xff, 0x54, 
    0x00, 0x00, 0x00, 0x00, 0xe4, 0xff, 0x54, 0x00, 
    0x00, 0x00, 0x00, 0xe4, 0xff, 0x54, 0x00, 0x00, 
    0x00, 0x00, 0xe4, 0xff, 0x54, 0x00, 0x00, 0x00, 
    0x00, 0xd3, 0xfc, 0x46, 0x00, 0x00, 0x2c, 0xf3, 
    0xa2, 0x36, 0xf4, 0x97, 0x00, 0x41, 0xff, 0xbe, 
    0x4d, 0xff, 0xb2, 0x00, 0x01, 0x34, 0x15, 0x01, 
    0x35, 0x12, 0x00, 0x00, 0x00, 0xd1, 0xf9, 0x46, 
    0x00, 0x00, 0x00, 0x00, 0xe4, 0xff, 0x54, 0x00, 
    0x00, 0x00, 0x00, 0xe4, 0xff, 0x54, 0x00, 0x00, 
    0x00, 0x00, 0xe4, 0xff, 0x54, 0x00, 0x00, 0x00, 
    0x00, 0xe4, 0xff, 0x54, 0x00, 0x00, 0x00, 0x00, 
    0xe4, 0xff, 0x54, 0x00, 0x00, 0x00, 0x00, 0xe4, 
    0xff, 0x54, 0x00, 0x00, 0x00, 0x00, 0xe4, 0xff, 
    0x54, 0x00, 0x00, 0x00, 0x00, 0xd3, 0xfc, 0x46, 
    0x00, 0x00, 0x00, 0x01, 0xc2, 0xff, 0xdd, 0x95, 
    0xd5, 0x83, 0x00, 0x00, 0x4a, 0xb8, 0xff, 0xff, 
    0xff, 0xd4, 0x49, 0x00, 0x00, 0xd5, 0xf4, 0xb4, 
    0xfc, 0xff, 0x43, 0x00, 0x00, 0x00, 0x2c, 0x07, 
    0x00, 0x90, 0xff, 0xd3, 0x00, 0x00, 0x07, 0x92, 
    0xec, 0xf1, 0xa9, 0xff, 0xff, 0x3d, 0x00, 0x98, 
    0xff, 0xff, 0xfe, 0xff, 0xff, 0xff, 0x7e, 0x10, 
    0xfa, 0xff, 0x87, 0x07, 0x60, 0xf9, 0xff, 0xa0, 
    0x40, 0xff, 0xfe, 0x0c, 0x00, 0x00, 0x9b, 0xff, 
    0xac, 0x4f, 0xff, 0xf1, 0x00, 0x00, 0x00, 0xa0, 
    0xff, 0xa0, 0x3b, 0xff, 0xfd, 0x0c, 0x00, 0x00, 
    0xc6, 0xff, 0x7a, 0x15, 0xfa, 0xff, 0x80, 0x08, 
    0x55, 0xff, 0xff, 0x30, 0x00, 0x9d, 0xff, 0xff, 
    0xfe, 0xff, 0xff, 0xa5, 0x00, 0x00, 0x0a, 0x92, 
    0xe7, 0xfa, 0xdf, 0x83, 0x06, 0x00, 0x00, 0x00, 
    0x8a, 0xf2, 0xcc, 0x42, 0x6f, 0xe8, 0x00, 0x00, 
    0x1f, 0xff, 0xc5, 0xef, 0xff, 0xff, 0xbf, 0x00, 
    0x00, 0x1d, 0x9d, 0x12, 0x1a, 0x85, 0x8b, 0x1b, 
    0x00, 0x00, 0x00, 0x00, 0x00, 0x00, 0x00, 0x00, 
    0x00, 0x00, 0x00, 0xd3, 0xef, 0x2b, 0xb9, 0xf7, 
    0xe3, 0x5b, 0x00, 0x00, 0xe4, 0xff, 0xf1, 0xf7, 
    0xf2, 0xff, 0xff, 0x2b, 0x00, 0xe4, 0xff, 0xd0, 
    0x17, 0x0e, 0xe1, 0xff, 0x7f, 0x00, 0xe4, 0xff, 
    0x55, 0x00, 0x00, 0xa2, 0xff, 0x95, 0x00, 0xe4, 
    0xff, 0x54, 0x00, 0x00, 0x9c, 0xff, 0x98, 0x00, 
    0xe4, 0xff, 0x54, 0x00, 0x00, 0x9c, 0xff, 0x98, 
    0x00, 0xe4, 0xff, 0x54, 0x00, 0x00, 0x9c, 0xff, 
    0x98, 0x00, 0xe4, 0xff, 0x54, 0x00, 0x00, 0x9c, 
    0xff, 0x98, 0x00, 0xd3, 0xfc, 0x46, 0x00, 0x00, 
    0x8d, 0xfe, 0x88, 0x00, 0x00, 0x8b, 0xfc, 0x8a, 
    0x00, 0x00, 0x00, 0x00, 0x00, 0x00, 0x00, 0x0d, 
    0xd8, 0xfc, 0x2b, 0x00, 0x00, 0x00, 0x00, 0x00, 
    0x00, 0x00, 0x2b, 0xf1, 0xb1, 0x00, 0x00, 0x00, 
    0x00, 0x00, 0x00, 0x00, 0x00, 0x04, 0x06, 0x00, 
    0x00, 0x00, 0x00, 0x00, 0x00, 0x5d, 0xcd, 0xf6, 
    0xf4, 0xc3, 0x49, 0x00, 0x00, 0x00, 0x71, 0xff, 
    0xff, 0xe8, 0xf5, 0xff, 0xfe, 0x47, 0x00, 0x0b, 
    0xf2, 0xff, 0x7e, 0x00, 0x09, 0xc3, 0xff, 0xbf, 
    0x00, 0x42, 0xff, 0xfd, 0x08, 0x00, 0x00, 0x59, 
    0xff, 0xf5, 0x00, 0x56, 0xff, 0xed, 0x00, 0x00, 
    0x00, 0x42, 0xff, 0xff, 0x03, 0x3f, 0xff, 0xfc, 
    0x09, 0x00, 0x00, 0x5e, 0xff, 0xed, 0x00, 0x16, 
    0xf9, 0xff, 0x7a, 0x00, 0x0d, 0xc9, 0xff, 0xaa, 
    0x00, 0x00, 0x8e, 0xff, 0xff, 0xeb, 0xf7, 0xff, 
    0xf2, 0x29, 0x00, 0x00, 0x04, 0x7c, 0xda, 0xfa, 
    0xee, 0xb0, 0x2b, 0x00, 0x00, 0x00, 0x00, 0x00, 
    0x00, 0x01, 0xc0, 0xfc, 0x52, 0x00, 0x00, 0x00, 
    0x00, 0x00, 0x00, 0x61, 0xff, 0xac, 0x00, 0x00, 
    0x00, 0x00, 0x00, 0x00, 0x04, 0xe5, 0xd5, 0x0e, 
    0x00, 0x00, 0x00, 0x00, 0x00, 0x00, 0x00, 0x08, 
    0x01, 0x00, 0x00, 0x00, 0x00, 0x00, 0x00, 0x5d, 
    0xcd, 0xf6, 0xf4, 0xc3, 0x49, 0x00, 0x00, 0x00, 
    0x71, 0xff, 0xff, 0xe8, 0xf5, 0xff, 0xfe, 0x47, 
    0x00, 0x0b, 0xf2, 0xff, 0x7e, 0x00, 0x09, 0xc3, 
    0xff, 0xbf, 0x00, 0x42, 0xff, 0xfd, 0x08, 0x00, 
    0x00, 0x59, 0xff, 0xf5, 0x00, 0x56, 0xff, 0xed, 
    0x00, 0x00, 0x00, 0x42, 0xff, 0xff, 0x03, 0x3f, 
    0xff, 0xfc, 0x09, 0x00, 0x00, 0x5e, 0xff, 0xed, 
    0x00, 0x16, 0xf9, 0xff, 0x7a, 0x00, 0x0d, 0xc9, 
    0xff, 0xaa, 0x00, 0x00, 0x8e, 0xff, 0xff, 0xeb, 
    0xf7, 0xff, 0xf2, 0x29, 0x00, 0x00, 0x04, 0x7c, 
    0xda, 0xfa, 0xee, 0xb0, 0x2b, 0x00, 0x00, 0x00, 
    0x00, 0x00, 0x6b, 0xfd, 0xeb, 0x26, 0x00, 0x00, 
    0x00, 0x00, 0x00, 0x1f, 0xf4, 0xbf, 0xec, 0xc2, 
    0x01, 0x00, 0x00, 0x00, 0x00, 0xae, 0xf2, 0x1f, 
    0x5e, 0xff, 0x5d, 0x00, 0x00, 0x00, 0x00, 0x05, 
    0x06, 0x00, 0x00, 0x09, 0x01, 0x00, 0x00, 0x00, 
    0x00, 0x5d, 0xcd, 0xf6, 0xf4, 0xc3, 0x49, 0x00, 
    0x00, 0x00, 0x71, 0xff, 0xff, 0xe8, 0xf5, 0xff, 
    0xfe, 0x47, 0x00, 0x0b, 0xf2, 0xff, 0x7e, 0x00, 
    0x09, 0xc3, 0xff, 0xbf, 0x00, 0x42, 0xff, 0xfd, 
    0x08, 0x00, 0x00, 0x59, 0xff, 0xf5, 0x00, 0x56, 
    0xff, 0xed, 0x00, 0x00, 0x00, 0x42, 0xff, 0xff, 
    0x03, 0x3f, 0xff, 0xfc, 0x09, 0x00, 0x00, 0x5e, 
    0xff, 0xed, 0x00, 0x16, 0xf9, 0xff, 0x7a, 0x00, 
    0x0d, 0xc9, 0xff, 0xaa, 0x00, 0x00, 0x8e, 0xff, 
    0xff, 0xeb, 0xf7, 0xff, 0xf2, 0x29, 0x00, 0x00, 
    0x04, 0x7c, 0xda, 0xfa, 0xee, 0xb0, 0x2b, 0x00, 
    0x00, 0x00, 0x00, 0x90, 0xf2, 0xc9, 0x3f, 0x73, 
    0xe5, 0x00, 0x00, 0x00, 0x26, 0xff, 0xc4, 0xf1, 
    0xff, 0xff, 0xbb, 0x00, 0x00, 0x00, 0x22, 0x9e, 
    0x10, 0x1d, 0x86, 0x8a, 0x1a, 0x00, 0x00, 0x00, 
    0x00, 0x00, 0x00, 0x00, 0x00, 0x00, 0x00, 0x00, 
    0x00, 0x00, 0x00, 0x5d, 0xcd, 0xf6, 0xf4, 0xc3, 
    0x49, 0x00, 0x00, 0x00, 0x71, 0xff, 0xff, 0xe8, 
    0xf5, 0xff, 0xfe, 0x47, 0x00, 0x0b, 0xf2, 0xff, 
    0x7e, 0x00, 0x09, 0xc3, 0xff, 0xbf, 0x00, 0x42, 
    0xff, 0xfd, 0x08, 0x00, 0x00, 0x59, 0xff, 0xf5, 
    0x00, 0x56, 0xff, 0xed, 0x00, 0x00, 0x00, 0x42, 
    0xff, 0xff, 0x03, 0x3f, 0xff, 0xfc, 0x09, 0x00, 
    0x00, 0x5e, 0xff, 0xed, 0x00, 0x16, 0xf9, 0xff, 
    0x7a, 0x00, 0x0d, 0xc9, 0xff, 0xaa, 0x00, 0x00, 
    0x8e, 0xff, 0xff, 0xeb, 0xf7, 0xff, 0xf2, 0x29, 
    0x00, 0x00, 0x04, 0x7c, 0xda, 0xfa, 0xee, 0xb0, 
    0x2b, 0x00, 0x00, 0x00, 0x00, 0xc6, 0xef, 0x22, 
    0x5b, 0xf8, 0x85, 0x00, 0x00, 0x00, 0x00, 0xe9, 
    0xff, 0x32, 0x79, 0xff, 0xa2, 0x00, 0x00, 0x00, 
    0x00, 0x1f, 0x2f, 0x00, 0x07, 0x38, 0x0e, 0x00, 
    0x00, 0x00, 0x00, 0x5d, 0xcd, 0xf6, 0xf4, 0xc3, 
    0x49, 0x00, 0x00, 0x00, 0x71, 0xff, 0xff, 0xe8, 
    0xf5, 0xff, 0xfe, 0x47, 0x00, 0x0b, 0xf2, 0xff, 
    0x7e, 0x00, 0x09, 0xc3, 0xff, 0xbf, 0x00, 0x42, 
    0xff, 0xfd, 0x08, 0x00, 0x00, 0x59, 0xff, 0xf5, 
    0x00, 0x56, 0xff, 0xed, 0x00, 0x00, 0x00, 0x42, 
    0xff, 0xff, 0x03, 0x3f, 0xff, 0xfc, 0x09, 0x00, 
    0x00, 0x5e, 0xff, 0xed, 0x00, 0x16, 0xf9, 0xff, 
    0x7a, 0x00, 0x0d, 0xc9, 0xff, 0xaa, 0x00, 0x00, 
    0x8e, 0xff, 0xff, 0xeb, 0xf7, 0xff, 0xf2, 0x29, 
    0x00, 0x00, 0x04, 0x7c, 0xda, 0xfa, 0xee, 0xb0, 
    0x2b, 0x00, 0x00, 0x00, 0x00, 0x00, 0x68, 0xbf, 
    0x4e, 0x00, 0x00, 0x00, 0x00, 0x00, 0x00, 0xd1, 
    0xff, 0xaf, 0x00, 0x00, 0x00, 0x00, 0x00, 0x00, 
    0x9a, 0xf9, 0x78, 0x00, 0x00, 0x00, 0x00, 0x00, 
    0x00, 0x00, 0x00, 0x00, 0x00, 0x00, 0x00, 0x7f, 
    0xc4, 0xc4, 0xc4, 0xc4, 0xc4, 0xc4, 0xc4, 0x63, 
    0xa8, 0xff, 0xff, 0xff, 0xff, 0xff, 0xff, 0xff, 
    0x85, 0x00, 0x00, 0x00, 0x00, 0x00, 0x00, 0x00, 
    0x00, 0x00, 0x00, 0x00, 0x00, 0x69, 0xbf, 0x50, 
    0x00, 0x00, 0x00, 0x00, 0x00, 0x00, 0xd1, 0xff, 
    0xaf, 0x00, 0x00, 0x00, 0x00, 0x00, 0x00, 0x97, 
    0xf8, 0x75, 0x00, 0x00, 0x00, 0x00, 0x00, 0x00, 
    0x00, 0x00, 0x00, 0x20, 0x79, 0x1c, 0x00, 0x00, 
    0x00, 0x00, 0x00, 0x00, 0x00, 0xa2, 0xf6, 0x12, 
    0x00, 0x00, 0x00, 0x58, 0xc9, 0xf5, 0xf5, 0xfb, 
    0xb3, 0x00, 0x00, 0x00, 0x6e, 0xff, 0xfa, 0xbf, 
    0xe5, 0xff, 0xff, 0x5a, 0x00, 0x0b, 0xf2, 0xff, 
    0x47, 0x08, 0xe7, 0xef, 0xff, 0xda, 0x00, 0x42, 
    0xff, 0xd7, 0x00, 0x6c, 0xfe, 0x3c, 0xfe, 0xff, 
    0x14, 0x57, 0xff, 0xbe, 0x05, 0xe1, 0xaf, 0x00, 
    0xf6, 0xff, 0x22, 0x4a, 0xff, 0xdc, 0x63, 0xff, 
    0x35, 0x13, 0xff, 0xfe, 0x0e, 0x14, 0xfc, 0xff, 
    0xf2, 0xbb, 0x00, 0x81, 0xff, 0xc5, 0x00, 0x00, 
    0x8f, 0xff, 0xff, 0xd6, 0xcd, 0xff, 0xf8, 0x3b, 
    0x00, 0x00, 0x02, 0xe9, 0xf6, 0xfa, 0xf0, 0xb7, 
    0x36, 0x00, 0x00, 0x00, 0x47, 0xff, 0x65, 0x00, 
    0x00, 0x00, 0x00, 0x00, 0x00, 0x00, 0x3c, 0x74, 
    0x08, 0x00, 0x00, 0x00, 0x00, 0x00, 0x00, 0x00, 
    0xb8, 0xf9, 0x5e, 0x00, 0x00, 0x00, 0x00, 0x00, 
    0x1f, 0xeb, 0xec, 0x13, 0x00, 0x00, 0x00, 0x00, 
    0x00, 0x41, 0xe3, 0x79, 0x00, 0x00, 0x00, 0x00, 
    0x00, 0x00, 0x00, 0x00, 0x00, 0x00, 0x00, 0xde, 
    0xf8, 0x38, 0x00, 0x00, 0x97, 0xfc, 0x7b, 0xf0, 
    0xff, 0x44, 0x00, 0x00, 0xa8, 0xff, 0x8c, 0xf0, 
    0xff, 0x44, 0x00, 0x00, 0xa8, 0xff, 0x8c, 0xf0, 
    0xff, 0x44, 0x00, 0x00, 0xa8, 0xff, 0x8c, 0xf0, 
    0xff, 0x44, 0x00, 0x00, 0xa8, 0xff, 0x8c, 0xee, 
    0xff, 0x49, 0x00, 0x00, 0xa9, 0xff, 0x8c, 0xda, 
    0xff, 0x93, 0x00, 0x48, 0xf7, 0xff, 0x8c, 0x86, 
    0xff, 0xff, 0xe9, 0xff, 0xf1, 0xff, 0x8c, 0x08, 
    0x9c, 0xf4, 0xeb, 0x8d, 0x56, 0xfd, 0x7e, 0x00, 
    0x00, 0x00, 0x03, 0xc4, 0xfc, 0x4d, 0x00, 0x00, 
    0x00, 0x00, 0x6e, 0xff, 0x9c, 0x00, 0x00, 0x00, 
    0x00, 0x05, 0xd8, 0xb8, 0x06, 0x00, 0x00, 0x00, 
    0x00, 0x00, 0x00, 0x00, 0x00, 0x00, 0x00, 0xde, 
    0xf8, 0x38, 0x00, 0x00, 0x97, 0xfc, 0x7b, 0xf0, 
    0xff, 0x44, 0x00, 0x00, 0xa8, 0xff, 0x8c, 0xf0, 
    0xff, 0x44, 0x00, 0x00, 0xa8, 0xff, 0x8c, 0xf0, 
    0xff, 0x44, 0x00, 0x00, 0xa8, 0xff, 0x8c, 0xf0, 
    0xff, 0x44, 0x00, 0x00, 0xa8, 0xff, 0x8c, 0xee, 
    0xff, 0x49, 0x00, 0x00, 0xa9, 0xff, 0x8c, 0xda, 
    0xff, 0x93, 0x00, 0x48, 0xf7, 0xff, 0x8c, 0x86, 
    0xff, 0xff, 0xe9, 0xff, 0xf1, 0xff, 0x8c, 0x08, 
    0x9c, 0xf4, 0xeb, 0x8d, 0x56, 0xfd, 0x7e, 0x00, 
    0x00, 0x74, 0xfe, 0xe9, 0x25, 0x00, 0x00, 0x00, 
    0x2c, 0xf8, 0xb1, 0xea, 0xc5, 0x02, 0x00, 0x00, 
    0xa8, 0xd5, 0x12, 0x53, 0xe9, 0x54, 0x00, 0x00, 
    0x00, 0x00, 0x00, 0x00, 0x00, 0x00, 0x00, 0xde, 
    0xf8, 0x38, 0x00, 0x00, 0x97, 0xfc, 0x7b, 0xf0, 
    0xff, 0x44, 0x00, 0x00, 0xa8, 0xff, 0x8c, 0xf0, 
    0xff, 0x44, 0x00, 0x00, 0xa8, 0xff, 0x8c, 0xf0, 
    0xff, 0x44, 0x00, 0x00, 0xa8, 0xff, 0x8c, 0xf0, 
    0xff, 0x44, 0x00, 0x00, 0xa8, 0xff, 0x8c, 0xee, 
    0xff, 0x49, 0x00, 0x00, 0xa9, 0xff, 0x8c, 0xda, 
    0xff, 0x93, 0x00, 0x48, 0xf7, 0xff, 0x8c, 0x86, 
    0xff, 0xff, 0xe9, 0xff, 0xf1, 0xff, 0x8c, 0x08, 
    0x9c, 0xf4, 0xeb, 0x8d, 0x56, 0xfd, 0x7e, 0x00, 
    0xce, 0xed, 0x1c, 0x64, 0xf8, 0x7d, 0x00, 0x00, 
    0xf1, 0xff, 0x2a, 0x81, 0xff, 0x9a, 0x00, 0x00, 
    0x21, 0x2d, 0x00, 0x09, 0x39, 0x0c, 0x00, 0xde, 
    0xf8, 0x38, 0x00, 0x00, 0x97, 0xfc, 0x7b, 0xf0, 
    0xff, 0x44, 0x00, 0x00, 0xa8, 0xff, 0x8c, 0xf0, 
    0xff, 0x44, 0x00, 0x00, 0xa8, 0xff, 0x8c, 0xf0, 
    0xff, 0x44, 0x00, 0x00, 0xa8, 0xff, 0x8c, 0xf0, 
    0xff, 0x44, 0x00, 0x00, 0xa8, 0xff, 0x8c, 0xee, 
    0xff, 0x49, 0x00, 0x00, 0xa9, 0xff, 0x8c, 0xda, 
    0xff, 0x93, 0x00, 0x48, 0xf7, 0xff, 0x8c, 0x86, 
    0xff, 0xff, 0xe9, 0xff, 0xf1, 0xff, 0x8c, 0x08, 
    0x9c, 0xf4, 0xeb, 0x8d, 0x56, 0xfd, 0x7e, 0x00, 
    0x00, 0x00, 0x00, 0x46, 0xf5, 0xd3, 0x01, 0x00, 
    0x00, 0x00, 0x00, 0x08, 0xdc, 0xf5, 0x31, 0x00, 
    0x00, 0x00, 0x00, 0x00, 0x60, 0xe6, 0x55, 0x00, 
    0x00, 0x00, 0x00, 0x00, 0x00, 0x00, 0x00, 0x00, 
    0x00, 0x00, 0x00, 0xaf, 0xfe, 0x83, 0x00, 0x00, 
    0x00, 0xd6, 0xf8, 0x3b, 0x79, 0xff, 0xe1, 0x01, 
    0x00, 0x31, 0xff, 0xfa, 0x10, 0x1e, 0xfe, 0xff, 
    0x3a, 0x00, 0x80, 0xff, 0xb6, 0x00, 0x00, 0xbf, 
    0xff, 0x91, 0x00, 0xcf, 0xff, 0x61, 0x00, 0x00, 
    0x62, 0xff, 0xe6, 0x20, 0xff, 0xfa, 0x12, 0x00, 
    0x00, 0x0e, 0xf6, 0xff, 0xac, 0xff, 0xb8, 0x00, 
    0x00, 0x00, 0x00, 0xa8, 0xff, 0xff, 0xff, 0x63, 
    0x00, 0x00, 0x00, 0x00, 0x4c, 0xff, 0xff, 0xfb, 
    0x13, 0x00, 0x00, 0x00, 0x00, 0x04, 0xdc, 0xff, 
    0xba, 0x00, 0x00, 0x00, 0x00, 0x00, 0x07, 0xed, 
    0xff, 0x64, 0x00, 0x00, 0x00, 0x00, 0x00, 0x58, 
    0xff, 0xfb, 0x13, 0x00, 0x00, 0x00, 0x00, 0x00, 
    0xa1, 0xfc, 0xa3, 0x00, 0x00, 0x00, 0x00, 0xcf, 
    0xf9, 0x44, 0x00, 0x00, 0x00, 0x00, 0x00, 0xe4, 
    0xff, 0x54, 0x00, 0x00, 0x00, 0x00, 0x00, 0xe4, 
    0xff, 0x54, 0x00, 0x00, 0x00, 0x00, 0x00, 0xe4, 
    0xff, 0x54, 0x00, 0x00, 0x00, 0x00, 0x00, 0xe4, 
    0xff, 0x6e, 0xab, 0xf5, 0xe5, 0x66, 0x00, 0xe4, 
    0xff, 0xfc, 0xff, 0xfe, 0xff, 0xff, 0x51, 0xe4, 
    0xff, 0xde, 0x2e, 0x16, 0xd3, 0xff, 0xbc, 0xe4, 
    0xff, 0x59, 0x00, 0x00, 0x6c, 0xff, 0xe8, 0xe4, 
    0xff, 0x54, 0x00, 0x00, 0x52, 0xff, 0xf8, 0xe4, 
    0xff, 0x58, 0x00, 0x00, 0x6f, 0xff, 0xdf, 0xe4, 
    0xff, 0xdb, 0x27, 0x1b, 0xd9, 0xff, 0xad, 0xe4, 
    0xff, 0xfd, 0xff, 0xff, 0xff, 0xfe, 0x3c, 0xe4, 
    0xff, 0x74, 0xbd, 0xf9, 0xdc, 0x5c, 0x00, 0xe4, 
    0xff, 0x54, 0x00, 0x00, 0x00, 0x00, 0x00, 0xe4, 
    0xff, 0x54, 0x00, 0x00, 0x00, 0x00, 0x00, 0xd3, 
    0xfc, 0x46, 0x00, 0x00, 0x00, 0x00, 0x00, 0x00, 
    0x57, 0xf8, 0x87, 0x06, 0xdf, 0xe6, 0x0c, 0x00, 
    0x00, 0x75, 0xff, 0xa2, 0x0c, 0xfb, 0xfd, 0x14, 
    0x00, 0x00, 0x07, 0x38, 0x0e, 0x00, 0x26, 0x28, 
    0x00, 0x00, 0xaf, 0xfe, 0x83, 0x00, 0x00, 0x00, 
    0xd6, 0xf8, 0x3b, 0x79, 0xff, 0xe1, 0x01, 0x00, 
    0x31, 0xff, 0xfa, 0x10, 0x1e, 0xfe, 0xff, 0x3a, 
    0x00, 0x80, 0xff, 0xb6, 0x00, 0x00, 0xbf, 0xff, 
    0x91, 0x00, 0xcf, 0xff, 0x61, 0x00, 0x00, 0x62, 
    0xff, 0xe6, 0x20, 0xff, 0xfa, 0x12, 0x00, 0x00, 
    0x0e, 0xf6, 0xff, 0xac, 0xff, 0xb8, 0x00, 0x00, 
    0x00, 0x00, 0xa8, 0xff, 0xff, 0xff, 0x63, 0x00, 
    0x00, 0x00, 0x00, 0x4c, 0xff, 0xff, 0xfb, 0x13, 
    0x00, 0x00, 0x00, 0x00, 0x04, 0xdc, 0xff, 0xba, 
    0x00, 0x00, 0x00, 0x00, 0x00, 0x07, 0xed, 0xff, 
    0x64, 0x00, 0x00, 0x00, 0x00, 0x00, 0x58, 0xff, 
    0xfb, 0x13, 0x00, 0x00, 0x00, 0x00, 0x00, 0xa1, 
    0xfc, 0xa3, 0x00, 0x00, 0x00, 0x00, 0xff, 0xff, 
    0xff, 0xff, 0xff, 0xff, 0xff, 0xff, 0xff, 0xff, 
    0xff, 0xff, 0xff, 0xff, 0xff, 0xff, 0xff, 0xff, 
    0xff, 0xff, 0xff, 0xff, 0xff, 0xff, 0xff, 0xff, 
    0xff, 0xff, 0xff, 0xff, 0xff, 0xff, 0xff, 0xff, 
    0xff, 0xff, 0xff, 0xff, 0xff, 0xff, 0xff, 0xff, 
    0xff, 0xff, 0xff, 0xff, 0xff, 0xff, 0xff, 0xff, 
    0xff, 0xff, 0xff, 0xff, 0xff, 0xff, 0xff, 0xff, 
    0xff, 0xff, 0xff, 0xff, 0xff, 0xff, 0xff, 0xff, 
    0xff, 0xff, 0xff, 0xff, 0xff, 0xff, 0xff, 0xff, 
    0xff, 0xff, 0xff, 0xff, 0xff, 0xff, 0xff, 0xff, 
    0xff, 0xff, 0xff, 0xff, 0xff, 0xff, 0xff, 0xff, 
    0xff, 0xff, 0xff, 0xff, 0xff, 0xff, 0xff, 0xff, 
    0xff, 0xff, 0xff, 0xff, 0xff, 0xff, 0xff, 0xff, 
    0xff, 0xff, 0xff, 0xff, 0xff, 0xff, 0xff, 0xff, 
    0xff, 0xff, 0xff, 0xff, 0xff, 0xff, 0xff, 0xff, 
    0xff, 0xff, 0xff, 0xff, 0xff, 0xff, 0xff, 0xff, 
    0xff, 0xff, 0xff, 0xff, 0xff, 0xff, 0xff, 0xff, 
    0xff, 0xff, 0xff, 0xff, 0xff, 0xff, 0xff, 0xff, 
    0xff, 0xff, 0xff, 0xff, 0xff, 0xff, 0xff, 0xff, 
    0xff, 0xff, 0xff, 0xff, 0xff, 0xff, 0xff, 0xff, 
    0xff, 0xff, 0xff, 0xff, 0xff, 0xff, 0xff, 0xff, 
    0xff, 0xff, 0xff, 0xff, 0xff, 0xff, 0xff, 0xff, 
    0xff, 0xff, 0xff, 0xff, 0xff, 0xff, 0xff, 0xff, 
    0xff, 0xff, 0xff, 0xff, 0xff, 0xff, 0xff, 0xff, 
    0xff, 0xff, 0xff, 0xff, 0xff, 0xff, 0xff, 0xff, 
    0xff, 0xff, 0xff, 0xff, 0xff, 0xff, 0xff, 0xff, 
    0xff, 0xff, 0xff, 0xff, 0xff, 0xff, 0xff, 0xff, 
    0xff, 0xff, 0xff, 0xff, 0xff, 0xff, 0xff, 0xff, 
    0xff, 0xff, 0xff, 0xff, 0xff, 0xff, 0xff, 0xff, 
    0xff, 0xff, 0xff, 0xff, 0xff, 0xff, 0xff, 0xff, 
    0xff, 0xff, 0xff, 0xff, 0xff, 0xff, 0xff, 0xff, 
    0xff, 0xff, 0xff, 0xff, 0xff, 0xff, 0xff, 0xff, 
    0xff, 0xff, 0xff, 0xff, 0xff, 0xff, 0xff, 0xff, 
    0xff, 0xff, 0xff, 0xff, 0xff, 0xff, 0xff, 0xff, 
    0xff, 0xff, 0xff, 0xff, 0xff, 0xff, 0xff, 0xff, 
    0xff, 0xff, 0xff, 0xff, 0xff, 0xff, 0xff, 0xff, 
    0xff, 0xff, 0xff, 0xff, 0xff, 0xff, 0xff, 0xff, 
    0xff, 0xff, 0xff, 0xff, 0xff, 0xff, 0xff, 0xff, 
    0xff, 0xff, 0xff, 0xff, 0xff, 0xff, 0xff, 0xff, 
    0xff, 0xff, 0xff, 0xff, 0xff, 0xff, 0xff, 0xff, 
    0xff, 0xff, 0xff, 0xff, 0xff, 0xff, 0xff, 0xff, 
    0xff, 0xff, 0xff, 0xff, 0xff, 0xff, 0xff, 0xff, 
    0xff, 0xff, 0xff, 0xff, 0xff, 0xff, 0xff, 0xff, 
    0xff, 0xff, 0xff, 0xff, 0xff, 0xff, 0xff, 0xff, 
    0xff, 0xff, 0xff, 0xff, 0xff, 0xff, 0xff, 0xff, 
    0xff, 0xff, 0xff, 0xff, 0xff, 0xff, 0xff, 0xff, 
    0xff, 0xff, 0xff, 0xff, 0xff, 0xff, 0xff, 0xff, 
    0xff, 0xff, 0xff, 0xff, 0xff, 0xff, 0xff, 0xff, 
    0xff, 0xff, 0xff, 0xff, 0xff, 0xff, 0xff, 0xff, 
    0xff, 0xff, 0xff, 0xff, 0xff, 0xff, 0xff, 0xff, 
    0xff, 0xff, 0xff, 0xff, 0xff, 0xff, 0xff, 0xff, 
    0xff, 0xff, 0xff, 0xff, 0xff, 0xff, 0xff, 0xff, 
    0xff, 0xff, 0xff, 0xff, 0xff, 0xff, 0xff, 0xff, 
    0xff, 0xff, 0xff, 0xff, 0xff, 0xff, 0xff, 0xff, 
    0xff, 0xff, 0xff, 0xff, 0xff, 0xff, 0xff, 0xff, 
    0xff, 0xff, 0x26, 0x05, 0xa1, 0xff, 0xff, 0xff, 
    0xff, 0xff, 0xff, 0x16, 0x00, 0x93, 0xff, 0xff, 
    0xff, 0xff, 0xff, 0xff, 0x1e, 0x00, 0x9a, 0xff, 
    0xff, 0xff, 0xff, 0xff, 0xff, 0x25, 0x00, 0xa0, 
    0xff, 0xff, 0xff, 0xff, 0xff, 0xff, 0x2c, 0x00, 
    0xa7, 0xff, 0xff, 0xff, 0xff, 0xff, 0xff, 0x33, 
    0x00, 0xae, 0xff, 0xff, 0xff, 0xff, 0xff, 0xff, 
    0x3a, 0x00, 0xb4, 0xff, 0xff, 0xff, 0xff, 0xff, 
    0xff, 0x42, 0x00, 0xbb, 0xff, 0xff, 0xff, 0xff, 
    0xff, 0xff, 0x4b, 0x00, 0xc4, 0xff, 0xff, 0xff, 
    0xff, 0xff, 0xff, 0xeb, 0xd4, 0xfe, 0xff, 0xff, 
    0xff, 0xff, 0xff, 0xff, 0x89, 0x55, 0xd9, 0xff, 
    0xff, 0xff, 0xff, 0xff, 0xff, 0x0a, 0x00, 0x86, 
    0xff, 0xff, 0xff, 0xff, 0xff, 0xff, 0x41, 0x09, 
    0xb6, 0xff, 0xff, 0xff, 0xff, 0xff, 0xff, 0xff, 
    0xff, 0xff, 0xff, 0xff, 0xff, 0xff, 0xff, 0xff, 
    0xff, 0xff, 0xff, 0xff, 0xff, 0xff, 0xff, 0xff, 
    0xff, 0xff, 0xff, 0xff, 0xff, 0xff, 0xff, 0xff, 
    0xff, 0xff, 0xff, 0xff, 0xff, 0xff, 0xff, 0xff, 
    0xff, 0xff, 0xff, 0xff, 0xff, 0xff, 0xff, 0xff, 
    0xff, 0xff, 0xff, 0xff, 0xff, 0xff, 0xff, 0xff, 
    0xff, 0xff, 0xff, 0xff, 0xff, 0xff, 0xff, 0xff, 
    0xff, 0xff, 0xff, 0xff, 0xff, 0xff, 0xff, 0xff, 
    0xff, 0xff, 0xff, 0xff, 0xff, 0xff, 0xff, 0xff, 
    0xff, 0xff, 0xff, 0xff, 0xff, 0xff, 0xff, 0xff, 
    0xff, 0xff, 0xff, 0xff, 0xff, 0xff, 0xff, 0xff, 
    0xff, 0xff, 0xff, 0xff, 0xff, 0xff, 0xff, 0xff, 
    0xff, 0xff, 0xff, 0xff, 0xff, 0xff, 0xff, 0xff, 
    0xff, 0xff, 0xff, 0xff, 0xff, 0xff, 0xff, 0xff, 
    0xff, 0xff, 0xff, 0xff, 0xff, 0xff, 0xff, 0xff, 
    0xff, 0xff, 0xff, 0xff, 0xff, 0xff, 0xff, 0xff, 
    0xff, 0xff, 0xff, 0xff, 0xff, 0xff, 0xff, 0xff, 
    0xff, 0xff, 0xff, 0xff, 0xff, 0xff, 0xff, 0xff, 
    0xff, 0xff, 0xff, 0xff, 0xff, 0xff, 0xff, 0xff, 
    0xff, 0xff, 0xff, 0xff, 0xff, 0xff, 0xff, 0xff, 
    0xff, 0xff, 0xff, 0xff, 0xff, 0xff, 0xff, 0xff, 
    0xff, 0xff, 0xff, 0xff, 0xff, 0xff, 0xff, 0xff, 
    0xff, 0xff, 0xff, 0x26, 0x0c, 0xf5, 0x7a, 0x04, 
    0xa4, 0xff, 0xff, 0xff, 0xff, 0xff, 0xff, 0x21, 
    0x00, 0xfb, 0x76, 0x00, 0xa2, 0xff, 0xff, 0xff, 
    0xff, 0xff, 0xff, 0x2e, 0x09, 0xff, 0x84, 0x00, 
    0xaf, 0xff, 0xff, 0xff, 0xff, 0xff, 0xff, 0x3a, 
    0x16, 0xff, 0x91, 0x00, 0xbb, 0xff, 0xff, 0xff, 
    0xff, 0xff, 0xff, 0x6a, 0x4c, 0xff, 0xb6, 0x26, 
    0xd7, 0xff, 0xff, 0xff, 0xff, 0xff, 0xff, 0xff, 
    0xff, 0xff, 0xff, 0xff, 0xff, 0xff, 0xff, 0xff, 
    0xff, 0xff, 0xff, 0xff, 0xff, 0xff, 0xff, 0xff, 
    0xff, 0xff, 0xff, 0xff, 0xff, 0xff, 0xff, 0xff, 
    0xff, 0xff, 0xff, 0xff, 0xff, 0xff, 0xff, 0xff, 
    0xff, 0xff, 0xff, 0xff, 0xff, 0xff, 0xff, 0xff, 
    0xff, 0xff, 0xff, 0xff, 0xff, 0xff, 0xff, 0xff, 
    0xff, 0xff, 0xff, 0xff, 0xff, 0xff, 0xff, 0xff, 
    0xff, 0xff, 0xff, 0xff, 0xff, 0xff, 0xff, 0xff, 
    0xff, 0xff, 0xff, 0xff, 0xff, 0xff, 0xff, 0xff, 
    0xff, 0xff, 0xff, 0xff, 0xff, 0xff, 0xff, 0xff, 
    0xff, 0xff, 0xff, 0xff, 0xff, 0xff, 0xff, 0xff, 
    0xff, 0xff, 0xff, 0xff, 0xff, 0xff, 0xff, 0xff, 
    0xff, 0xff, 0xff, 0xff, 0xff, 0xff, 0xff, 0xff, 
    0xff, 0xff, 0xff, 0xff, 0xff, 0xff, 0xff, 0xff, 
    0xff, 0xff, 0xff, 0xff, 0xff, 0xff, 0xff, 0xff, 
    0xff, 0xff, 0xff, 0xff, 0xff, 0xff, 0xff, 0xff, 
    0xff, 0xff, 0xff, 0xff, 0xff, 0xff, 0xff, 0xff, 
    0xff, 0xff, 0xff, 0xff, 0xff, 0xff, 0xff, 0xff, 
    0xff, 0xff, 0xff, 0xff, 0xff, 0xff, 0xff, 0xff, 
    0xff, 0xff, 0xff, 0xff, 0xff, 0xff, 0xff, 0xff, 
    0xff, 0xff, 0xff, 0xff, 0xff, 0xff, 0xff, 0xff, 
    0xff, 0xff, 0xff, 0xff, 0xff, 0xff, 0xff, 0xff, 
    0xff, 0xff, 0xff, 0xff, 0xff, 0xff, 0xff, 0xff, 
    0xff, 0xff, 0xff, 0xff, 0xff, 0xff, 0xff, 0xff, 
    0xff, 0xff, 0xff, 0xff, 0xff, 0xff, 0xff, 0xff, 
    0xff, 0xff, 0xff, 0xff, 0xff, 0xff, 0xff, 0xff, 
    0xff, 0xff, 0xff, 0xff, 0xff, 0xff, 0xff, 0xff, 
    0xff, 0xff, 0xff, 0xff, 0xff, 0xff, 0xff, 0xff, 
    0xff, 0xff, 0xff, 0xff, 0xff, 0xff, 0xff, 0xff, 
    0xff, 0xff, 0xff, 0xff, 0xff, 0xff, 0xff, 0xff, 
    0xff, 0xff, 0xff, 0xff, 0xff, 0xff, 0xff, 0xff, 
    0xff, 0xff, 0xff, 0xff, 0xff, 0xff, 0xff, 0xff, 
    0xff, 0xff, 0xff, 0xff, 0xff, 0xff, 0xff, 0xff, 
    0xff, 0xff, 0xff, 0xff, 0xff, 0xff, 0xff, 0xff, 
    0xff, 0xff, 0xff, 0xff, 0xff, 0xff, 0xff, 0xff, 
    0xff, 0xff, 0xff, 0xff, 0xff, 0xff, 0xff, 0xff, 
    0xff, 0xff, 0xff, 0xff, 0xff, 0xff, 0xff, 0xff, 
    0xff, 0xff, 0xff, 0xff, 0xff, 0xff, 0xff, 0xff, 
    0xff, 0xff, 0xff, 0xff, 0xff, 0xff, 0xff, 0xff, 
    0xff, 0xff, 0xff, 0xff, 0xff, 0xff, 0xff, 0xff, 
    0xff, 0xff, 0xff, 0xff, 0xff, 0xff, 0xff, 0xff, 
    0xff, 0xff, 0xff, 0xff, 0xff, 0xff, 0xff, 0xff, 
    0xff, 0xff, 0xff, 0xff, 0xff, 0xff, 0xff, 0x6e, 
    0x06, 0xe6, 0xff, 0x20, 0x3a, 0xff, 0xff, 0xff, 
    0xff, 0xff, 0xff, 0xff, 0xff, 0xff, 0x42, 0x02, 
    0xfa, 0xf6, 0x00, 0x4b, 0xff, 0xff, 0xff, 0xff, 
    0xff, 0xff, 0xff, 0xff, 0xff, 0x23, 0x1c, 0xff, 
    0xd9, 0x00, 0x69, 0xff, 0xff, 0xff, 0xff, 0xff, 
    0xff, 0xff, 0xbf, 0x00, 0x00, 0x00, 0x00, 0x00, 
    0x00, 0x00, 0x5d, 0xff, 0xff, 0xff, 0xff, 0xff, 
    0xff, 0xe2, 0x62, 0x00, 0x2a, 0x6f, 0x41, 0x00, 
    0x4a, 0xa6, 0xff, 0xff, 0xff, 0xff, 0xff, 0xff, 
    0xff, 0xce, 0x00, 0x75, 0xff, 0x82, 0x00, 0xbd, 
    0xff, 0xff, 0xff, 0xff, 0xff, 0xff, 0xff, 0xff, 
    0xb3, 0x00, 0x8f, 0xff, 0x67, 0x00, 0xd7, 0xff, 
    0xff, 0xff, 0xff, 0xff, 0xff, 0xff, 0x9c, 0x44, 
    0x00, 0x44, 0x6b, 0x24, 0x00, 0x63, 0xe9, 0xff, 
    0xff, 0xff, 0xff, 0xff, 0xff, 0x50, 0x00, 0x00, 
    0x00, 0x00, 0x00, 0x00, 0x00, 0xcb, 0xff, 0xff, 
    0xff, 0xff, 0xff, 0xff, 0xff, 0x5b, 0x00, 0xe4, 
    0xff, 0x12, 0x30, 0xff, 0xff, 0xff, 0xff, 0xff, 
    0xff, 0xff, 0xff, 0xff, 0x3c, 0x05, 0xfd, 0xf2, 
    0x00, 0x4f, 0xff, 0xff, 0xff, 0xff, 0xff, 0xff, 
    0xff, 0xff, 0xff, 0x27, 0x2d, 0xff, 0xda, 0x03, 
    0x77, 0xff, 0xff, 0xff, 0xff, 0xff, 0xff, 0xff, 
    0xff, 0xff, 0xff, 0xff, 0xff, 0xff, 0xff, 0xff, 
    0xff, 0xff, 0xff, 0xff, 0xff, 0xff, 0xff, 0xff, 
    0xff, 0xff, 0xff, 0xff, 0xff, 0xff, 0xff, 0xff, 
    0xff, 0xff, 0xff, 0xff, 0xff, 0xff, 0xff, 0xff, 
    0xff, 0xff, 0xff, 0xff, 0xff, 0xff, 0xff, 0xff, 
    0xff, 0xff, 0xff, 0xff, 0xff, 0xff, 0xff, 0xff, 
    0xff, 0xff, 0xff, 0xff, 0xff, 0xff, 0xff, 0xff, 
    0xff, 0xff, 0xff, 0xff, 0xff, 0xff, 0xff, 0xff, 
    0xff, 0xff, 0xff, 0xff, 0xff, 0xff, 0xff, 0xff, 
    0xff, 0xff, 0xff, 0xff, 0xff, 0xff, 0xff, 0xff, 
    0xff, 0xff, 0xff, 0xff, 0xff, 0xff, 0xff, 0xff, 
    0xff, 0xff, 0xff, 0xff, 0xff, 0xff, 0xff, 0xff, 
    0xff, 0xff, 0xff, 0xff, 0xff, 0xff, 0xff, 0xff, 
    0xff, 0xff, 0xff, 0xff, 0xff, 0xff, 0xff, 0xff, 
    0xff, 0xff, 0xff, 0xff, 0xff, 0xff, 0xff, 0xff, 
    0xff, 0xff, 0xff, 0xff, 0xff, 0xff, 0xff, 0xff, 
    0xff, 0xff, 0xff, 0xff, 0xff, 0xff, 0xff, 0xff, 
    0xff, 0xff, 0xff, 0xff, 0xff, 0xff, 0xff, 0xff, 
    0xff, 0xff, 0xff, 0xff, 0xff, 0xff, 0xff, 0xff, 
    0xff, 0xff, 0xff, 0xff, 0xff, 0xff, 0xff, 0xff, 
    0xff, 0xff, 0xff, 0xff, 0xff, 0xff, 0xff, 0xff, 
    0xff, 0xff, 0xff, 0xff, 0xff, 0xff, 0xff, 0xff, 
    0xff, 0xff, 0xff, 0xff, 0xff, 0xff, 0xff, 0xff, 
    0xff, 0xff, 0xff, 0xff, 0xff, 0xff, 0xff, 0xff, 
    0xff, 0xff, 0xff, 0xff, 0xff, 0xff, 0xff, 0xff, 
    0xff, 0xff, 0xff, 0xff, 0xff, 0xff, 0xff, 0xff, 
    0xff, 0xff, 0xff, 0xff, 0xff, 0xff, 0xff, 0xff, 
    0xff, 0xff, 0xff, 0xff, 0xff, 0xff, 0xff, 0xff, 
    0xff, 0xff, 0xff, 0xff, 0xff, 0xff, 0xff, 0xff, 
    0xff, 0xff, 0xff, 0xff, 0xff, 0xff, 0xff, 0xff, 
    0xff, 0xff, 0xff, 0xff, 0xff, 0x53, 0x22, 0xff, 
    0xff, 0xff, 0xff, 0xff, 0xff, 0xff, 0xff, 0xff, 
    0xff, 0xff, 0xff, 0xff, 0x31, 0x2b, 0xff, 0xff, 
    0xff, 0xff, 0xff, 0xff, 0xff, 0xff, 0xff, 0xff, 
    0xff, 0xa4, 0x43, 0x04, 0x0a, 0x53, 0xcc, 0xff, 
    0xff, 0xff, 0xff, 0xff, 0xff, 0xff, 0xff, 0x82, 
    0x00, 0x00, 0x07, 0x04, 0x00, 0x51, 0xff, 0xff, 
    0xff, 0xff, 0xff, 0xff, 0xff, 0xfe, 0x0e, 0x00, 
    0x7f, 0xfd, 0xfb, 0xbb, 0x9c, 0xff, 0xff, 0xff, 
    0xff, 0xff, 0xff, 0xff, 0xf4, 0x00, 0x00, 0xa7, 
    0xff, 0xff, 0xff, 0xff, 0xff, 0xff, 0xff, 0xff, 
    0xff, 0xff, 0xff, 0xff, 0x26, 0x00, 0x0f, 0x8f, 
    0xef, 0xff, 0xff, 0xff, 0xff, 0xff, 0xff, 0xff, 
    0xff, 0xff, 0xff, 0xbf, 0x0e, 0x00, 0x00, 0x08, 
    0x6a, 0xf1, 0xff, 0xff, 0xff, 0xff, 0xff, 0xff, 
    0xff, 0xff, 0xff, 0xe4, 0x73, 0x13, 0x00, 0x00, 
    0x36, 0xfc, 0xff, 0xff, 0xff, 0xff, 0xff, 0xff, 
    0xff, 0xff, 0xff, 0xff, 0xf5, 0x6a, 0x00, 0x00, 
    0xc6, 0xff, 0xff, 0xff, 0xff, 0xff, 0xff, 0xff, 
    0xff, 0xff, 0xff, 0xff, 0xe7, 0x00, 0x00, 0xab, 
    0xff, 0xff, 0xff, 0xff, 0xff, 0xff, 0xc7, 0x41, 
    0xaa, 0xd8, 0xd3, 0x63, 0x00, 0x04, 0xde, 0xff, 
    0xff, 0xff, 0xff, 0xff, 0xff, 0xc6, 0x00, 0x00, 
    0x00, 0x00, 0x00, 0x00, 0x89, 0xff, 0xff, 0xff, 
    0xff, 0xff, 0xff, 0xff, 0xff, 0xb3, 0x5e, 0x00, 
    0x1a, 0x68, 0xc3, 0xff, 0xff, 0xff, 0xff, 0xff, 
    0xff, 0xff, 0xff, 0xff, 0xff, 0xea, 0x00, 0x76, 
    0xff, 0xff, 0xff, 0xff, 0xff, 0xff, 0xff, 0xff, 
    0xff, 0xff, 0xff, 0xff, 0xdb, 0x04, 0x96, 0xff, 
    0xff, 0xff, 0xff, 0xff, 0xff, 0xff, 0xff, 0xff, 
    0xff, 0xff, 0xff, 0xff, 0xff, 0xff, 0xff, 0xff, 
    0xff, 0xff, 0xff, 0xff, 0xff, 0xff, 0xff, 0xff, 
    0xff, 0xff, 0xff, 0xff, 0xff, 0xff, 0xff, 0xff, 
    0xff, 0xff, 0xff, 0xff, 0xff, 0xff, 0xff, 0xff, 
    0xff, 0xff, 0xff, 0xff, 0xff, 0xff, 0xff, 0xff, 
    0xff, 0xff, 0xff, 0xff, 0xff, 0xff, 0xff, 0xff, 
    0xff, 0xff, 0xff, 0xff, 0xff, 0xff, 0xff, 0xff, 
    0xff, 0xff, 0xff, 0xff, 0xff, 0xff, 0xff, 0xff, 
    0xff, 0xff, 0xff, 0xff, 0xff, 0xff, 0xff, 0xff, 
    0xff, 0xff, 0xff, 0xff, 0xff, 0xff, 0xff, 0xff, 
    0xff, 0xff, 0xff, 0xff, 0xff, 0xff, 0xff, 0xff, 
    0xff, 0xff, 0xff, 0xff, 0xff, 0xff, 0xff, 0xff, 
    0xff, 0xff, 0xff, 0xff, 0xff, 0xff, 0xff, 0xff, 
    0xff, 0xff, 0xff, 0xff, 0xff, 0xff, 0xff, 0xff, 
    0xff, 0xff, 0xff, 0xff, 0xff, 0xff, 0xff, 0xff, 
    0xff, 0xff, 0xff, 0xff, 0xff, 0xff, 0xff, 0xff, 
    0xff, 0xff, 0xff, 0xff, 0xff, 0xff, 0xff, 0xff, 
    0xff, 0xff, 0xff, 0xff, 0xff, 0xff, 0xff, 0xff, 
    0xff, 0xff, 0xff, 0xff, 0xff, 0xff, 0xff, 0xff, 
    0xff, 0xff, 0xff, 0xff, 0xff, 0xff, 0xff, 0xff, 
    0xff, 0xff, 0xff, 0xff, 0xff, 0xff, 0xff, 0xff, 
    0xff, 0xff, 0xff, 0xff, 0xff, 0xff, 0xff, 0xff, 
    0xff, 0xff, 0xff, 0xff, 0xff, 0xff, 0xff, 0xff, 
    0xff, 0xff, 0xff, 0xff, 0xff, 0xff, 0xff, 0xff, 
    0xff, 0xff, 0xff, 0xff, 0xff, 0xff, 0xff, 0xff, 
    0xff, 0xff, 0xff, 0xff, 0xff, 0xff, 0xff, 0xff, 
    0xff, 0xff, 0xff, 0xff, 0xff, 0xff, 0xff, 0xff, 
    0xff, 0xff, 0xff, 0xff, 0xff, 0xff, 0xff, 0xff, 
    0xff, 0xff, 0xff, 0xff, 0xff, 0xff, 0xff, 0xff, 
    0xff, 0xff, 0xff, 0xff, 0xff, 0xff, 0xff, 0xff, 
    0xff, 0xff, 0xff, 0xff, 0xff, 0xff, 0xff, 0xff, 
    0xff, 0xff, 0xff, 0xff, 0xff, 0xff, 0xff, 0xff, 
    0xff, 0xff, 0xff, 0xff, 0xff, 0xff, 0xff, 0xff, 
    0xff, 0xff, 0xff, 0xff, 0xff, 0xff, 0xff, 0xff, 
    0xff, 0xff, 0xff, 0xff, 0xff, 0xff, 0xff, 0xff, 
    0xff, 0xff, 0x96, 0x20, 0x08, 0x58, 0xf5, 0xff, 
    0xff, 0xff, 0xa2, 0x09, 0x9b, 0xff, 0xff, 0xff, 
    0xff, 0xff, 0xff, 0xff, 0xd2, 0x00, 0x4f, 0x7b, 
    0x00, 0x87, 0xff, 0xff, 0xd7, 0x0b, 0x3d, 0xfc, 
    0xff, 0xff, 0xff, 0xff, 0xff, 0xff, 0xff, 0x91, 
    0x00, 0xb9, 0xf8, 0x00, 0x4c, 0xff, 0xf8, 0x2f, 
    0x12, 0xe2, 0xff, 0xff, 0xff, 0xff, 0xff, 0xff, 
    0xff, 0xff, 0x89, 0x00, 0xbd, 0xff, 0x03, 0x49, 
    0xff, 0x6c, 0x00, 0xb0, 0xff, 0xff, 0xff, 0xff, 
    0xff, 0xff, 0xff, 0xff, 0xff, 0xb1, 0x00, 0x7c, 
    0xbc, 0x00, 0x7a, 0xb1, 0x00, 0x6c, 0xff, 0xff, 
    0xff, 0xff, 0xff, 0xff, 0xff, 0xff, 0xff, 0xff, 
    0xfb, 0x46, 0x00, 0x00, 0x2e, 0xcd, 0x13, 0x2f, 
    0xf8, 0xfe, 0xfc, 0xff, 0xff, 0xff, 0xff, 0xff, 
    0xff, 0xff, 0xff, 0xff, 0xfe, 0xdd, 0xd7, 0xf9, 
    0x3f, 0x0a, 0xd3, 0x6c, 0x0f, 0x04, 0x63, 0xfa, 
    0xff, 0xff, 0xff, 0xff, 0xff, 0xff, 0xff, 0xff, 
    0xff, 0xff, 0x81, 0x00, 0x9d, 0xa4, 0x00, 0x77, 
    0x71, 0x00, 0xa2, 0xff, 0xff, 0xff, 0xff, 0xff, 
    0xff, 0xff, 0xff, 0xff, 0xc3, 0x03, 0x58, 0xff, 
    0x6a, 0x00, 0xe0, 0xd7, 0x00, 0x6c, 0xff, 0xff, 
    0xff, 0xff, 0xff, 0xff, 0xff, 0xff, 0xee, 0x1d, 
    0x21, 0xf1, 0xff, 0x68, 0x00, 0xdd, 0xd6, 0x00, 
    0x71, 0xff, 0xff, 0xff, 0xff, 0xff, 0xff, 0xff, 
    0xff, 0x51, 0x05, 0xc9, 0xff, 0xff, 0x9d, 0x00, 
    0x6d, 0x69, 0x00, 0xb0, 0xff, 0xff, 0xff, 0xff, 
    0xff, 0xff, 0xff, 0xae, 0x04, 0x8f, 0xff, 0xff, 
    0xff, 0xf9, 0x66, 0x14, 0x18, 0x7a, 0xfe, 0xff, 
    0xff, 0xff, 0xff, 0xff, 0xff, 0xff, 0xff, 0xff, 
    0xff, 0xff, 0xff, 0xff, 0xff, 0xff, 0xff, 0xff, 
    0xff, 0xff, 0xff, 0xff, 0xff, 0xff, 0xff, 0xff, 
    0xff, 0xff, 0xff, 0xff, 0xff, 0xff, 0xff, 0xff, 
    0xff, 0xff, 0xff, 0xff, 0xff, 0xff, 0xff, 0xff, 
    0xff, 0xff, 0xff, 0xff, 0xff, 0xff, 0xff, 0xff, 
    0xff, 0xff, 0xff, 0xff, 0xff, 0xff, 0xff, 0xff, 
    0xff, 0xff, 0xff, 0xff, 0xff, 0xff, 0xff, 0xff, 
    0xff, 0xff, 0xff, 0xff, 0xff, 0xff, 0xff, 0xff, 
    0xff, 0xff, 0xff, 0xff, 0xff, 0xff, 0xff, 0xff, 
    0xff, 0xff, 0xff, 0xff, 0xff, 0xff, 0xff, 0xff, 
    0xff, 0xff, 0xff, 0xff, 0xff, 0xff, 0xff, 0xff, 
    0xff, 0xff, 0xff, 0xff, 0xff, 0xff, 0xff, 0xff, 
    0xff, 0xff, 0xff, 0xff, 0xff, 0xff, 0xff, 0xff, 
    0xff, 0xff, 0xff, 0xff, 0xff, 0xff, 0xff, 0xff, 
    0xff, 0xff, 0xff, 0xff, 0xff, 0xff, 0xff, 0xff, 
    0xff, 0xff, 0xff, 0xff, 0xff, 0xff, 0xff, 0xff, 
    0xff, 0xff, 0xff, 0xff, 0xff, 0xff, 0xff, 0xff, 
    0xff, 0xff, 0xff, 0xff, 0xff, 0xff, 0xff, 0xff, 
    0xff, 0xff, 0xff, 0xff, 0xff, 0xff, 0xff, 0xff, 
    0xff, 0xff, 0xff, 0xff, 0xff, 0xff, 0xff, 0xff, 
    0xff, 0xff, 0xff, 0xff, 0xff, 0xff, 0xff, 0xff, 
    0xff, 0xff, 0xff, 0xff, 0xff, 0xff, 0xff, 0xff, 
    0xff, 0xff, 0xff, 0xff, 0xff, 0xff, 0xff, 0xff, 
    0xff, 0xff, 0xff, 0xff, 0xff, 0xff, 0xff, 0xff, 
    0xff, 0xff, 0xff, 0xff, 0xff, 0xff, 0xff, 0xff, 
    0xff, 0xff, 0xff, 0xff, 0xff, 0xff, 0xff, 0xff, 
    0xff, 0xff, 0xff, 0xff, 0xff, 0xff, 0xff, 0xff, 
    0xff, 0xff, 0xff, 0xff, 0xff, 0xff, 0xff, 0xff, 
    0xff, 0xff, 0xff, 0xff, 0xff, 0xff, 0xff, 0xff, 
    0xff, 0xff, 0xff, 0xff, 0xff, 0xff, 0xff, 0xff, 
    0xff, 0xff, 0xff, 0xff, 0xff, 0xff, 0xff, 0xff, 
    0xff, 0xff, 0xff, 0xff, 0xff, 0xff, 0xff, 0xff, 
    0xff, 0xff, 0xff, 0xff, 0xff, 0xff, 0xff, 0xff, 
    0xff, 0xff, 0xff, 0xff, 0xff, 0xff, 0xff, 0xff, 
    0xff, 0xff, 0xff, 0xff, 0xff, 0xff, 0xff, 0xff, 
    0xff, 0xff, 0xff, 0xff, 0xff, 0xff, 0xff, 0xff, 
    0xff, 0xff, 0xff, 0xff, 0xff, 0xff, 0xff, 0xff, 
    0xff, 0xff, 0xff, 0xff, 0xff, 0xff, 0xff, 0xff, 
    0xff, 0xff, 0xff, 0xff, 0xff, 0xff, 0xff, 0xff, 
    0xff, 0xff, 0xff, 0xff, 0xff, 0xff, 0xff, 0xff, 
    0xff, 0xff, 0xf1, 0x75, 0x1c, 0x04, 0x13, 0x5d, 
    0xe2, 0xff, 0xff, 0xff, 0xff, 0xff, 0xff, 0xff, 
    0xff, 0xff, 0xff, 0xff, 0xff, 0x47, 0x00, 0x07, 
    0x2a, 0x05, 0x00, 0x34, 0xff, 0xff, 0xff, 0xff, 
    0xff, 0xff, 0xff, 0xff, 0xff, 0xff, 0xff, 0xe1, 
    0x00, 0x00, 0xbe, 0xff, 0xa8, 0x00, 0x00, 0xee, 
    0xff, 0xff, 0xff, 0xff, 0xff, 0xff, 0xff, 0xff, 
    0xff, 0xff, 0xd0, 0x00, 0x00, 0xcc, 0xff, 0x9a, 
    0x00, 0x0a, 0xfc, 0xff, 0xff, 0xff, 0xff, 0xff, 
    0xff, 0xff, 0xff, 0xff, 0xff, 0xfc, 0x1d, 0x00, 
    0x4f, 0x9b, 0x09, 0x00, 0x85, 0xff, 0xff, 0xff, 
    0xff, 0xff, 0xff, 0xff, 0xff, 0xff, 0xff, 0xff, 
    0xff, 0xaa, 0x00, 0x00, 0x00, 0x06, 0x85, 0xff, 
    0xff, 0xff, 0xff, 0xff, 0xff, 0xff, 0xff, 0xff, 
    0xff, 0xff, 0xff, 0xf9, 0x62, 0x00, 0x00, 0x00, 
    0x80, 0xff, 0xff, 0x3c, 0x16, 0xdc, 0xff, 0xff, 
    0xff, 0xff, 0xff, 0xff, 0xff, 0xff, 0x5e, 0x00, 
    0x12, 0x36, 0x00, 0x05, 0xb4, 0xfd, 0x09, 0x00, 
    0xde, 0xff, 0xff, 0xff, 0xff, 0xff, 0xff, 0xff, 
    0xdf, 0x00, 0x00, 0xaf, 0xee, 0x2e, 0x00, 0x08, 
    0x7d, 0x00, 0x0f, 0xfd, 0xff, 0xff, 0xff, 0xff, 
    0xff, 0xff, 0xff, 0xc1, 0x00, 0x00, 0xd5, 0xff, 
    0xea, 0x2b, 0x00, 0x00, 0x00, 0x63, 0xff, 0xff, 
    0xff, 0xff, 0xff, 0xff, 0xff, 0xff, 0xe5, 0x02, 
    0x00, 0x5a, 0xf5, 0xff, 0xbd, 0x03, 0x00, 0x00, 
    0x5c, 0xf8, 0xff, 0xff, 0xff, 0xff, 0xff, 0xff, 
    0xff, 0xff, 0x68, 0x00, 0x00, 0x03, 0x0e, 0x00, 
    0x00, 0x10, 0x02, 0x00, 0x11, 0xfa, 0xff, 0xff, 
    0xff, 0xff, 0xff, 0xff, 0xff, 0xfc, 0x93, 0x33, 
    0x0a, 0x08, 0x2e, 0x7f, 0xed, 0xc1, 0x30, 0x11, 
    0xfb, 0xff, 0xff, 0xff, 0xff, 0xff, 0xff, 0xff, 
    0xff, 0xff, 0xff, 0xff, 0xff, 0xff, 0xff, 0xff, 
    0xff, 0xff, 0xff, 0xff, 0xff, 0xff, 0xff, 0xff, 
    0xff, 0xff, 0xff, 0xff, 0xff, 0xff, 0xff, 0xff, 
    0xff, 0xff, 0xff, 0xff, 0xff, 0xff, 0xff, 0xff, 
    0xff, 0xff, 0xff, 0xff, 0xff, 0xff, 0xff, 0xff, 
    0xff, 0xff, 0xff, 0xff, 0xff, 0xff, 0xff, 0xff, 
    0xff, 0xff, 0xff, 0xff, 0xff, 0xff, 0xff, 0xff, 
    0xff, 0xff, 0xff, 0xff, 0xff, 0xff, 0xff, 0xff, 
    0xff, 0xff, 0xff, 0xff, 0xff, 0xff, 0xff, 0xff, 
    0xff, 0xff, 0xff, 0xff, 0xff, 0xff, 0xff, 0xff, 
    0xff, 0xff, 0xff, 0xff, 0xff, 0xff, 0xff, 0xff, 
    0xff, 0xff, 0xff, 0xff, 0xff, 0xff, 0xff, 0xff, 
    0xff, 0xff, 0xff, 0xff, 0xff, 0xff, 0xff, 0xff, 
    0xff, 0xff, 0xff, 0xff, 0xff, 0xff, 0xff, 0xff, 
    0xff, 0xff, 0xff, 0xff, 0xff, 0xff, 0xff, 0xff, 
    0xff, 0xff, 0xff, 0xff, 0xff, 0xff, 0xff, 0xff, 
    0xff, 0xff, 0xff, 0xff, 0xff, 0xff, 0xff, 0xff, 
    0xff, 0xff, 0xff, 0xff, 0xff, 0xff, 0xff, 0xff, 
    0xff, 0xff, 0xff, 0xff, 0xff, 0xff, 0xff, 0xff, 
    0xff, 0xff, 0xff, 0xff, 0xff, 0xff, 0xff, 0xff, 
    0xff, 0xff, 0xff, 0xff, 0xff, 0xff, 0xff, 0xff, 
    0xff, 0xff, 0xff, 0xff, 0xff, 0xff, 0xff, 0xff, 
    0xff, 0xff, 0xff, 0xff, 0xff, 0xff, 0xff, 0xff, 
    0xff, 0xff, 0xff, 0xff, 0xff, 0xff, 0xff, 0xff, 
    0xff, 0xff, 0xff, 0xff, 0xff, 0xff, 0xff, 0xff, 
    0xff, 0xff, 0xff, 0xff, 0xff, 0xff, 0xff, 0xff, 
    0xff, 0xff, 0xff, 0xff, 0xff, 0xff, 0xff, 0xff, 
    0xff, 0xff, 0xff, 0xff, 0xff, 0xff, 0xff, 0xff, 
    0xff, 0xff, 0xff, 0xff, 0xff, 0xff, 0xff, 0xff, 
    0x27, 0x0a, 0xe9, 0xff, 0xff, 0xff, 0xff, 0xff, 
    0xff, 0x21, 0x00, 0xee, 0xff, 0xff, 0xff, 0xff, 
    0xff, 0xff, 0x2e, 0x00, 0xfb, 0xff, 0xff, 0xff, 
    0xff, 0xff, 0xff, 0x3a, 0x07, 0xff, 0xff, 0xff, 
    0xff, 0xff, 0xff, 0xff, 0x6b, 0x3d, 0xff, 0xff, 
    0xff, 0xff, 0xff, 0xff, 0xff, 0xff, 0xff, 0xff, 
    0xff, 0xff, 0xff, 0xff, 0xff, 0xff, 0xff, 0xff, 
    0xff, 0xff, 0xff, 0xff, 0xff, 0xff, 0xff, 0xff, 
    0xff, 0xff, 0xff, 0xff, 0xff, 0xff, 0xff, 0xff, 
    0xff, 0xff, 0xff, 0xff, 0xff, 0xff, 0xff, 0xff, 
    0xff, 0xff, 0xff, 0xff, 0xff, 0xff, 0xff, 0xff, 
    0xff, 0xff, 0xff, 0xff, 0xff, 0xff, 0xff, 0xff, 
    0xff, 0xff, 0xff, 0xff, 0xff, 0xff, 0xff, 0xff, 
    0xff, 0xff, 0xff, 0xff, 0xff, 0xff, 0xff, 0xff, 
    0xff, 0xff, 0xff, 0xff, 0xff, 0xff, 0xff, 0xff, 
    0xff, 0xff, 0xff, 0xff, 0xff, 0xff, 0xff, 0xff, 
    0xff, 0xff, 0xff, 0xff, 0xff, 0xff, 0xff, 0xff, 
    0xff, 0xff, 0xff, 0xff, 0xff, 0xff, 0xff, 0xff, 
    0xff, 0xff, 0xff, 0xff, 0xff, 0xff, 0xff, 0xff, 
    0xff, 0xff, 0xff, 0xff, 0xff, 0xff, 0xff, 0xff, 
    0xff, 0xff, 0xff, 0xff, 0xff, 0xff, 0xff, 0xff, 
    0xff, 0xff, 0xff, 0xff, 0xff, 0xff, 0xff, 0xff, 
    0xff, 0xff, 0xff, 0xff, 0xff, 0xff, 0xff, 0xff, 
    0xff, 0xff, 0xff, 0xff, 0xff, 0xff, 0xff, 0xff, 
    0xff, 0xff, 0xff, 0xff, 0xff, 0xff, 0xff, 0xff, 
    0xff, 0xff, 0xff, 0xff, 0xff, 0xff, 0xff, 0xff, 
    0xff, 0xff, 0xff, 0xff, 0xff, 0xff, 0xff, 0xff, 
    0xff, 0xff, 0xff, 0xff, 0xff, 0xff, 0xff, 0xff, 
    0xff, 0xff, 0xff, 0xff, 0xff, 0xff, 0xff, 0xff, 
    0xff, 0xff, 0xff, 0xff, 0xff, 0xff, 0xff, 0xff, 
    0xff, 0xff, 0xff, 0xff, 0xff, 0xff, 0xff, 0xff, 
    0xff, 0xff, 0xff, 0xff, 0xff, 0xff, 0xff, 0xff, 
    0xff, 0xff, 0xff, 0xff, 0xff, 0xff, 0xff, 0xff, 
    0xff, 0xff, 0xff, 0xff, 0xff, 0xff, 0xff, 0xff, 
    0xff, 0xff, 0xff, 0xff, 0xff, 0xff, 0xff, 0xff, 
    0xff, 0xff, 0xff, 0xff, 0xff, 0xff, 0xff, 0xff, 
    0xff, 0xff, 0xb4, 0x04, 0x63, 0xff, 0xff, 0xff, 
    0xff, 0xff, 0xff, 0xff, 0xff, 0x42, 0x00, 0xa9, 
    0xff, 0xff, 0xff, 0xff, 0xff, 0xff, 0xff, 0xe0, 
    0x00, 0x08, 0xf6, 0xff, 0xff, 0xff, 0xff, 0xff, 
    0xff, 0xff, 0x91, 0x00, 0x42, 0xff, 0xff, 0xff, 
    0xff, 0xff, 0xff, 0xff, 0xff, 0x51, 0x00, 0x7a, 
    0xff, 0xff, 0xff, 0xff, 0xff, 0xff, 0xff, 0xff, 
    0x22, 0x00, 0xa0, 0xff, 0xff, 0xff, 0xff, 0xff, 
    0xff, 0xff, 0xff, 0x04, 0x00, 0xba, 0xff, 0xff, 
    0xff, 0xff, 0xff, 0xff, 0xff, 0xf6, 0x00, 0x00, 
    0xc6, 0xff, 0xff, 0xff, 0xff, 0xff, 0xff, 0xff, 
    0xf6, 0x00, 0x00, 0xc5, 0xff, 0xff, 0xff, 0xff, 
    0xff, 0xff, 0xff, 0xff, 0x05, 0x00, 0xb9, 0xff, 
    0xff, 0xff, 0xff, 0xff, 0xff, 0xff, 0xff, 0x23, 
    0x00, 0x9d, 0xff, 0xff, 0xff, 0xff, 0xff, 0xff, 
    0xff, 0xff, 0x53, 0x00, 0x77, 0xff, 0xff, 0xff, 
    0xff, 0xff, 0xff, 0xff, 0xff, 0x92, 0x00, 0x3d, 
    0xff, 0xff, 0xff, 0xff, 0xff, 0xff, 0xff, 0xff, 
    0xdf, 0x00, 0x06, 0xf4, 0xff, 0xff, 0xff, 0xff, 
    0xff, 0xff, 0xff, 0xff, 0x43, 0x00, 0xa5, 0xff, 
    0xff, 0xff, 0xff, 0xff, 0xff, 0xff, 0xff, 0xb8, 
    0x05, 0x60, 0xff, 0xff, 0xff, 0xff, 0xff, 0xff, 
    0xff, 0xff, 0xff, 0xff, 0xff, 0xff, 0xff, 0xff, 
    0xff, 0xff, 0xff, 0xff, 0xff, 0xff, 0xff, 0xff, 
    0xff, 0xff, 0xff, 0xff, 0xff, 0xff, 0xff, 0xff, 
    0xff, 0xff, 0xff, 0xff, 0xff, 0xff, 0xff, 0xff, 
    0xff, 0xff, 0xff, 0xff, 0xff, 0xff, 0xff, 0xff, 
    0xff, 0xff, 0xff, 0xff, 0xff, 0xff, 0xff, 0xff, 
    0xff, 0xff, 0xff, 0xff, 0xff, 0xff, 0xff, 0xff, 
    0xff, 0xff, 0xff, 0xff, 0xff, 0xff, 0xff, 0xff, 
    0xff, 0xff, 0xff, 0xff, 0xff, 0xff, 0xff, 0xff, 
    0xff, 0xff, 0xff, 0xff, 0xff, 0xff, 0xff, 0xff, 
    0xff, 0xff, 0xff, 0xff, 0xff, 0xff, 0xff, 0xff, 
    0xff, 0xff, 0xff, 0xff, 0xff, 0xff, 0xff, 0xff, 
    0xff, 0xff, 0xff, 0xff, 0xff, 0xff, 0xff, 0xff, 
    0xff, 0xff, 0xff, 0xff, 0xff, 0xff, 0xff, 0xff, 
    0xff, 0xff, 0xff, 0xff, 0xff, 0xff, 0xff, 0xff, 
    0xff, 0xff, 0xff, 0xff, 0xff, 0xff, 0xff, 0xff, 
    0xff, 0xff, 0xff, 0xff, 0xff, 0xff, 0xff, 0xff, 
    0xff, 0xff, 0xff, 0xff, 0xff, 0xff, 0xff, 0xff, 
    0xff, 0xff, 0xff, 0xff, 0xff, 0xff, 0xff, 0xff, 
    0xff, 0xff, 0xf1, 0x09, 0x23, 0xfb, 0xff, 0xff, 
    0xff, 0xff, 0xff, 0xff, 0xff, 0xff, 0x41, 0x00, 
    0xaa, 0xff, 0xff, 0xff, 0xff, 0xff, 0xff, 0xff, 
    0xff, 0x98, 0x00, 0x4b, 0xff, 0xff, 0xff, 0xff, 
    0xff, 0xff, 0xff, 0xff, 0xda, 0x00, 0x08, 0xf5, 
    0xff, 0xff, 0xff, 0xff, 0xff, 0xff, 0xff, 0xff, 
    0x12, 0x00, 0xbe, 0xff, 0xff, 0xff, 0xff, 0xff, 
    0xff, 0xff, 0xff, 0x39, 0x00, 0x8e, 0xff, 0xff, 
    0xff, 0xff, 0xff, 0xff, 0xff, 0xff, 0x54, 0x00, 
    0x6f, 0xff, 0xff, 0xff, 0xff, 0xff, 0xff, 0xff, 
    0xff, 0x61, 0x00, 0x5f, 0xff, 0xff, 0xff, 0xff, 
    0xff, 0xff, 0xff, 0xff, 0x60, 0x00, 0x5f, 0xff, 
    0xff, 0xff, 0xff, 0xff, 0xff, 0xff, 0xff, 0x53, 
    0x00, 0x6d, 0xff, 0xff, 0xff, 0xff, 0xff, 0xff, 
    0xff, 0xff, 0x37, 0x00, 0x8b, 0xff, 0xff, 0xff, 
    0xff, 0xff, 0xff, 0xff, 0xff, 0x10, 0x00, 0xb8, 
    0xff, 0xff, 0xff, 0xff, 0xff, 0xff, 0xff, 0xd6, 
    0x00, 0x06, 0xf1, 0xff, 0xff, 0xff, 0xff, 0xff, 
    0xff, 0xff, 0x94, 0x00, 0x48, 0xff, 0xff, 0xff, 
    0xff, 0xff, 0xff, 0xff, 0xff, 0x3d, 0x00, 0xab, 
    0xff, 0xff, 0xff, 0xff, 0xff, 0xff, 0xff, 0xf1, 
    0x08, 0x27, 0xfc, 0xff, 0xff, 0xff, 0xff, 0xff, 
    0xff, 0xff, 0xff, 0xff, 0xff, 0xff, 0xff, 0xff, 
    0xff, 0xff, 0xff, 0xff, 0xff, 0xff, 0xff, 0xff, 
    0xff, 0xff, 0xff, 0xff, 0xff, 0xff, 0xff, 0xff, 
    0xff, 0xff, 0xff, 0xff, 0xff, 0xff, 0xff, 0xff, 
    0xff, 0xff, 0xff, 0xff, 0xff, 0xff, 0xff, 0xff, 
    0xff, 0xff, 0xff, 0xff, 0xff, 0xff, 0xff, 0xff, 
    0xff, 0xff, 0xff, 0xff, 0xff, 0xff, 0xff, 0xff, 
    0xff, 0xff, 0xff, 0xff, 0xff, 0xff, 0xff, 0xff, 
    0xff, 0xff, 0xff, 0xff, 0xff, 0xff, 0xff, 0xff, 
    0xff, 0xff, 0xff, 0xff, 0xff, 0xff, 0xff, 0xff, 
    0xff, 0xff, 0xff, 0xff, 0xff, 0xff, 0xff, 0xff, 
    0xff, 0xff, 0xff, 0xff, 0xff, 0xff, 0xff, 0xff, 
    0xff, 0xff, 0xff, 0xff, 0xff, 0xff, 0xff, 0xff, 
    0xff, 0xff, 0xff, 0xff, 0xff, 0xff, 0xff, 0xff, 
    0xff, 0xff, 0xff, 0xff, 0xff, 0xff, 0xff, 0xff, 
    0xff, 0xff, 0xff, 0xff, 0xff, 0xff, 0xff, 0xff, 
    0xff, 0xff, 0xff, 0xff, 0xff, 0xff, 0xff, 0xff, 
    0xff, 0xff, 0xff, 0xff, 0xff, 0xff, 0xff, 0xff, 
    0xff, 0xff, 0xff, 0xff, 0xff, 0xff, 0xff, 0xff, 
    0xff, 0xff, 0xff, 0xff, 0xff, 0xff, 0xff, 0xff, 
    0xff, 0xff, 0xff, 0xff, 0xff, 0xff, 0xff, 0xff, 
    0xff, 0xff, 0xff, 0xff, 0xff, 0xff, 0xff, 0xff, 
    0xad, 0x04, 0xc8, 0xff, 0xff, 0xff, 0xff, 0xff, 
    0xff, 0xff, 0xff, 0xad, 0x7f, 0xc2, 0x00, 0xd9, 
    0x70, 0xc3, 0xff, 0xff, 0xff, 0xff, 0xff, 0xff, 
    0x5b, 0x00, 0x3f, 0x01, 0x3e, 0x00, 0x74, 0xff, 
    0xff, 0xff, 0xff, 0xff, 0xff, 0xff, 0xb6, 0x13, 
    0x00, 0x1d, 0xc5, 0xff, 0xff, 0xff, 0xff, 0xff, 
    0xff, 0xff, 0x81, 0x0b, 0x1d, 0x01, 0x1b, 0x11, 
    0x96, 0xff, 0xff, 0xff, 0xff, 0xff, 0xff, 0x8b, 
    0x47, 0xbc, 0x00, 0xce, 0x38, 0xa2, 0xff, 0xff, 
    0xff, 0xff, 0xff, 0xff, 0xff, 0xff, 0xa7, 0x00, 
    0xc3, 0xff, 0xff, 0xff, 0xff, 0xff, 0xff, 0xff, 
    0xff, 0xff, 0xff, 0xf4, 0xcb, 0xf9, 0xff, 0xff, 
    0xff, 0xff, 0xff, 0xff, 0xff, 0xff, 0xff, 0xff, 
    0xff, 0xff, 0xff, 0xff, 0xff, 0xff, 0xff, 0xff, 
    0xff, 0xff, 0xff, 0xff, 0xff, 0xff, 0xff, 0xff, 
    0xff, 0xff, 0xff, 0xff, 0xff, 0xff, 0xff, 0xff, 
    0xff, 0xff, 0xff, 0xff, 0xff, 0xff, 0xff, 0xff, 
    0xff, 0xff, 0xff, 0xff, 0xff, 0xff, 0xff, 0xff, 
    0xff, 0xff, 0xff, 0xff, 0xff, 0xff, 0xff, 0xff, 
    0xff, 0xff, 0xff, 0xff, 0xff, 0xff, 0xff, 0xff, 
    0xff, 0xff, 0xff, 0xff, 0xff, 0xff, 0xff, 0xff, 
    0xff, 0xff, 0xff, 0xff, 0xff, 0xff, 0xff, 0xff, 
    0xff, 0xff, 0xff, 0xff, 0xff, 0xff, 0xff, 0xff, 
    0xff, 0xff, 0xff, 0xff, 0xff, 0xff, 0xff, 0xff, 
    0xff, 0xff, 0xff, 0xff, 0xff, 0xff, 0xff, 0xff, 
    0xff, 0xff, 0xff, 0xff, 0xff, 0xff, 0xff, 0xff, 
    0xff, 0xff, 0xff, 0xff, 0xff, 0xff, 0xff, 0xff, 
    0xff, 0xff, 0xff, 0xff, 0xff, 0xff, 0xff, 0xff, 
    0xff, 0xff, 0xff, 0xff, 0xff, 0xff, 0xff, 0xff, 
    0xff, 0xff, 0xff, 0xff, 0xff, 0xff, 0xff, 0xff, 
    0xff, 0xff, 0xff, 0xff, 0xff, 0xff, 0xff, 0xff, 
    0xff, 0xff, 0xff, 0xff, 0xff, 0xff, 0xff, 0xff, 
    0xff, 0xff, 0xff, 0xff, 0xff, 0xff, 0xff, 0xff, 
    0xff, 0xff, 0xff, 0xff, 0xff, 0xff, 0xff, 0xff, 
    0xff, 0xff, 0xff, 0xff, 0xff, 0xff, 0xff, 0xff, 
    0xff, 0xff, 0xff, 0xff, 0xff, 0xff, 0xff, 0xff, 
    0xff, 0xff, 0xff, 0xff, 0xff, 0xff, 0xff, 0xff, 
    0xff, 0xff, 0xff, 0xff, 0xff, 0xff, 0xff, 0xff, 
    0xff, 0xff, 0xff, 0xff, 0xff, 0xff, 0xff, 0xff, 
    0xff, 0xff, 0xff, 0xff, 0xff, 0xff, 0xff, 0xff, 
    0xff, 0xff, 0xff, 0xff, 0xff, 0xff, 0xff, 0xff, 
    0xff, 0xff, 0xff, 0xff, 0xff, 0xff, 0xff, 0xff, 
    0xff, 0xff, 0xff, 0xff, 0xff, 0xff, 0xff, 0xff, 
    0xff, 0xff, 0xff, 0xff, 0xff, 0xff, 0xff, 0xff, 
    0xff, 0xff, 0xff, 0xff, 0xff, 0xff, 0xff, 0xff, 
    0xff, 0xff, 0xff, 0xff, 0xff, 0xff, 0xff, 0xff, 
    0xff, 0xff, 0xff, 0xff, 0xff, 0xff, 0xff, 0xff, 
    0xff, 0xff, 0xff, 0xff, 0xff, 0xff, 0xff, 0xff, 
    0xff, 0xff, 0xff, 0xff, 0xff, 0xff, 0xff, 0xff, 
    0xff, 0xff, 0xff, 0xff, 0xff, 0xff, 0xff, 0xff, 
    0xff, 0xff, 0xff, 0xff, 0xff, 0xff, 0xff, 0xff, 
    0xff, 0xff, 0xff, 0xff, 0xff, 0xff, 0xff, 0xff, 
    0xff, 0xff, 0xff, 0xff, 0xff, 0xff, 0xff, 0xff, 
    0xff, 0xff, 0xff, 0xff, 0xff, 0xff, 0xff, 0xff, 
    0xff, 0xff, 0xff, 0xff, 0xff, 0xff, 0xff, 0xff, 
    0xff, 0xff, 0xff, 0xff, 0xff, 0xff, 0xff, 0xff, 
    0xff, 0xff, 0xff, 0xff, 0xff, 0xff, 0xb6, 0x34, 
    0xbe, 0xff, 0xff, 0xff, 0xff, 0xff, 0xff, 0xff, 
    0xff, 0xff, 0xff, 0xff, 0xff, 0x8f, 0x00, 0x9b, 
    0xff, 0xff, 0xff, 0xff, 0xff, 0xff, 0xff, 0xff, 
    0xff, 0xff, 0xff, 0xff, 0x8f, 0x00, 0x9b, 0xff, 
    0xff, 0xff, 0xff, 0xff, 0xff, 0xff, 0xff, 0xff, 
    0xff, 0xff, 0xff, 0x8f, 0x00, 0x9b, 0xff, 0xff, 
    0xff, 0xff, 0xff, 0xff, 0xff, 0xff, 0xff, 0x85, 
    0x00, 0x00, 0x00, 0x00, 0x00, 0x00, 0x00, 0x8d, 
    0xff, 0xff, 0xff, 0xff, 0xff, 0xff, 0x9d, 0x2b, 
    0x2b, 0x18, 0x00, 0x1a, 0x2b, 0x2b, 0xa5, 0xff, 
    0xff, 0xff, 0xff, 0xff, 0xff, 0xff, 0xff, 0xff, 
    0x8f, 0x00, 0x9b, 0xff, 0xff, 0xff, 0xff, 0xff, 
    0xff, 0xff, 0xff, 0xff, 0xff, 0xff, 0xff, 0x8f, 
    0x00, 0x9b, 0xff, 0xff, 0xff, 0xff, 0xff, 0xff, 
    0xff, 0xff, 0xff, 0xff, 0xff, 0xff, 0x9c, 0x02, 
    0xa7, 0xff, 0xff, 0xff, 0xff, 0xff, 0xff, 0xff, 
    0xff, 0xff, 0xff, 0xff, 0xff, 0xff, 0xff, 0xff, 
    0xff, 0xff, 0xff, 0xff, 0xff, 0xff, 0xff, 0xff, 
    0xff, 0xff, 0xff, 0xff, 0xff, 0xff, 0xff, 0xff, 
    0xff, 0xff, 0xff, 0xff, 0xff, 0xff, 0xff, 0xff, 
    0xff, 0xff, 0xff, 0xff, 0xff, 0xff, 0xff, 0xff, 
    0xff, 0xff, 0xff, 0xff, 0xff, 0xff, 0xff, 0xff, 
    0xff, 0xff, 0xff, 0xff, 0xff, 0xff, 0xff, 0xff, 
    0xff, 0xff, 0xff, 0xff, 0xff, 0xff, 0xff, 0xff, 
    0xff, 0xff, 0xff, 0xff, 0xff, 0xff, 0xff, 0xff, 
    0xff, 0xff, 0xff, 0xff, 0xff, 0xff, 0xff, 0xff, 
    0xff, 0xff, 0xff, 0xff, 0xff, 0xff, 0xff, 0xff, 
    0xff, 0xff, 0xff, 0xff, 0xff, 0xff, 0xff, 0xff, 
    0xff, 0xff, 0xff, 0xff, 0xff, 0xff, 0xff, 0xff, 
    0xff, 0xff, 0xff, 0xff, 0xff, 0xff, 0xff, 0xff, 
    0xff, 0xff, 0xff, 0xff, 0xff, 0xff, 0xff, 0xff, 
    0xff, 0xff, 0xff, 0xff, 0xff, 0xff, 0xff, 0xff, 
    0xff, 0xff, 0xff, 0xff, 0xff, 0xff, 0xff, 0xff, 
    0xff, 0xff, 0xff, 0xff, 0xff, 0xff, 0xff, 0xff, 
    0xff, 0xff, 0xff, 0xff, 0xff, 0xff, 0xff, 0xff, 
    0xff, 0xff, 0xff, 0xff, 0xff, 0xff, 0xff, 0xff, 
    0xff, 0xff, 0xff, 0xff, 0xff, 0xff, 0xff, 0xff, 
    0xff, 0xff, 0xff, 0xff, 0xff, 0xff, 0xff, 0xff, 
    0xff, 0xff, 0xff, 0xff, 0xff, 0xff, 0xff, 0xff, 
    0xff, 0xff, 0xff, 0xff, 0xff, 0xff, 0xff, 0xff, 
    0xff, 0xff, 0xff, 0xff, 0xff, 0xff, 0xff, 0xff, 
    0xff, 0xff, 0xff, 0xff, 0xff, 0xff, 0xff, 0xff, 
    0xff, 0xff, 0xff, 0xff, 0xff, 0xff, 0xff, 0xff, 
    0xff, 0xff, 0xff, 0xff, 0xff, 0xff, 0xff, 0xff, 
    0xff, 0xff, 0xff, 0xff, 0xff, 0xff, 0xff, 0xff, 
    0xff, 0xff, 0xff, 0xff, 0xff, 0xff, 0xff, 0xff, 
    0xff, 0xff, 0xff, 0xff, 0xff, 0xff, 0xff, 0xff, 
    0xff, 0xff, 0xff, 0xff, 0xff, 0xff, 0xff, 0xff, 
    0xff, 0xff, 0xff, 0xff, 0xff, 0xff, 0xff, 0xff, 
    0xff, 0xff, 0xff, 0xff, 0xff, 0xff, 0xff, 0xff, 
    0xff, 0xff, 0xff, 0xff, 0xff, 0xff, 0xff, 0xff, 
    0xff, 0xff, 0xff, 0xff, 0xff, 0xff, 0xff, 0xff, 
    0xff, 0xff, 0xff, 0xff, 0xff, 0xff, 0xff, 0xff, 
    0xff, 0xff, 0xff, 0xff, 0xff, 0xff, 0xff, 0xff, 
    0xff, 0xff, 0xff, 0xff, 0xff, 0xff, 0xff, 0xff, 
    0xff, 0xff, 0xff, 0xff, 0xff, 0xff, 0xff, 0xff, 
    0xff, 0xff, 0xff, 0xff, 0xff, 0xff, 0xff, 0xff, 
    0xcd, 0x83, 0xca, 0xff, 0xff, 0xff, 0xff, 0xff, 
    0xff, 0xff, 0x53, 0x00, 0x51, 0xff, 0xff, 0xff, 
    0xff, 0xff, 0xff, 0xff, 0x4f, 0x00, 0x64, 0xff, 
    0xff, 0xff, 0xff, 0xff, 0xff, 0xfc, 0x1d, 0x00, 
    0xc2, 0xff, 0xff, 0xff, 0xff, 0xff, 0xff, 0xb2, 
    0x00, 0x60, 0xff, 0xff, 0xff, 0xff, 0xff, 0xff, 
    0xff, 0x56, 0x20, 0xee, 0xff, 0xff, 0xff, 0xff, 
    0xff, 0xff, 0xff, 0xff, 0xff, 0xff, 0xff, 0xff, 
    0xff, 0xff, 0xff, 0xff, 0xff, 0xff, 0xff, 0xff, 
    0xff, 0xff, 0xff, 0xff, 0xff, 0xff, 0xff, 0xff, 
    0xff, 0xff, 0xff, 0xff, 0xff, 0xff, 0xff, 0xff, 
    0xff, 0xff, 0xff, 0xff, 0xff, 0xff, 0xff, 0xff, 
    0xff, 0xff, 0xff, 0xff, 0xff, 0xff, 0xff, 0xff, 
    0xff, 0xff, 0xff, 0xff, 0xff, 0xff, 0xff, 0xff, 
    0xff, 0xff, 0xff, 0xff, 0xff, 0xff, 0xff, 0xff, 
    0xff, 0xff, 0xff, 0xff, 0xff, 0xff, 0xff, 0xff, 
    0xff, 0xff, 0xff, 0xff, 0xff, 0xff, 0xff, 0xff, 
    0xff, 0xff, 0xff, 0xff, 0xff, 0xff, 0xff, 0xff, 
    0xff, 0xff, 0xff, 0xff, 0xff, 0xff, 0xff, 0xff, 
    0xff, 0xff, 0xff, 0xff, 0xff, 0xff, 0xff, 0xff, 
    0xff, 0xff, 0xff, 0xff, 0xff, 0xff, 0xff, 0xff, 
    0xff, 0xff, 0xff, 0xff, 0xff, 0xff, 0xff, 0xff, 
    0xff, 0xff, 0xff, 0xff, 0xff, 0xff, 0xff, 0xff, 
    0xff, 0xff, 0xff, 0xff, 0xff, 0xff, 0xff, 0xff, 
    0xff, 0xff, 0xff, 0xff, 0xff, 0xff, 0xff, 0xff, 
    0xff, 0xff, 0xff, 0xff, 0xff, 0xff, 0xff, 0xff, 
    0xff, 0xff, 0xff, 0xff, 0xff, 0xff, 0xff, 0xff, 
    0xff, 0xff, 0xff, 0xff, 0xff, 0xff, 0xff, 0xff, 
    0xff, 0xff, 0xff, 0xff, 0xff, 0xff, 0xff, 0xff, 
    0xff, 0xff, 0xff, 0xff, 0xff, 0xff, 0xff, 0xff, 
    0xff, 0xff, 0xff, 0xff, 0xff, 0xff, 0xff, 0xff, 
    0xff, 0xff, 0xff, 0xff, 0xff, 0xff, 0xff, 0xff, 
    0xff, 0xff, 0xff, 0xff, 0xff, 0xff, 0xff, 0xff, 
    0xff, 0xff, 0xff, 0xff, 0xff, 0xff, 0xff, 0xff, 
    0xff, 0xff, 0xff, 0xff, 0xff, 0xff, 0xff, 0xff, 
    0xff, 0xff, 0xff, 0xff, 0xff, 0xa5, 0x1b, 0x1b, 
    0x1b, 0x2d, 0xff, 0xff, 0xff, 0xff, 0xff, 0xff, 
    0x98, 0x00, 0x00, 0x00, 0x14, 0xff, 0xff, 0xff, 
    0xff, 0xff, 0xff, 0xff, 0xff, 0xff, 0xff, 0xff, 
    0xff, 0xff, 0xff, 0xff, 0xff, 0xff, 0xff, 0xff, 
    0xff, 0xff, 0xff, 0xff, 0xff, 0xff, 0xff, 0xff, 
    0xff, 0xff, 0xff, 0xff, 0xff, 0xff, 0xff, 0xff, 
    0xff, 0xff, 0xff, 0xff, 0xff, 0xff, 0xff, 0xff, 
    0xff, 0xff, 0xff, 0xff, 0xff, 0xff, 0xff, 0xff, 
    0xff, 0xff, 0xff, 0xff, 0xff, 0xff, 0xff, 0xff, 
    0xff, 0xff, 0xff, 0xff, 0xff, 0xff, 0xff, 0xff, 
    0xff, 0xff, 0xff, 0xff, 0xff, 0xff, 0xff, 0xff, 
    0xff, 0xff, 0xff, 0xff, 0xff, 0xff, 0xff, 0xff, 
    0xff, 0xff, 0xff, 0xff, 0xff, 0xff, 0xff, 0xff, 
    0xff, 0xff, 0xff, 0xff, 0xff, 0xff, 0xff, 0xff, 
    0xff, 0xff, 0xff, 0xff, 0xff, 0xff, 0xff, 0xff, 
    0xff, 0xff, 0xff, 0xff, 0xff, 0xff, 0xff, 0xff, 
    0xff, 0xff, 0xff, 0xff, 0xff, 0xff, 0xff, 0xff, 
    0xff, 0xff, 0xff, 0xff, 0xff, 0xff, 0xff, 0xff, 
    0xff, 0xff, 0xff, 0xff, 0xff, 0xff, 0xff, 0xff, 
    0xff, 0xff, 0xff, 0xff, 0xff, 0xff, 0xff, 0xff, 
    0xff, 0xff, 0xff, 0xff, 0xff, 0xff, 0xff, 0xff, 
    0xff, 0xff, 0xff, 0xff, 0xff, 0xff, 0xff, 0xff, 
    0xff, 0xff, 0xff, 0xff, 0xff, 0xff, 0xff, 0xff, 
    0xff, 0xff, 0xff, 0xff, 0xff, 0xff, 0xff, 0xff, 
    0xff, 0xff, 0xff, 0xff, 0xff, 0xff, 0xff, 0xff, 
    0xff, 0xff, 0xff, 0xff, 0xff, 0xff, 0xff, 0xff, 
    0xff, 0xff, 0xff, 0xff, 0xff, 0xff, 0xff, 0xff, 
    0xff, 0xff, 0xff, 0xff, 0xff, 0xff, 0xff, 0xff, 
    0xff, 0xff, 0xff, 0xff, 0xff, 0xff, 0xff, 0xff, 
    0xff, 0xff, 0xff, 0xff, 0xff, 0xff, 0xff, 0xff, 
    0xff, 0xff, 0xff, 0xff, 0xff, 0xff, 0xff, 0xff, 
    0xff, 0xff, 0xff, 0xff, 0xff, 0xff, 0xff, 0xff, 
    0xff, 0xff, 0xff, 0xff, 0xff, 0xff, 0xff, 0xff, 
    0xff, 0xff, 0xff, 0xff, 0xff, 0xff, 0xff, 0xff, 
    0xff, 0xff, 0xff, 0xff, 0xff, 0xff, 0xff, 0xff, 
    0xff, 0xff, 0xff, 0xff, 0xff, 0xff, 0xff, 0xff, 
    0xff, 0xff, 0xff, 0xff, 0xff, 0xff, 0xff, 0xff, 
    0xff, 0xff, 0xff, 0xff, 0xff, 0xff, 0xff, 0xff, 
    0xff, 0xff, 0xff, 0xff, 0xff, 0xff, 0xff, 0xff, 
    0xff, 0xff, 0xff, 0xff, 0xff, 0xff, 0xff, 0xff, 
    0xff, 0xff, 0x7e, 0x30, 0xa5, 0xff, 0xff, 0xff, 
    0xff, 0xff, 0xff, 0x1e, 0x00, 0x52, 0xff, 0xff, 
    0xff, 0xff, 0xff, 0xff, 0x58, 0x07, 0x8c, 0xff, 
    0xff, 0xff, 0xff, 0xff, 0xff, 0xff, 0xff, 0xff, 
    0xff, 0xff, 0xff, 0xff, 0xff, 0xff, 0xff, 0xff, 
    0xff, 0xff, 0xff, 0xff, 0xff, 0xff, 0xff, 0xff, 
    0xff, 0xff, 0xff, 0xff, 0xff, 0xff, 0xff, 0xff, 
    0xff, 0xff, 0xff, 0xff, 0xff, 0xff, 0xff, 0xff, 
    0xff, 0xff, 0xff, 0xff, 0xff, 0xff, 0xff, 0xff, 
    0xff, 0xff, 0xff, 0xff, 0xff, 0xff, 0xff, 0xff, 
    0xff, 0xff, 0xff, 0xff, 0xff, 0xff, 0xff, 0xff, 
    0xff, 0xff, 0xff, 0xff, 0xff, 0xff, 0xff, 0xff, 
    0xff, 0xff, 0xff, 0xff, 0xff, 0xff, 0xff, 0xff, 
    0xff, 0xff, 0xff, 0xff, 0xff, 0xff, 0xff, 0xff, 
    0xff, 0xff, 0xff, 0xff, 0xff, 0xff, 0xff, 0xff, 
    0xff, 0xff, 0xff, 0xff, 0xff, 0xff, 0xff, 0xff, 
    0xff, 0xff, 0xff, 0xff, 0xff, 0xff, 0xff, 0xff, 
    0xff, 0xff, 0xff, 0xff, 0xff, 0xff, 0xff, 0xff, 
    0xff, 0xff, 0xff, 0xff, 0xff, 0xff, 0xff, 0xff, 
    0xff, 0xff, 0xff, 0xff, 0xff, 0xff, 0xff, 0xff, 
    0xff, 0xff, 0xff, 0xff, 0xff, 0xff, 0xff, 0xff, 
    0xff, 0xff, 0xff, 0xff, 0xff, 0xff, 0xff, 0xff, 
    0xff, 0xff, 0xff, 0xff, 0xff, 0xff, 0xff, 0xff, 
    0xff, 0xff, 0xff, 0xff, 0xff, 0xff, 0xff, 0xff, 
    0xff, 0xff, 0xff, 0xff, 0xff, 0xff, 0xff, 0xff, 
    0xff, 0xff, 0xff, 0xff, 0xff, 0xff, 0xff, 0xff, 
    0xff, 0xff, 0xff, 0xff, 0xff, 0xff, 0xff, 0xff, 
    0xff, 0xff, 0xbf, 0x84, 0xd3, 0xff, 0xff, 0xff, 
    0xff, 0xff, 0xff, 0xff, 0xff, 0xff, 0xff, 0xff, 
    0x22, 0x00, 0xaa, 0xff, 0xff, 0xff, 0xff, 0xff, 
    0xff, 0xff, 0xff, 0xff, 0xff, 0xca, 0x00, 0x0b, 
    0xf5, 0xff, 0xff, 0xff, 0xff, 0xff, 0xff, 0xff, 
    0xff, 0xff, 0xff, 0x73, 0x00, 0x57, 0xff, 0xff, 
    0xff, 0xff, 0xff, 0xff, 0xff, 0xff, 0xff, 0xff, 
    0xfe, 0x1e, 0x00, 0xae, 0xff, 0xff, 0xff, 0xff, 
    0xff, 0xff, 0xff, 0xff, 0xff, 0xff, 0xc5, 0x00, 
    0x0d, 0xf7, 0xff, 0xff, 0xff, 0xff, 0xff, 0xff, 
    0xff, 0xff, 0xff, 0xff, 0x6e, 0x00, 0x5c, 0xff, 
    0xff, 0xff, 0xff, 0xff, 0xff, 0xff, 0xff, 0xff, 
    0xff, 0xfd, 0x1a, 0x00, 0xb3, 0xff, 0xff, 0xff, 
    0xff, 0xff, 0xff, 0xff, 0xff, 0xff, 0xff, 0xc1, 
    0x00, 0x10, 0xf9, 0xff, 0xff, 0xff, 0xff, 0xff, 
    0xff, 0xff, 0xff, 0xff, 0xff, 0x6a, 0x00, 0x60, 
    0xff, 0xff, 0xff, 0xff, 0xff, 0xff, 0xff, 0xff, 
    0xff, 0xff, 0xfc, 0x17, 0x00, 0xb7, 0xff, 0xff, 
    0xff, 0xff, 0xff, 0xff, 0xff, 0xff, 0xff, 0xff, 
    0xbc, 0x00, 0x13, 0xfb, 0xff, 0xff, 0xff, 0xff, 
    0xff, 0xff, 0xff, 0xff, 0xff, 0xff, 0x65, 0x00, 
    0x65, 0xff, 0xff, 0xff, 0xff, 0xff, 0xff, 0xff, 
    0xff, 0xff, 0xff, 0xfb, 0x13, 0x00, 0xbb, 0xff, 
    0xff, 0xff, 0xff, 0xff, 0xff, 0xff, 0xff, 0xff, 
    0xff, 0xb7, 0x00, 0x15, 0xfc, 0xff, 0xff, 0xff, 
    0xff, 0xff, 0xff, 0xff, 0xff, 0xff, 0xff, 0x60, 
    0x00, 0x69, 0xff, 0xff, 0xff, 0xff, 0xff, 0xff, 
    0xff, 0xff, 0xff, 0xff, 0xff, 0x26, 0x08, 0xc6, 
    0xff, 0xff, 0xff, 0xff, 0xff, 0xff, 0xff, 0xff, 
    0xff, 0xff, 0xff, 0xff, 0xff, 0xff, 0xff, 0xff, 
    0xff, 0xff, 0xff, 0xff, 0xff, 0xff, 0xff, 0xff, 
    0xff, 0xff, 0xff, 0xff, 0xff, 0xff, 0xff, 0xff, 
    0xff, 0xff, 0xff, 0xff, 0xff, 0xff, 0xff, 0xff, 
    0xff, 0xff, 0xff, 0xff, 0xff, 0xff, 0xff, 0xff, 
    0xff, 0xff, 0xff, 0xff, 0xff, 0xff, 0xff, 0xff, 
    0xff, 0xff, 0xff, 0xff, 0xff, 0xff, 0xff, 0xff, 
    0xff, 0xff, 0xff, 0xff, 0xff, 0xff, 0xff, 0xff, 
    0xff, 0xff, 0xff, 0xff, 0xff, 0xff, 0xff, 0xff, 
    0xff, 0xff, 0xff, 0xff, 0xff, 0xff, 0xff, 0xff, 
    0xff, 0xff, 0xff, 0xff, 0xff, 0xff, 0xff, 0xff, 
    0xff, 0xff, 0xff, 0xff, 0xff, 0xff, 0xff, 0xff, 
    0xff, 0xff, 0xff, 0xff, 0xff, 0xff, 0xff, 0xff, 
    0xff, 0xff, 0xff, 0xff, 0xff, 0xff, 0xff, 0xff, 
    0xff, 0xff, 0xff, 0xff, 0xff, 0xff, 0xff, 0xff, 
    0xff, 0xff, 0xff, 0xff, 0xff, 0xff, 0xff, 0xff, 
    0xff, 0xff, 0xff, 0xff, 0xff, 0xff, 0xff, 0xff, 
    0xff, 0xff, 0xff, 0xff, 0xff, 0xff, 0xff, 0xff, 
    0xff, 0xff, 0xff, 0xff, 0xff, 0xff, 0xff, 0xff, 
    0xff, 0xff, 0xff, 0xff, 0xff, 0xff, 0xff, 0xff, 
    0xff, 0xff, 0xff, 0xff, 0xff, 0xff, 0xff, 0xff, 
    0xff, 0xff, 0xff, 0xff, 0xff, 0xff, 0xff, 0xff, 
    0xff, 0xff, 0xff, 0xff, 0xff, 0xff, 0xff, 0xff, 
    0xff, 0xff, 0xff, 0xff, 0xff, 0xff, 0xff, 0xff, 
    0xff, 0xff, 0xff, 0xff, 0xff, 0xff, 0xff, 0xff, 
    0xff, 0xff, 0xff, 0xff, 0xff, 0xff, 0xff, 0xff, 
    0xff, 0xff, 0xff, 0xff, 0xff, 0xff, 0xff, 0xff, 
    0xff, 0xff, 0xff, 0xff, 0xff, 0xff, 0xff, 0xff, 
    0xff, 0x99, 0x2a, 0x07, 0x16, 0x65, 0xef, 0xff, 
    0xff, 0xff, 0xff, 0xff, 0xff, 0xff, 0xff, 0x90, 
    0x00, 0x00, 0x0d, 0x00, 0x00, 0x43, 0xff, 0xff, 
    0xff, 0xff, 0xff, 0xff, 0xff, 0xf8, 0x11, 0x00, 
    0x7e, 0xff, 0xab, 0x00, 0x00, 0xcb, 0xff, 0xff, 
    0xff, 0xff, 0xff, 0xff, 0xc0, 0x00, 0x03, 0xf5, 
    0xff, 0xff, 0x18, 0x00, 0x8e, 0xff, 0xff, 0xff, 
    0xff, 0xff, 0xff, 0xa1, 0x00, 0x1d, 0xff, 0xff, 
    0xff, 0x3a, 0x00, 0x70, 0xff, 0xff, 0xff, 0xff, 
    0xff, 0xff, 0x8b, 0x00, 0x2a, 0xff, 0xff, 0xff, 
    0x46, 0x00, 0x63, 0xff, 0xff, 0xff, 0xff, 0xff, 
    0xff, 0x83, 0x00, 0x29, 0xff, 0xff, 0xff, 0x48, 
    0x00, 0x6c, 0xff, 0xff, 0xff, 0xff, 0xff, 0xff, 
    0x8f, 0x00, 0x1d, 0xff, 0xff, 0xff, 0x3d, 0x00, 
    0x82, 0xff, 0xff, 0xff, 0xff, 0xff, 0xff, 0xad, 
    0x00, 0x03, 0xf5, 0xff, 0xff, 0x18, 0x00, 0xa0, 
    0xff, 0xff, 0xff, 0xff, 0xff, 0xff, 0xe9, 0x03, 
    0x00, 0x8d, 0xfe, 0xa3, 0x00, 0x04, 0xe5, 0xff, 
    0xff, 0xff, 0xff, 0xff, 0xff, 0xff, 0x66, 0x00, 
    0x00, 0x07, 0x00, 0x00, 0x72, 0xff, 0xff, 0xff, 
    0xff, 0xff, 0xff, 0xff, 0xff, 0xf8, 0x76, 0x1b, 
    0x06, 0x21, 0x84, 0xfc, 0xff, 0xff, 0xff, 0xff, 
    0xff, 0xff, 0xff, 0xff, 0xff, 0xff, 0xff, 0xff, 
    0xff, 0xff, 0xff, 0xff, 0xff, 0xff, 0xff, 0xff, 
    0xff, 0xff, 0xff, 0xff, 0xff, 0xff, 0xff, 0xff, 
    0xff, 0xff, 0xff, 0xff, 0xff, 0xff, 0xff, 0xff, 
    0xff, 0xff, 0xff, 0xff, 0xff, 0xff, 0xff, 0xff, 
    0xff, 0xff, 0xff, 0xff, 0xff, 0xff, 0xff, 0xff, 
    0xff, 0xff, 0xff, 0xff, 0xff, 0xff, 0xff, 0xff, 
    0xff, 0xff, 0xff, 0xff, 0xff, 0xff, 0xff, 0xff, 
    0xff, 0xff, 0xff, 0xff, 0xff, 0xff, 0xff, 0xff, 
    0xff, 0xff, 0xff, 0xff, 0xff, 0xff, 0xff, 0xff, 
    0xff, 0xff, 0xff, 0xff, 0xff, 0xff, 0xff, 0xff, 
    0xff, 0xff, 0xff, 0xff, 0xff, 0xff, 0xff, 0xff, 
    0xff, 0xff, 0xff, 0xff, 0xff, 0xff, 0xff, 0xff, 
    0xff, 0xff, 0xff, 0xff, 0xff, 0xff, 0xff, 0xff, 
    0xff, 0xff, 0xff, 0xff, 0xff, 0xff, 0xff, 0xff, 
    0xff, 0xff, 0xff, 0xff, 0xff, 0xff, 0xff, 0xff, 
    0xff, 0xff, 0xff, 0xff, 0xff, 0xff, 0xff, 0xff, 
    0xff, 0xff, 0xff, 0xff, 0xff, 0xff, 0xff, 0xff, 
    0xff, 0xff, 0xff, 0xff, 0xff, 0xff, 0xff, 0xff, 
    0xff, 0xff, 0xff, 0xff, 0xff, 0xff, 0xff, 0xff, 
    0xff, 0xff, 0xff, 0xff, 0xff, 0xff, 0xff, 0xff, 
    0xff, 0xff, 0xff, 0xff, 0xff, 0xff, 0xff, 0xff, 
    0xff, 0xff, 0xff, 0xff, 0xff, 0xff, 0xff, 0xff, 
    0xff, 0xff, 0xff, 0xff, 0xff, 0xff, 0xff, 0xff, 
    0xff, 0xff, 0xff, 0xff, 0xff, 0xff, 0xff, 0xff, 
    0xff, 0xff, 0xff, 0xff, 0xff, 0xff, 0xff, 0xff, 
    0xff, 0xff, 0xff, 0xff, 0xff, 0xff, 0xff, 0xff, 
    0xff, 0xff, 0xff, 0xff, 0xff, 0xff, 0xff, 0xff, 
    0xff, 0xff, 0xff, 0xff, 0xff, 0xff, 0xff, 0xff, 
    0xff, 0xff, 0xff, 0xff, 0xff, 0xff, 0xff, 0xff, 
    0xff, 0xff, 0xff, 0xff, 0xff, 0xff, 0xff, 0xff, 
    0xff, 0xff, 0xff, 0xff, 0xff, 0xff, 0xff, 0xff, 
    0xff, 0xff, 0xff, 0xff, 0xff, 0xff, 0xff, 0xff, 
    0xfa, 0x7d, 0x06, 0x02, 0xeb, 0xff, 0xff, 0xff, 
    0xff, 0xff, 0xff, 0xff, 0xff, 0xd3, 0x2f, 0x00, 
    0x00, 0x00, 0xe7, 0xff, 0xff, 0xff, 0xff, 0xff, 
    0xff, 0xff, 0xff, 0x4f, 0x08, 0x53, 0x00, 0x00, 
    0xe7, 0xff, 0xff, 0xff, 0xff, 0xff, 0xff, 0xff, 
    0xff, 0xaf, 0xdf, 0xc7, 0x00, 0x00, 0xe7, 0xff, 
    0xff, 0xff, 0xff, 0xff, 0xff, 0xff, 0xff, 0xff, 
    0xff, 0xc7, 0x00, 0x00, 0xe7, 0xff, 0xff, 0xff, 
    0xff, 0xff, 0xff, 0xff, 0xff, 0xff, 0xff, 0xc7, 
    0x00, 0x00, 0xe7, 0xff, 0xff, 0xff, 0xff, 0xff, 
    0xff, 0xff, 0xff, 0xff, 0xff, 0xc7, 0x00, 0x00, 
    0xe7, 0xff, 0xff, 0xff, 0xff, 0xff, 0xff, 0xff, 
    0xff, 0xff, 0xff, 0xc7, 0x00, 0x00, 0xe7, 0xff, 
    0xff, 0xff, 0xff, 0xff, 0xff, 0xff, 0xff, 0xff, 
    0xff, 0xc7, 0x00, 0x00, 0xe7, 0xff, 0xff, 0xff, 
    0xff, 0xff, 0xff, 0xff, 0xff, 0xff, 0xff, 0xc7, 
    0x00, 0x00, 0xe7, 0xff, 0xff, 0xff, 0xff, 0xff, 
    0xff, 0xff, 0xff, 0x7a, 0x23, 0x1c, 0x00, 0x00, 
    0x20, 0x24, 0xce, 0xff, 0xff, 0xff, 0xff, 0xff, 
    0xff, 0x61, 0x00, 0x00, 0x00, 0x00, 0x00, 0x00, 
    0xc4, 0xff, 0xff, 0xff, 0xff, 0xff, 0xff, 0xff, 
    0xff, 0xff, 0xff, 0xff, 0xff, 0xff, 0xff, 0xff, 
    0xff, 0xff, 0xff, 0xff, 0xff, 0xff, 0xff, 0xff, 
    0xff, 0xff, 0xff, 0xff, 0xff, 0xff, 0xff, 0xff, 
    0xff, 0xff, 0xff, 0xff, 0xff, 0xff, 0xff, 0xff, 
    0xff, 0xff, 0xff, 0xff, 0xff, 0xff, 0xff, 0xff, 
    0xff, 0xff, 0xff, 0xff, 0xff, 0xff, 0xff, 0xff, 
    0xff, 0xff, 0xff, 0xff, 0xff, 0xff, 0xff, 0xff, 
    0xff, 0xff, 0xff, 0xff, 0xff, 0xff, 0xff, 0xff, 
    0xff, 0xff, 0xff, 0xff, 0xff, 0xff, 0xff, 0xff, 
    0xff, 0xff, 0xff, 0xff, 0xff, 0xff, 0xff, 0xff, 
    0xff, 0xff, 0xff, 0xff, 0xff, 0xff, 0xff, 0xff, 
    0xff, 0xff, 0xff, 0xff, 0xff, 0xff, 0xff, 0xff, 
    0xff, 0xff, 0xff, 0xff, 0xff, 0xff, 0xff, 0xff, 
    0xff, 0xff, 0xff, 0xff, 0xff, 0xff, 0xff, 0xff, 
    0xff, 0xff, 0xff, 0xff, 0xff, 0xff, 0xff, 0xff, 
    0xff, 0xff, 0xff, 0xff, 0xff, 0xff, 0xff, 0xff, 
    0xff, 0xff, 0xff, 0xff, 0xff, 0xff, 0xff, 0xff, 
    0xff, 0xff, 0xff, 0xff, 0xff, 0xff, 0xff, 0xff, 
    0xff, 0xff, 0xff, 0xff, 0xff, 0xff, 0xff, 0xff, 
    0xff, 0xff, 0xff, 0xff, 0xff, 0xff, 0xff, 0xff, 
    0xff, 0xff, 0xff, 0xff, 0xff, 0xff, 0xff, 0xff, 
    0xff, 0xff, 0xff, 0xff, 0xff, 0xff, 0xff, 0xff, 
    0xff, 0xff, 0xff, 0xff, 0xff, 0xff, 0xff, 0xff, 
    0xff, 0xff, 0xff, 0xff, 0xff, 0xff, 0xff, 0xff, 
    0xff, 0xff, 0xff, 0xff, 0xff, 0xff, 0xff, 0xff, 
    0xff, 0xff, 0xff, 0xff, 0xff, 0xff, 0xff, 0xff, 
    0xff, 0xff, 0xff, 0xff, 0xff, 0xff, 0xff, 0xff, 
    0xff, 0xff, 0xff, 0xff, 0xff, 0xff, 0xff, 0xff, 
    0xff, 0xff, 0xff, 0xff, 0xff, 0xff, 0xff, 0xff, 
    0xff, 0xff, 0xff, 0xff, 0xff, 0xff, 0xff, 0xff, 
    0xff, 0xff, 0xff, 0xff, 0xff, 0xff, 0xff, 0xff, 
    0xff, 0xff, 0xff, 0xff, 0xff, 0xff, 0xff, 0xff, 
    0xff, 0xff, 0xff, 0xff, 0xff, 0xff, 0xd1, 0x5e, 
    0x1a, 0x08, 0x2a, 0x8a, 0xfb, 0xff, 0xff, 0xff, 
    0xff, 0xff, 0xff, 0xff, 0xff, 0x0c, 0x00, 0x00, 
    0x00, 0x00, 0x00, 0x82, 0xff, 0xff, 0xff, 0xff, 
    0xff, 0xff, 0xff, 0xff, 0x1c, 0x8c, 0xc7, 0x90, 
    0x00, 0x00, 0x26, 0xff, 0xff, 0xff, 0xff, 0xff, 
    0xff, 0xff, 0xff, 0xfd, 0xff, 0xff, 0xff, 0x24, 
    0x00, 0x16, 0xff, 0xff, 0xff, 0xff, 0xff, 0xff, 
    0xff, 0xff, 0xff, 0xff, 0xff, 0xfb, 0x0f, 0x00, 
    0x45, 0xff, 0xff, 0xff, 0xff, 0xff, 0xff, 0xff, 
    0xff, 0xff, 0xff, 0xff, 0x9e, 0x00, 0x00, 0xad, 
    0xff, 0xff, 0xff, 0xff, 0xff, 0xff, 0xff, 0xff, 
    0xff, 0xff, 0xdc, 0x12, 0x00, 0x4f, 0xff, 0xff, 
    0xff, 0xff, 0xff, 0xff, 0xff, 0xff, 0xff, 0xff, 
    0xed, 0x28, 0x00, 0x2a, 0xf1, 0xff, 0xff, 0xff, 
    0xff, 0xff, 0xff, 0xff, 0xff, 0xff, 0xf6, 0x39, 
    0x00, 0x1f, 0xe3, 0xff, 0xff, 0xff, 0xff, 0xff, 
    0xff, 0xff, 0xff, 0xff, 0xff, 0x50, 0x00, 0x18, 
    0xdb, 0xff, 0xff, 0xff, 0xff, 0xff, 0xff, 0xff, 
    0xff, 0xff, 0xff, 0xd2, 0x00, 0x00, 0x05, 0x0b, 
    0x0b, 0x0b, 0x0b, 0xb0, 0xff, 0xff, 0xff, 0xff, 
    0xff, 0xff, 0xda, 0x04, 0x00, 0x00, 0x00, 0x00, 
    0x00, 0x00, 0xa9, 0xff, 0xff, 0xff, 0xff, 0xff, 
    0xff, 0xff, 0xff, 0xff, 0xff, 0xff, 0xff, 0xff, 
    0xff, 0xff, 0xff, 0xff, 0xff, 0xff, 0xff, 0xff, 
    0xff, 0xff, 0xff, 0xff, 0xff, 0xff, 0xff, 0xff, 
    0xff, 0xff, 0xff, 0xff, 0xff, 0xff, 0xff, 0xff, 
    0xff, 0xff, 0xff, 0xff, 0xff, 0xff, 0xff, 0xff, 
    0xff, 0xff, 0xff, 0xff, 0xff, 0xff, 0xff, 0xff, 
    0xff, 0xff, 0xff, 0xff, 0xff, 0xff, 0xff, 0xff, 
    0xff, 0xff, 0xff, 0xff, 0xff, 0xff, 0xff, 0xff, 
    0xff, 0xff, 0xff, 0xff, 0xff, 0xff, 0xff, 0xff, 
    0xff, 0xff, 0xff, 0xff, 0xff, 0xff, 0xff, 0xff, 
    0xff, 0xff, 0xff, 0xff, 0xff, 0xff, 0xff, 0xff, 
    0xff, 0xff, 0xff, 0xff, 0xff, 0xff, 0xff, 0xff, 
    0xff, 0xff, 0xff, 0xff, 0xff, 0xff, 0xff, 0xff, 
    0xff, 0xff, 0xff, 0xff, 0xff, 0xff, 0xff, 0xff, 
    0xff, 0xff, 0xff, 0xff, 0xff, 0xff, 0xff, 0xff, 
    0xff, 0xff, 0xff, 0xff, 0xff, 0xff, 0xff, 0xff, 
    0xff, 0xff, 0xff, 0xff, 0xff, 0xff, 0xff, 0xff, 
    0xff, 0xff, 0xff, 0xff, 0xff, 0xff, 0xff, 0xff, 
    0xff, 0xff, 0xff, 0xff, 0xff, 0xff, 0xff, 0xff, 
    0xff, 0xff, 0xff, 0xff, 0xff, 0xff, 0xff, 0xff, 
    0xff, 0xff, 0xff, 0xff, 0xff, 0xff, 0xff, 0xff, 
    0xff, 0xff, 0xff, 0xff, 0xff, 0xff, 0xff, 0xff, 
    0xff, 0xff, 0xff, 0xff, 0xff, 0xff, 0xff, 0xff, 
    0xff, 0xff, 0xff, 0xff, 0xff, 0xff, 0xff, 0xff, 
    0xff, 0xff, 0xff, 0xff, 0xff, 0xff, 0xff, 0xff, 
    0xff, 0xff, 0xff, 0xff, 0xff, 0xff, 0xff, 0xff, 
    0xff, 0xff, 0xff, 0xff, 0xff, 0xff, 0xff, 0xff, 
    0xff, 0xff, 0xff, 0xff, 0xff, 0xff, 0xff, 0xff, 
    0xff, 0xff, 0xff, 0xff, 0xff, 0xff, 0xff, 0xff, 
    0xff, 0xff, 0xff, 0xff, 0xff, 0xff, 0xff, 0xff, 
    0xff, 0xff, 0xff, 0xff, 0xff, 0xff, 0xff, 0xff, 
    0xff, 0xff, 0xff, 0xff, 0xff, 0xff, 0xff, 0xff, 
    0xff, 0xff, 0xff, 0xff, 0xff, 0xff, 0xff, 0xff, 
    0xff, 0xff, 0xff, 0xff, 0xff, 0xff, 0xff, 0xff, 
    0xcb, 0x56, 0x1a, 0x08, 0x27, 0x87, 0xfd, 0xff, 
    0xff, 0xff, 0xff, 0xff, 0xff, 0xff, 0xff, 0x0a, 
    0x00, 0x08, 0x01, 0x00, 0x00, 0x8d, 0xff, 0xff, 
    0xff, 0xff, 0xff, 0xff, 0xff, 0xff, 0x5c, 0xc7, 
    0xfe, 0xe2, 0x17, 0x00, 0x3e, 0xff, 0xff, 0xff, 
    0xff, 0xff, 0xff, 0xff, 0xff, 0xff, 0xff, 0xff, 
    0xff, 0x41, 0x00, 0x42, 0xff, 0xff, 0xff, 0xff, 
    0xff, 0xff, 0xff, 0xff, 0xff, 0xff, 0xf6, 0xa8, 
    0x05, 0x00, 0x9e, 0xff, 0xff, 0xff, 0xff, 0xff, 
    0xff, 0xff, 0xff, 0xda, 0x00, 0x00, 0x00, 0x04, 
    0x8b, 0xff, 0xff, 0xff, 0xff, 0xff, 0xff, 0xff, 
    0xff, 0xff, 0xe6, 0x3d, 0x32, 0x0c, 0x00, 0x02, 
    0x86, 0xff, 0xff, 0xff, 0xff, 0xff, 0xff, 0xff, 
    0xff, 0xff, 0xff, 0xff, 0xf3, 0x46, 0x00, 0x01, 
    0xd9, 0xff, 0xff, 0xff, 0xff, 0xff, 0xff, 0xff, 
    0xff, 0xff, 0xff, 0xff, 0x9e, 0x00, 0x00, 0xb0, 
    0xff, 0xff, 0xff, 0xff, 0xff, 0xff, 0xe0, 0x84, 
    0xe3, 0xff, 0xea, 0x42, 0x00, 0x00, 0xd7, 0xff, 
    0xff, 0xff, 0xff, 0xff, 0xff, 0xc6, 0x00, 0x00, 
    0x08, 0x00, 0x00, 0x00, 0x5e, 0xff, 0xff, 0xff, 
    0xff, 0xff, 0xff, 0xff, 0xfa, 0x81, 0x2f, 0x0a, 
    0x11, 0x37, 0x9e, 0xfc, 0xff, 0xff, 0xff, 0xff, 
    0xff, 0xff, 0xff, 0xff, 0xff, 0xff, 0xff, 0xff, 
    0xff, 0xff, 0xff, 0xff, 0xff, 0xff, 0xff, 0xff, 
    0xff, 0xff, 0xff, 0xff, 0xff, 0xff, 0xff, 0xff, 
    0xff, 0xff, 0xff, 0xff, 0xff, 0xff, 0xff, 0xff, 
    0xff, 0xff, 0xff, 0xff, 0xff, 0xff, 0xff, 0xff, 
    0xff, 0xff, 0xff, 0xff, 0xff, 0xff, 0xff, 0xff, 
    0xff, 0xff, 0xff, 0xff, 0xff, 0xff, 0xff, 0xff, 
    0xff, 0xff, 0xff, 0xff, 0xff, 0xff, 0xff, 0xff, 
    0xff, 0xff, 0xff, 0xff, 0xff, 0xff, 0xff, 0xff, 
    0xff, 0xff, 0xff, 0xff, 0xff, 0xff, 0xff, 0xff, 
    0xff, 0xff, 0xff, 0xff, 0xff, 0xff, 0xff, 0xff, 
    0xff, 0xff, 0xff, 0xff, 0xff, 0xff, 0xff, 0xff, 
    0xff, 0xff, 0xff, 0xff, 0xff, 0xff, 0xff, 0xff, 
    0xff, 0xff, 0xff, 0xff, 0xff, 0xff, 0xff, 0xff, 
    0xff, 0xff, 0xff, 0xff, 0xff, 0xff, 0xff, 0xff, 
    0xff, 0xff, 0xff, 0xff, 0xff, 0xff, 0xff, 0xff, 
    0xff, 0xff, 0xff, 0xff, 0xff, 0xff, 0xff, 0xff, 
    0xff, 0xff, 0xff, 0xff, 0xff, 0xff, 0xff, 0xff, 
    0xff, 0xff, 0xff, 0xff, 0xff, 0xff, 0xff, 0xff, 
    0xff, 0xff, 0xff, 0xff, 0xff, 0xff, 0xff, 0xff, 
    0xff, 0xff, 0xff, 0xff, 0xff, 0xff, 0xff, 0xff, 
    0xff, 0xff, 0xff, 0xff, 0xff, 0xff, 0xff, 0xff, 
    0xff, 0xff, 0xff, 0xff, 0xff, 0xff, 0xff, 0xff, 
    0xff, 0xff, 0xff, 0xff, 0xff, 0xff, 0xff, 0xff, 
    0xff, 0xff, 0xff, 0xff, 0xff, 0xff, 0xff, 0xff, 
    0xff, 0xff, 0xff, 0xff, 0xff, 0xff, 0xff, 0xff, 
    0xff, 0xff, 0xff, 0xff, 0xff, 0xff, 0xff, 0xff, 
    0xff, 0xff, 0xff, 0xff, 0xff, 0xff, 0xff, 0xff, 
    0xff, 0xff, 0xff, 0xff, 0xff, 0xff, 0xff, 0xff, 
    0xff, 0xff, 0xff, 0xff, 0xff, 0xff, 0xff, 0xff, 
    0xff, 0xff, 0xff, 0xff, 0xff, 0xff, 0xff, 0xff, 
    0xff, 0xff, 0xff, 0xff, 0xff, 0xff, 0xff, 0xff, 
    0xff, 0xff, 0xff, 0xff, 0xff, 0xff, 0xff, 0xff, 
    0xff, 0xff, 0xff, 0xff, 0xff, 0xff, 0xff, 0xff, 
    0xff, 0xff, 0xff, 0xff, 0xf3, 0x22, 0x00, 0x02, 
    0xa7, 0xff, 0xff, 0xff, 0xff, 0xff, 0xff, 0xff, 
    0xff, 0xff, 0xff, 0x84, 0x00, 0x00, 0x00, 0x97, 
    0xff, 0xff, 0xff, 0xff, 0xff, 0xff, 0xff, 0xff, 
    0xff, 0xf0, 0x11, 0x11, 0x1d, 0x00, 0x97, 0xff, 
    0xff, 0xff, 0xff, 0xff, 0xff, 0xff, 0xff, 0xff, 
    0x7c, 0x00, 0x85, 0x2b, 0x00, 0x97, 0xff, 0xff, 
    0xff, 0xff, 0xff, 0xff, 0xff, 0xff, 0xec, 0x0d, 
    0x15, 0xf3, 0x2b, 0x00, 0x97, 0xff, 0xff, 0xff, 
    0xff, 0xff, 0xff, 0xff, 0xff, 0x75, 0x00, 0x8d, 
    0xff, 0x2b, 0x00, 0x97, 0xff, 0xff, 0xff, 0xff, 
    0xff, 0xff, 0xff, 0xe7, 0x0a, 0x1a, 0xf7, 0xff, 
    0x2b, 0x00, 0x97, 0xff, 0xff, 0xff, 0xff, 0xff, 
    0xff, 0xff, 0x7c, 0x00, 0x95, 0xff, 0xff, 0x2b, 
    0x00, 0x97, 0xff, 0xff, 0xff, 0xff, 0xff, 0xff, 
    0xff, 0x53, 0x00, 0x00, 0x00, 0x00, 0x00, 0x00, 
    0x00, 0x54, 0xff, 0xff, 0xff, 0xff, 0xff, 0xff, 
    0x6f, 0x0f, 0x0f, 0x0f, 0x0f, 0x02, 0x00, 0x09, 
    0x61, 0xff, 0xff, 0xff, 0xff, 0xff, 0xff, 0xff, 
    0xff, 0xff, 0xff, 0xff, 0x2b, 0x00, 0x97, 0xff, 
    0xff, 0xff, 0xff, 0xff, 0xff, 0xff, 0xff, 0xff, 
    0xff, 0xff, 0xff, 0x38, 0x02, 0xa2, 0xff, 0xff, 
    0xff, 0xff, 0xff, 0xff, 0xff, 0xff, 0xff, 0xff, 
    0xff, 0xff, 0xff, 0xff, 0xff, 0xff, 0xff, 0xff, 
    0xff, 0xff, 0xff, 0xff, 0xff, 0xff, 0xff, 0xff, 
    0xff, 0xff, 0xff, 0xff, 0xff, 0xff, 0xff, 0xff, 
    0xff, 0xff, 0xff, 0xff, 0xff, 0xff, 0xff, 0xff, 
    0xff, 0xff, 0xff, 0xff, 0xff, 0xff, 0xff, 0xff, 
    0xff, 0xff, 0xff, 0xff, 0xff, 0xff, 0xff, 0xff, 
    0xff, 0xff, 0xff, 0xff, 0xff, 0xff, 0xff, 0xff, 
    0xff, 0xff, 0xff, 0xff, 0xff, 0xff, 0xff, 0xff, 
    0xff, 0xff, 0xff, 0xff, 0xff, 0xff, 0xff, 0xff, 
    0xff, 0xff, 0xff, 0xff, 0xff, 0xff, 0xff, 0xff, 
    0xff, 0xff, 0xff, 0xff, 0xff, 0xff, 0xff, 0xff, 
    0xff, 0xff, 0xff, 0xff, 0xff, 0xff, 0xff, 0xff, 
    0xff, 0xff, 0xff, 0xff, 0xff, 0xff, 0xff, 0xff, 
    0xff, 0xff, 0xff, 0xff, 0xff, 0xff, 0xff, 0xff, 
    0xff, 0xff, 0xff, 0xff, 0xff, 0xff, 0xff, 0xff, 
    0xff, 0xff, 0xff, 0xff, 0xff, 0xff, 0xff, 0xff, 
    0xff, 0xff, 0xff, 0xff, 0xff, 0xff, 0xff, 0xff, 
    0xff, 0xff, 0xff, 0xff, 0xff, 0xff, 0xff, 0xff, 
    0xff, 0xff, 0xff, 0xff, 0xff, 0xff, 0xff, 0xff, 
    0xff, 0xff, 0xff, 0xff, 0xff, 0xff, 0xff, 0xff, 
    0xff, 0xff, 0xff, 0xff, 0xff, 0xff, 0xff, 0xff, 
    0xff, 0xff, 0xff, 0xff, 0xff, 0xff, 0xff, 0xff, 
    0xff, 0xff, 0xff, 0xff, 0xff, 0xff, 0xff, 0xff, 
    0xff, 0xff, 0xff, 0xff, 0xff, 0xff, 0xff, 0xff, 
    0xff, 0xff, 0xff, 0xff, 0xff, 0xff, 0xff, 0xff, 
    0xff, 0xff, 0xff, 0xff, 0xff, 0xff, 0xff, 0xff, 
    0xff, 0xff, 0xff, 0xff, 0xff, 0xff, 0xff, 0xff, 
    0xff, 0xff, 0xff, 0xff, 0xff, 0xff, 0xff, 0xff, 
    0xff, 0xff, 0xff, 0xff, 0xff, 0xff, 0xff, 0xff, 
    0xff, 0xff, 0xff, 0xff, 0xff, 0xff, 0xff, 0xff, 
    0xff, 0xff, 0xff, 0xff, 0xff, 0xff, 0xff, 0xff, 
    0xff, 0xff, 0xff, 0xff, 0xff, 0xff, 0xff, 0xff, 
    0xff, 0xff, 0xff, 0xff, 0xff, 0xff, 0xff, 0xff, 
    0xff, 0xff, 0xff, 0xff, 0x61, 0x00, 0x00, 0x00, 
    0x00, 0x00, 0x77, 0xff, 0xff, 0xff, 0xff, 0xff, 
    0xff, 0xff, 0xff, 0x4b, 0x00, 0x00, 0x00, 0x00, 
    0x00, 0x72, 0xff, 0xff, 0xff, 0xff, 0xff, 0xff, 
    0xff, 0xff, 0x4b, 0x00, 0xbc, 0xeb, 0xeb, 0xeb, 
    0xfa, 0xff, 0xff, 0xff, 0xff, 0xff, 0xff, 0xff, 
    0xff, 0x4b, 0x00, 0xcb, 0xff, 0xff, 0xff, 0xff, 
    0xff, 0xff, 0xff, 0xff, 0xff, 0xff, 0xff, 0xff, 
    0x4b, 0x00, 0x2d, 0x39, 0x5a, 0xaa, 0xff, 0xff, 
    0xff, 0xff, 0xff, 0xff, 0xff, 0xff, 0xff, 0x5b, 
    0x00, 0x00, 0x00, 0x00, 0x00, 0x74, 0xff, 0xff, 
    0xff, 0xff, 0xff, 0xff, 0xff, 0xff, 0xff, 0xff, 
    0xfb, 0xd7, 0x3e, 0x00, 0x02, 0xe5, 0xff, 0xff, 
    0xff, 0xff, 0xff, 0xff, 0xff, 0xff, 0xff, 0xff, 
    0xff, 0xc2, 0x00, 0x00, 0xbb, 0xff, 0xff, 0xff, 
    0xff, 0xff, 0xff, 0xff, 0xff, 0xff, 0xff, 0xff, 
    0xc0, 0x00, 0x00, 0xc6, 0xff, 0xff, 0xff, 0xff, 
    0xff, 0xff, 0xf1, 0x90, 0xeb, 0xff, 0xe9, 0x44, 
    0x00, 0x11, 0xf8, 0xff, 0xff, 0xff, 0xff, 0xff, 
    0xff, 0xd9, 0x00, 0x00, 0x09, 0x00, 0x00, 0x01, 
    0x9d, 0xff, 0xff, 0xff, 0xff, 0xff, 0xff, 0xff, 
    0xf9, 0x6c, 0x23, 0x05, 0x0c, 0x42, 0xc5, 0xff, 
    0xff, 0xff, 0xff, 0xff, 0xff, 0xff, 0xff, 0xff, 
    0xff, 0xff, 0xff, 0xff, 0xff, 0xff, 0xff, 0xff, 
    0xff, 0xff, 0xff, 0xff, 0xff, 0xff, 0xff, 0xff, 
    0xff, 0xff, 0xff, 0xff, 0xff, 0xff, 0xff, 0xff, 
    0xff, 0xff, 0xff, 0xff, 0xff, 0xff, 0xff, 0xff, 
    0xff, 0xff, 0xff, 0xff, 0xff, 0xff, 0xff, 0xff, 
    0xff, 0xff, 0xff, 0xff, 0xff, 0xff, 0xff, 0xff, 
    0xff, 0xff, 0xff, 0xff, 0xff, 0xff, 0xff, 0xff, 
    0xff, 0xff, 0xff, 0xff, 0xff, 0xff, 0xff, 0xff, 
    0xff, 0xff, 0xff, 0xff, 0xff, 0xff, 0xff, 0xff, 
    0xff, 0xff, 0xff, 0xff, 0xff, 0xff, 0xff, 0xff, 
    0xff, 0xff, 0xff, 0xff, 0xff, 0xff, 0xff, 0xff, 
    0xff, 0xff, 0xff, 0xff, 0xff, 0xff, 0xff, 0xff, 
    0xff, 0xff, 0xff, 0xff, 0xff, 0xff, 0xff, 0xff, 
    0xff, 0xff, 0xff, 0xff, 0xff, 0xff, 0xff, 0xff, 
    0xff, 0xff, 0xff, 0xff, 0xff, 0xff, 0xff, 0xff, 
    0xff, 0xff, 0xff, 0xff, 0xff, 0xff, 0xff, 0xff, 
    0xff, 0xff, 0xff, 0xff, 0xff, 0xff, 0xff, 0xff, 
    0xff, 0xff, 0xff, 0xff, 0xff, 0xff, 0xff, 0xff, 
    0xff, 0xff, 0xff, 0xff, 0xff, 0xff, 0xff, 0xff, 
    0xff, 0xff, 0xff, 0xff, 0xff, 0xff, 0xff, 0xff, 
    0xff, 0xff, 0xff, 0xff, 0xff, 0xff, 0xff, 0xff, 
    0xff, 0xff, 0xff, 0xff, 0xff, 0xff, 0xff, 0xff, 
    0xff, 0xff, 0xff, 0xff, 0xff, 0xff, 0xff, 0xff, 
    0xff, 0xff, 0xff, 0xff, 0xff, 0xff, 0xff, 0xff, 
    0xff, 0xff, 0xff, 0xff, 0xff, 0xff, 0xff, 0xff, 
    0xff, 0xff, 0xff, 0xff, 0xff, 0xff, 0xff, 0xff, 
    0xff, 0xff, 0xff, 0xff, 0xff, 0xff, 0xff, 0xff, 
    0xff, 0xff, 0xff, 0xff, 0xff, 0xff, 0xff, 0xff, 
    0xff, 0xff, 0xff, 0xff, 0xff, 0xff, 0xff, 0xff, 
    0xff, 0xff, 0xff, 0xff, 0xff, 0xff, 0xff, 0xff, 
    0xff, 0xff, 0xff, 0xff, 0xff, 0xff, 0xff, 0xff, 
    0xff, 0xff, 0xff, 0xff, 0xff, 0xff, 0xff, 0xff, 
    0xff, 0xff, 0xff, 0xff, 0xff, 0xff, 0xff, 0xff, 
    0xff, 0xff, 0xff, 0xff, 0xff, 0xff, 0xff, 0xf2, 
    0x75, 0x1d, 0x05, 0x15, 0x70, 0xff, 0xff, 0xff, 
    0xff, 0xff, 0xff, 0xff, 0xff, 0xf5, 0x2d, 0x00, 
    0x00, 0x1d, 0x11, 0x28, 0xff, 0xff, 0xff, 0xff, 
    0xff, 0xff, 0xff, 0xff, 0x7c, 0x00, 0x33, 0xe2, 
    0xff, 0xff, 0xeb, 0xff, 0xff, 0xff, 0xff, 0xff, 
    0xff, 0xff, 0xff, 0x1b, 0x00, 0xc3, 0xff, 0xff, 
    0xff, 0xff, 0xff, 0xff, 0xff, 0xff, 0xff, 0xff, 
    0xff, 0xe3, 0x00, 0x00, 0x8c, 0x45, 0x32, 0x58, 
    0xdd, 0xff, 0xff, 0xff, 0xff, 0xff, 0xff, 0xff, 
    0xc6, 0x00, 0x00, 0x00, 0x00, 0x00, 0x00, 0x13, 
    0xf0, 0xff, 0xff, 0xff, 0xff, 0xff, 0xff, 0xbe, 
    0x00, 0x00, 0x9e, 0xf3, 0xc8, 0x09, 0x00, 0x98, 
    0xff, 0xff, 0xff, 0xff, 0xff, 0xff, 0xc6, 0x00, 
    0x00, 0xf1, 0xff, 0xff, 0x44, 0x00, 0x75, 0xff, 
    0xff, 0xff, 0xff, 0xff, 0xff, 0xdf, 0x00, 0x00, 
    0xd5, 0xff, 0xff, 0x3d, 0x00, 0x7e, 0xff, 0xff, 
    0xff, 0xff, 0xff, 0xff, 0xfe, 0x18, 0x00, 0x6e, 
    0xff, 0xd0, 0x04, 0x00, 0xc1, 0xff, 0xff, 0xff, 
    0xff, 0xff, 0xff, 0xff, 0x89, 0x00, 0x00, 0x13, 
    0x03, 0x00, 0x53, 0xff, 0xff, 0xff, 0xff, 0xff, 
    0xff, 0xff, 0xff, 0xfe, 0x8b, 0x25, 0x07, 0x1c, 
    0x7f, 0xfb, 0xff, 0xff, 0xff, 0xff, 0xff, 0xff, 
    0xff, 0xff, 0xff, 0xff, 0xff, 0xff, 0xff, 0xff, 
    0xff, 0xff, 0xff, 0xff, 0xff, 0xff, 0xff, 0xff, 
    0xff, 0xff, 0xff, 0xff, 0xff, 0xff, 0xff, 0xff, 
    0xff, 0xff, 0xff, 0xff, 0xff, 0xff, 0xff, 0xff, 
    0xff, 0xff, 0xff, 0xff, 0xff, 0xff, 0xff, 0xff, 
    0xff, 0xff, 0xff, 0xff, 0xff, 0xff, 0xff, 0xff, 
    0xff, 0xff, 0xff, 0xff, 0xff, 0xff, 0xff, 0xff, 
    0xff, 0xff, 0xff, 0xff, 0xff, 0xff, 0xff, 0xff, 
    0xff, 0xff, 0xff, 0xff, 0xff, 0xff, 0xff, 0xff, 
    0xff, 0xff, 0xff, 0xff, 0xff, 0xff, 0xff, 0xff, 
    0xff, 0xff, 0xff, 0xff, 0xff, 0xff, 0xff, 0xff, 
    0xff, 0xff, 0xff, 0xff, 0xff, 0xff, 0xff, 0xff, 
    0xff, 0xff, 0xff, 0xff, 0xff, 0xff, 0xff, 0xff, 
    0xff, 0xff, 0xff, 0xff, 0xff, 0xff, 0xff, 0xff, 
    0xff, 0xff, 0xff, 0xff, 0xff, 0xff, 0xff, 0xff, 
    0xff, 0xff, 0xff, 0xff, 0xff, 0xff, 0xff, 0xff, 
    0xff, 0xff, 0xff, 0xff, 0xff, 0xff, 0xff, 0xff, 
    0xff, 0xff, 0xff, 0xff, 0xff, 0xff, 0xff, 0xff, 
    0xff, 0xff, 0xff, 0xff, 0xff, 0xff, 0xff, 0xff, 
    0xff, 0xff, 0xff, 0xff, 0xff, 0xff, 0xff, 0xff, 
    0xff, 0xff, 0xff, 0xff, 0xff, 0xff, 0xff, 0xff, 
    0xff, 0xff, 0xff, 0xff, 0xff, 0xff, 0xff, 0xff, 
    0xff, 0xff, 0xff, 0xff, 0xff, 0xff, 0xff, 0xff, 
    0xff, 0xff, 0xff, 0xff, 0xff, 0xff, 0xff, 0xff, 
    0xff, 0xff, 0xff, 0xff, 0xff, 0xff, 0xff, 0xff, 
    0xff, 0xff, 0xff, 0xff, 0xff, 0xff, 0xff, 0xff, 
    0xff, 0xff, 0xff, 0xff, 0xff, 0xff, 0xff, 0xff, 
    0xff, 0xff, 0xff, 0xff, 0xff, 0xff, 0xff, 0xff, 
    0xff, 0xff, 0xff, 0xff, 0xff, 0xff, 0xff, 0xff, 
    0xff, 0xff, 0xff, 0xff, 0xff, 0xff, 0xff, 0xff, 
    0xff, 0xff, 0xff, 0xff, 0xff, 0xff, 0xff, 0xff, 
    0xff, 0xff, 0xff, 0xff, 0xff, 0xff, 0xff, 0xff, 
    0xff, 0xff, 0xff, 0xff, 0xff, 0xff, 0xff, 0xff, 
    0xff, 0xff, 0xff, 0xff, 0xff, 0xff, 0xff, 0xc8, 
    0x00, 0x00, 0x00, 0x00, 0x00, 0x00, 0x00, 0xb0, 
    0xff, 0xff, 0xff, 0xff, 0xff, 0xff, 0xc3, 0x00, 
    0x00, 0x00, 0x00, 0x00, 0x00, 0x00, 0xa3, 0xff, 
    0xff, 0xff, 0xff, 0xff, 0xff, 0xff, 0xe8, 0xe7, 
    0xe7, 0xe7, 0x9a, 0x00, 0x01, 0xdf, 0xff, 0xff, 
    0xff, 0xff, 0xff, 0xff, 0xff, 0xff, 0xff, 0xff, 
    0xff, 0x40, 0x00, 0x47, 0xff, 0xff, 0xff, 0xff, 
    0xff, 0xff, 0xff, 0xff, 0xff, 0xff, 0xff, 0xd2, 
    0x00, 0x00, 0xb1, 0xff, 0xff, 0xff, 0xff, 0xff, 
    0xff, 0xff, 0xff, 0xff, 0xff, 0xff, 0x63, 0x00, 
    0x1d, 0xfc, 0xff, 0xff, 0xff, 0xff, 0xff, 0xff, 
    0xff, 0xff, 0xff, 0xff, 0xec, 0x09, 0x00, 0x83, 
    0xff, 0xff, 0xff, 0xff, 0xff, 0xff, 0xff, 0xff, 
    0xff, 0xff, 0xff, 0x87, 0x00, 0x05, 0xe7, 0xff, 
    0xff, 0xff, 0xff, 0xff, 0xff, 0xff, 0xff, 0xff, 
    0xff, 0xfc, 0x1d, 0x00, 0x55, 0xff, 0xff, 0xff, 
    0xff, 0xff, 0xff, 0xff, 0xff, 0xff, 0xff, 0xff, 
    0xaa, 0x00, 0x00, 0xbf, 0xff, 0xff, 0xff, 0xff, 
    0xff, 0xff, 0xff, 0xff, 0xff, 0xff, 0xff, 0x3c, 
    0x00, 0x28, 0xff, 0xff, 0xff, 0xff, 0xff, 0xff, 
    0xff, 0xff, 0xff, 0xff, 0xff, 0xe3, 0x08, 0x02, 
    0x99, 0xff, 0xff, 0xff, 0xff, 0xff, 0xff, 0xff, 
    0xff, 0xff, 0xff, 0xff, 0xff, 0xff, 0xff, 0xff, 
    0xff, 0xff, 0xff, 0xff, 0xff, 0xff, 0xff, 0xff, 
    0xff, 0xff, 0xff, 0xff, 0xff, 0xff, 0xff, 0xff, 
    0xff, 0xff, 0xff, 0xff, 0xff, 0xff, 0xff, 0xff, 
    0xff, 0xff, 0xff, 0xff, 0xff, 0xff, 0xff, 0xff, 
    0xff, 0xff, 0xff, 0xff, 0xff, 0xff, 0xff, 0xff, 
    0xff, 0xff, 0xff, 0xff, 0xff, 0xff, 0xff, 0xff, 
    0xff, 0xff, 0xff, 0xff, 0xff, 0xff, 0xff, 0xff, 
    0xff, 0xff, 0xff, 0xff, 0xff, 0xff, 0xff, 0xff, 
    0xff, 0xff, 0xff, 0xff, 0xff, 0xff, 0xff, 0xff, 
    0xff, 0xff, 0xff, 0xff, 0xff, 0xff, 0xff, 0xff, 
    0xff, 0xff, 0xff, 0xff, 0xff, 0xff, 0xff, 0xff, 
    0xff, 0xff, 0xff, 0xff, 0xff, 0xff, 0xff, 0xff, 
    0xff, 0xff, 0xff, 0xff, 0xff, 0xff, 0xff, 0xff, 
    0xff, 0xff, 0xff, 0xff, 0xff, 0xff, 0xff, 0xff, 
    0xff, 0xff, 0xff, 0xff, 0xff, 0xff, 0xff, 0xff, 
    0xff, 0xff, 0xff, 0xff, 0xff, 0xff, 0xff, 0xff, 
    0xff, 0xff, 0xff, 0xff, 0xff, 0xff, 0xff, 0xff, 
    0xff, 0xff, 0xff, 0xff, 0xff, 0xff, 0xff, 0xff, 
    0xff, 0xff, 0xff, 0xff, 0xff, 0xff, 0xff, 0xff, 
    0xff, 0xff, 0xff, 0xff, 0xff, 0xff, 0xff, 0xff, 
    0xff, 0xff, 0xff, 0xff, 0xff, 0xff, 0xff, 0xff, 
    0xff, 0xff, 0xff, 0xff, 0xff, 0xff, 0xff, 0xff, 
    0xff, 0xff, 0xff, 0xff, 0xff, 0xff, 0xff, 0xff, 
    0xff, 0xff, 0xff, 0xff, 0xff, 0xff, 0xff, 0xff, 
    0xff, 0xff, 0xff, 0xff, 0xff, 0xff, 0xff, 0xff, 
    0xff, 0xff, 0xff, 0xff, 0xff, 0xff, 0xff, 0xff, 
    0xff, 0xff, 0xff, 0xff, 0xff, 0xff, 0xff, 0xff, 
    0xff, 0xff, 0xff, 0xff, 0xff, 0xff, 0xff, 0xff, 
    0xff, 0xff, 0xff, 0xff, 0xff, 0xff, 0xff, 0xff, 
    0xff, 0xff, 0xff, 0xff, 0xff, 0xff, 0xff, 0xff, 
    0xff, 0xff, 0xff, 0xff, 0xff, 0xff, 0xff, 0xff, 
    0xff, 0xff, 0xff, 0xff, 0xff, 0xff, 0xff, 0xff, 
    0xff, 0xff, 0xff, 0xff, 0xff, 0xff, 0xff, 0xff, 
    0xff, 0xff, 0xf5, 0x7e, 0x28, 0x08, 0x0f, 0x51, 
    0xda, 0xff, 0xff, 0xff, 0xff, 0xff, 0xff, 0xff, 
    0xff, 0x59, 0x00, 0x08, 0x32, 0x0c, 0x00, 0x23, 
    0xf9, 0xff, 0xff, 0xff, 0xff, 0xff, 0xff, 0xf5, 
    0x02, 0x00, 0xc2, 0xff, 0xda, 0x00, 0x00, 0xd1, 
    0xff, 0xff, 0xff, 0xff, 0xff, 0xff, 0xea, 0x00, 
    0x00, 0xcc, 0xff, 0xeb, 0x01, 0x00, 0xe0, 0xff, 
    0xff, 0xff, 0xff, 0xff, 0xff, 0xff, 0x3f, 0x00, 
    0x22, 0xb3, 0x41, 0x00, 0x5e, 0xff, 0xff, 0xff, 
    0xff, 0xff, 0xff, 0xff, 0xff, 0xeb, 0x40, 0x00, 
    0x00, 0x00, 0x4e, 0xf9, 0xff, 0xff, 0xff, 0xff, 
    0xff, 0xff, 0xff, 0xff, 0xd1, 0x2a, 0x00, 0x12, 
    0x00, 0x03, 0x89, 0xff, 0xff, 0xff, 0xff, 0xff, 
    0xff, 0xff, 0xec, 0x13, 0x00, 0x88, 0xfc, 0x8b, 
    0x00, 0x00, 0xbf, 0xff, 0xff, 0xff, 0xff, 0xff, 
    0xff, 0x9b, 0x00, 0x1f, 0xff, 0xff, 0xff, 0x38, 
    0x00, 0x77, 0xff, 0xff, 0xff, 0xff, 0xff, 0xff, 
    0x9f, 0x00, 0x0d, 0xe6, 0xff, 0xf1, 0x1d, 0x00, 
    0x87, 0xff, 0xff, 0xff, 0xff, 0xff, 0xff, 0xe6, 
    0x12, 0x00, 0x0b, 0x30, 0x10, 0x00, 0x10, 0xe2, 
    0xff, 0xff, 0xff, 0xff, 0xff, 0xff, 0xff, 0xcf, 
    0x4f, 0x19, 0x07, 0x20, 0x54, 0xd5, 0xff, 0xff, 
    0xff, 0xff, 0xff, 0xff, 0xff, 0xff, 0xff, 0xff, 
    0xff, 0xff, 0xff, 0xff, 0xff, 0xff, 0xff, 0xff, 
    0xff, 0xff, 0xff, 0xff, 0xff, 0xff, 0xff, 0xff, 
    0xff, 0xff, 0xff, 0xff, 0xff, 0xff, 0xff, 0xff, 
    0xff, 0xff, 0xff, 0xff, 0xff, 0xff, 0xff, 0xff, 
    0xff, 0xff, 0xff, 0xff, 0xff, 0xff, 0xff, 0xff, 
    0xff, 0xff, 0xff, 0xff, 0xff, 0xff, 0xff, 0xff, 
    0xff, 0xff, 0xff, 0xff, 0xff, 0xff, 0xff, 0xff, 
    0xff, 0xff, 0xff, 0xff, 0xff, 0xff, 0xff, 0xff, 
    0xff, 0xff, 0xff, 0xff, 0xff, 0xff, 0xff, 0xff, 
    0xff, 0xff, 0xff, 0xff, 0xff, 0xff, 0xff, 0xff, 
    0xff, 0xff, 0xff, 0xff, 0xff, 0xff, 0xff, 0xff, 
    0xff, 0xff, 0xff, 0xff, 0xff, 0xff, 0xff, 0xff, 
    0xff, 0xff, 0xff, 0xff, 0xff, 0xff, 0xff, 0xff, 
    0xff, 0xff, 0xff, 0xff, 0xff, 0xff, 0xff, 0xff, 
    0xff, 0xff, 0xff, 0xff, 0xff, 0xff, 0xff, 0xff, 
    0xff, 0xff, 0xff, 0xff, 0xff, 0xff, 0xff, 0xff, 
    0xff, 0xff, 0xff, 0xff, 0xff, 0xff, 0xff, 0xff, 
    0xff, 0xff, 0xff, 0xff, 0xff, 0xff, 0xff, 0xff, 
    0xff, 0xff, 0xff, 0xff, 0xff, 0xff, 0xff, 0xff, 
    0xff, 0xff, 0xff, 0xff, 0xff, 0xff, 0xff, 0xff, 
    0xff, 0xff, 0xff, 0xff, 0xff, 0xff, 0xff, 0xff, 
    0xff, 0xff, 0xff, 0xff, 0xff, 0xff, 0xff, 0xff, 
    0xff, 0xff, 0xff, 0xff, 0xff, 0xff, 0xff, 0xff, 
    0xff, 0xff, 0xff, 0xff, 0xff, 0xff, 0xff, 0xff, 
    0xff, 0xff, 0xff, 0xff, 0xff, 0xff, 0xff, 0xff, 
    0xff, 0xff, 0xff, 0xff, 0xff, 0xff, 0xff, 0xff, 
    0xff, 0xff, 0xff, 0xff, 0xff, 0xff, 0xff, 0xff, 
    0xff, 0xff, 0xff, 0xff, 0xff, 0xff, 0xff, 0xff, 
    0xff, 0xff, 0xff, 0xff, 0xff, 0xff, 0xff, 0xff, 
    0xff, 0xff, 0xff, 0xff, 0xff, 0xff, 0xff, 0xff, 
    0xff, 0xff, 0xff, 0xff, 0xff, 0xff, 0xff, 0xff, 
    0xff, 0xff, 0xff, 0xff, 0xff, 0xff, 0xff, 0xff, 
    0xff, 0xff, 0xff, 0xff, 0xff, 0xff, 0xff, 0xff, 
    0xff, 0xff, 0xff, 0xff, 0xf8, 0x80, 0x1f, 0x06, 
    0x20, 0x79, 0xf9, 0xff, 0xff, 0xff, 0xff, 0xff, 
    0xff, 0xff, 0xff, 0x4f, 0x00, 0x02, 0x17, 0x00, 
    0x00, 0x6a, 0xff, 0xff, 0xff, 0xff, 0xff, 0xff, 
    0xff, 0xcb, 0x00, 0x03, 0xc9, 0xff, 0xa3, 0x00, 
    0x07, 0xee, 0xff, 0xff, 0xff, 0xff, 0xff, 0xff, 
    0x9f, 0x00, 0x20, 0xff, 0xff, 0xfc, 0x09, 0x00, 
    0xba, 0xff, 0xff, 0xff, 0xff, 0xff, 0xff, 0xab, 
    0x00, 0x07, 0xe3, 0xff, 0xed, 0x14, 0x00, 0x9f, 
    0xff, 0xff, 0xff, 0xff, 0xff, 0xff, 0xeb, 0x0e, 
    0x00, 0x0a, 0x23, 0x06, 0x00, 0x00, 0x97, 0xff, 
    0xff, 0xff, 0xff, 0xff, 0xff, 0xff, 0xc2, 0x35, 
    0x07, 0x15, 0x55, 0x16, 0x00, 0xa2, 0xff, 0xff, 
    0xff, 0xff, 0xff, 0xff, 0xff, 0xff, 0xff, 0xff, 
    0xff, 0xfe, 0x0c, 0x00, 0xc1, 0xff, 0xff, 0xff, 
    0xff, 0xff, 0xff, 0xff, 0xff, 0xff, 0xff, 0xff, 
    0xbd, 0x00, 0x07, 0xf1, 0xff, 0xff, 0xff, 0xff, 
    0xff, 0xff, 0xff, 0xbf, 0xf8, 0xff, 0xe0, 0x26, 
    0x00, 0x59, 0xff, 0xff, 0xff, 0xff, 0xff, 0xff, 
    0xff, 0xff, 0x03, 0x07, 0x1a, 0x03, 0x00, 0x1b, 
    0xe8, 0xff, 0xff, 0xff, 0xff, 0xff, 0xff, 0xff, 
    0xff, 0x70, 0x1b, 0x04, 0x19, 0x68, 0xea, 0xff, 
    0xff, 0xff, 0xff, 0xff, 0xff, 0xff, 0xff, 0xff, 
    0xff, 0xff, 0xff, 0xff, 0xff, 0xff, 0xff, 0xff, 
    0xff, 0xff, 0xff, 0xff, 0xff, 0xff, 0xff, 0xff, 
    0xff, 0xff, 0xff, 0xff, 0xff, 0xff, 0xff, 0xff, 
    0xff, 0xff, 0xff, 0xff, 0xff, 0xff, 0xff, 0xff, 
    0xff, 0xff, 0xff, 0xff, 0xff, 0xff, 0xff, 0xff, 
    0xff, 0xff, 0xff, 0xff, 0xff, 0xff, 0xff, 0xff, 
    0xff, 0xff, 0xff, 0xff, 0xff, 0xff, 0xff, 0xff, 
    0xff, 0xff, 0xff, 0xff, 0xff, 0xff, 0xff, 0xff, 
    0xff, 0xff, 0xff, 0xff, 0xff, 0xff, 0xff, 0xff, 
    0xff, 0xff, 0xff, 0xff, 0xff, 0xff, 0xff, 0xff, 
    0xff, 0xff, 0xff, 0xff, 0xff, 0xff, 0xff, 0xff, 
    0xff, 0xff, 0xff, 0xff, 0xff, 0xff, 0xff, 0xff, 
    0xff, 0xff, 0xff, 0xff, 0xff, 0xff, 0xff, 0xff, 
    0xff, 0xff, 0xff, 0xff, 0xff, 0xff, 0xff, 0xff, 
    0xff, 0xff, 0xff, 0xff, 0xff, 0xff, 0xff, 0xff, 
    0xff, 0xff, 0xff, 0xff, 0xff, 0xff, 0xff, 0xff, 
    0xff, 0xff, 0xff, 0xff, 0xff, 0xff, 0xff, 0xff, 
    0xff, 0xff, 0xff, 0xff, 0xff, 0xff, 0xff, 0xff, 
    0xff, 0xff, 0xff, 0xff, 0xff, 0xff, 0xff, 0xff, 
    0xff, 0xff, 0xff, 0xff, 0xff, 0xff, 0xff, 0xff, 
    0xff, 0xff, 0xff, 0xff, 0xff, 0xff, 0xff, 0xff, 
    0xff, 0xff, 0xff, 0xff, 0xff, 0xff, 0xff, 0xff, 
    0xff, 0xff, 0xff, 0xff, 0xff, 0xff, 0xff, 0xff, 
    0xff, 0xff, 0xff, 0xff, 0xff, 0xff, 0xff, 0xff, 
    0xff, 0xff, 0xff, 0xff, 0xff, 0xff, 0xff, 0xff, 
    0xff, 0xff, 0xff, 0xff, 0xff, 0xff, 0xff, 0xff, 
    0xff, 0xff, 0xff, 0xff, 0xff, 0xff, 0xff, 0xff, 
    0xff, 0xff, 0xff, 0xff, 0xff, 0xff, 0xff, 0xff, 
    0xff, 0xff, 0xff, 0xff, 0xff, 0xff, 0xff, 0xff, 
    0xff, 0xff, 0xff, 0xff, 0xa2, 0x09, 0x60, 0xff, 
    0xff, 0xff, 0xff, 0xff, 0xff, 0x6c, 0x00, 0x22, 
    0xff, 0xff, 0xff, 0xff, 0xff, 0xff, 0xbd, 0x3f, 
    0x8a, 0xff, 0xff, 0xff, 0xff, 0xff, 0xff, 0xff, 
    0xff, 0xff, 0xff, 0xff, 0xff, 0xff, 0xff, 0xff, 
    0xff, 0xff, 0xff, 0xff, 0xff, 0xff, 0xff, 0xff, 
    0xff, 0xff, 0xff, 0xff, 0xff, 0xff, 0xff, 0xff, 
    0xff, 0xff, 0xc0, 0x41, 0x8e, 0xff, 0xff, 0xff, 
    0xff, 0xff, 0xff, 0x6c, 0x00, 0x22, 0xff, 0xff, 
    0xff, 0xff, 0xff, 0xff, 0x9e, 0x07, 0x5c, 0xff, 
    0xff, 0xff, 0xff, 0xff, 0xff, 0xff, 0xff, 0xff, 
    0xff, 0xff, 0xff, 0xff, 0xff, 0xff, 0xff, 0xff, 
    0xff, 0xff, 0xff, 0xff, 0xff, 0xff, 0xff, 0xff, 
    0xff, 0xff, 0xff, 0xff, 0xff, 0xff, 0xff, 0xff, 
    0xff, 0xff, 0xff, 0xff, 0xff, 0xff, 0xff, 0xff, 
    0xff, 0xff, 0xff, 0xff, 0xff, 0xff, 0xff, 0xff, 
    0xff, 0xff, 0xff, 0xff, 0xff, 0xff, 0xff, 0xff, 
    0xff, 0xff, 0xff, 0xff, 0xff, 0xff, 0xff, 0xff, 
    0xff, 0xff, 0xff, 0xff, 0xff, 0xff, 0xff, 0xff, 
    0xff, 0xff, 0xff, 0xff, 0xff, 0xff, 0xff, 0xff, 
    0xff, 0xff, 0xff, 0xff, 0xff, 0xff, 0xff, 0xff, 
    0xff, 0xff, 0xff, 0xff, 0xff, 0xff, 0xff, 0xff, 
    0xff, 0xff, 0xff, 0xff, 0xff, 0xff, 0xff, 0xff, 
    0xff, 0xff, 0xff, 0xff, 0xff, 0xff, 0xff, 0xff, 
    0xff, 0xff, 0xff, 0xff, 0xff, 0xff, 0xff, 0xff, 
    0xff, 0xff, 0xff, 0xff, 0xff, 0xff, 0xff, 0xff, 
    0xff, 0xff, 0xff, 0xff, 0xff, 0xff, 0xff, 0xff, 
    0xff, 0xff, 0xff, 0xff, 0xff, 0xff, 0xff, 0xff, 
    0xff, 0xff, 0xff, 0xff, 0xff, 0xff, 0xff, 0xff, 
    0xff, 0xff, 0xff, 0xff, 0xff, 0xff, 0xff, 0xff, 
    0xff, 0xff, 0xff, 0xff, 0xff, 0xff, 0xff, 0xff, 
    0xff, 0xff, 0xff, 0xff, 0xff, 0xff, 0xff, 0xff, 
    0xff, 0xff, 0xff, 0xff, 0xff, 0xff, 0xff, 0xff, 
    0xff, 0xff, 0xff, 0xff, 0xff, 0xff, 0xff, 0xff, 
    0xff, 0xff, 0xff, 0xff, 0xff, 0xff, 0xff, 0xff, 
    0xff, 0xff, 0xff, 0xff, 0xff, 0xff, 0xff, 0xff, 
    0xa2, 0x09, 0x60, 0xff, 0xff, 0xff, 0xff, 0xff, 
    0xff, 0xff, 0x6c, 0x00, 0x22, 0xff, 0xff, 0xff, 
    0xff, 0xff, 0xff, 0xff, 0xbd, 0x3f, 0x8a, 0xff, 
    0xff, 0xff, 0xff, 0xff, 0xff, 0xff, 0xff, 0xff, 
    0xff, 0xff, 0xff, 0xff, 0xff, 0xff, 0xff, 0xff, 
    0xff, 0xff, 0xff, 0xff, 0xff, 0xff, 0xff, 0xff, 
    0xff, 0xff, 0xff, 0xff, 0xff, 0xff, 0xff, 0xff, 
    0xff, 0xff, 0xff, 0xff, 0xaf, 0x06, 0x46, 0xff, 
    0xff, 0xff, 0xff, 0xff, 0xff, 0xff, 0x8b, 0x00, 
    0x27, 0xff, 0xff, 0xff, 0xff, 0xff, 0xff, 0xff, 
    0x78, 0x00, 0x62, 0xff, 0xff, 0xff, 0xff, 0xff, 
    0xff, 0xfb, 0x1b, 0x0e, 0xe2, 0xff, 0xff, 0xff, 
    0xff, 0xff, 0xff, 0xad, 0x00, 0x9c, 0xff, 0xff, 
    0xff, 0xff, 0xff, 0xff, 0xff, 0xdf, 0xc3, 0xff, 
    0xff, 0xff, 0xff, 0xff, 0xff, 0xff, 0xff, 0xff, 
    0xff, 0xff, 0xff, 0xff, 0xff, 0xff, 0xff, 0xff, 
    0xff, 0xff, 0xff, 0xff, 0xff, 0xff, 0xff, 0xff, 
    0xff, 0xff, 0xff, 0xff, 0xff, 0xff, 0xff, 0xff, 
    0xff, 0xff, 0xff, 0xff, 0xff, 0xff, 0xff, 0xff, 
    0xff, 0xff, 0xff, 0xff, 0xff, 0xff, 0xff, 0xff, 
    0xff, 0xff, 0xff, 0xff, 0xff, 0xff, 0xff, 0xff, 
    0xff, 0xff, 0xff, 0xff, 0xff, 0xff, 0xff, 0xff, 
    0xff, 0xff, 0xff, 0xff, 0xff, 0xff, 0xff, 0xff, 
    0xff, 0xff, 0xff, 0xff, 0xff, 0xff, 0xff, 0xff, 
    0xff, 0xff, 0xff, 0xff, 0xff, 0xff, 0xff, 0xff, 
    0xff, 0xff, 0xff, 0xff, 0xff, 0xff, 0xff, 0xff, 
    0xff, 0xff, 0xff, 0xff, 0xff, 0xff, 0xff, 0xff, 
    0xff, 0xff, 0xff, 0xff, 0xff, 0xff, 0xff, 0xff, 
    0xff, 0xff, 0xff, 0xff, 0xff, 0xff, 0xff, 0xff, 
    0xff, 0xff, 0xff, 0xff, 0xff, 0xff, 0xff, 0xff, 
    0xff, 0xff, 0xff, 0xff, 0xff, 0xff, 0xff, 0xff, 
    0xff, 0xff, 0xff, 0xff, 0xff, 0xff, 0xff, 0xff, 
    0xff, 0xff, 0xff, 0xff, 0xff, 0xff, 0xff, 0xff, 
    0xff, 0xff, 0xff, 0xff, 0xff, 0xff, 0xff, 0xff, 
    0xff, 0xff, 0xff, 0xff, 0xff, 0xff, 0xff, 0xff, 
    0xff, 0xff, 0xff, 0xff, 0xff, 0xff, 0xff, 0xff, 
    0xff, 0xff, 0xff, 0xff, 0xff, 0xff, 0xff, 0xff, 
    0xff, 0xff, 0xff, 0xff, 0xff, 0xff, 0xff, 0xff, 
    0xff, 0xff, 0xff, 0xff, 0xff, 0xff, 0xff, 0xff, 
    0xff, 0xff, 0xff, 0xff, 0xff, 0xff, 0xff, 0xff, 
    0xff, 0xff, 0xff, 0xff, 0xff, 0xff, 0xff, 0xff, 
    0xff, 0xff, 0xff, 0xff, 0xff, 0xff, 0xff, 0xff, 
    0xff, 0xff, 0xff, 0xff, 0xff, 0xff, 0xff, 0xff, 
    0xff, 0xff, 0xff, 0xff, 0xff, 0xff, 0xff, 0xff, 
    0xff, 0xff, 0xff, 0xc6, 0x4e, 0xfb, 0xff, 0xff, 
    0xff, 0xff, 0xff, 0xff, 0xff, 0xff, 0xff, 0xff, 
    0xce, 0x4b, 0x00, 0x00, 0xf9, 0xff, 0xff, 0xff, 
    0xff, 0xff, 0xff, 0xff, 0xff, 0xd5, 0x54, 0x01, 
    0x00, 0x2d, 0xab, 0xff, 0xff, 0xff, 0xff, 0xff, 
    0xff, 0xff, 0xe9, 0x5d, 0x02, 0x00, 0x32, 0xae, 
    0xfe, 0xff, 0xff, 0xff, 0xff, 0xff, 0xff, 0xff, 
    0xff, 0x9c, 0x00, 0x0e, 0xb0, 0xff, 0xff, 0xff, 
    0xff, 0xff, 0xff, 0xff, 0xff, 0xff, 0xff, 0xff, 
    0xc4, 0x0a, 0x00, 0x21, 0x98, 0xf9, 0xff, 0xff, 
    0xff, 0xff, 0xff, 0xff, 0xff, 0xff, 0xff, 0xff, 
    0xe7, 0x6c, 0x06, 0x00, 0x1b, 0x90, 0xf6, 0xff, 
    0xff, 0xff, 0xff, 0xff, 0xff, 0xff, 0xff, 0xff, 
    0xff, 0xe0, 0x61, 0x03, 0x00, 0x1d, 0xfe, 0xff, 
    0xff, 0xff, 0xff, 0xff, 0xff, 0xff, 0xff, 0xff, 
    0xff, 0xff, 0xd8, 0x57, 0x01, 0xf7, 0xff, 0xff, 
    0xff, 0xff, 0xff, 0xff, 0xff, 0xff, 0xff, 0xff, 
    0xff, 0xff, 0xff, 0xdb, 0xff, 0xff, 0xff, 0xff, 
    0xff, 0xff, 0xff, 0xff, 0xff, 0xff, 0xff, 0xff, 
    0xff, 0xff, 0xff, 0xff, 0xff, 0xff, 0xff, 0xff, 
    0xff, 0xff, 0xff, 0xff, 0xff, 0xff, 0xff, 0xff, 
    0xff, 0xff, 0xff, 0xff, 0xff, 0xff, 0xff, 0xff, 
    0xff, 0xff, 0xff, 0xff, 0xff, 0xff, 0xff, 0xff, 
    0xff, 0xff, 0xff, 0xff, 0xff, 0xff, 0xff, 0xff, 
    0xff, 0xff, 0xff, 0xff, 0xff, 0xff, 0xff, 0xff, 
    0xff, 0xff, 0xff, 0xff, 0xff, 0xff, 0xff, 0xff, 
    0xff, 0xff, 0xff, 0xff, 0xff, 0xff, 0xff, 0xff, 
    0xff, 0xff, 0xff, 0xff, 0xff, 0xff, 0xff, 0xff, 
    0xff, 0xff, 0xff, 0xff, 0xff, 0xff, 0xff, 0xff, 
    0xff, 0xff, 0xff, 0xff, 0xff, 0xff, 0xff, 0xff, 
    0xff, 0xff, 0xff, 0xff, 0xff, 0xff, 0xff, 0xff, 
    0xff, 0xff, 0xff, 0xff, 0xff, 0xff, 0xff, 0xff, 
    0xff, 0xff, 0xff, 0xff, 0xff, 0xff, 0xff, 0xff, 
    0xff, 0xff, 0xff, 0xff, 0xff, 0xff, 0xff, 0xff, 
    0xff, 0xff, 0xff, 0xff, 0xff, 0xff, 0xff, 0xff, 
    0xff, 0xff, 0xff, 0xff, 0xff, 0xff, 0xff, 0xff, 
    0xff, 0xff, 0xff, 0xff, 0xff, 0xff, 0xff, 0xff, 
    0xff, 0xff, 0xff, 0xff, 0xff, 0xff, 0xff, 0xff, 
    0xff, 0xff, 0xff, 0xff, 0xff, 0xff, 0xff, 0xff, 
    0xff, 0xff, 0xff, 0xff, 0xff, 0xff, 0xff, 0xff, 
    0xff, 0xff, 0xff, 0xff, 0xff, 0xff, 0xff, 0xff, 
    0xff, 0xff, 0xff, 0xff, 0xff, 0xff, 0xff, 0xff, 
    0xff, 0xff, 0xff, 0xff, 0xff, 0xff, 0xff, 0xff, 
    0xff, 0xff, 0xff, 0xff, 0xff, 0xff, 0xff, 0xff, 
    0xff, 0xff, 0xff, 0xff, 0xff, 0xff, 0xff, 0xff, 
    0xff, 0xff, 0xff, 0xff, 0xff, 0xff, 0xff, 0xff, 
    0xff, 0xff, 0xff, 0xff, 0xff, 0xff, 0xff, 0xff, 
    0xff, 0xff, 0xff, 0xff, 0xff, 0xff, 0xff, 0xff, 
    0xff, 0xff, 0xff, 0xff, 0xff, 0xff, 0xff, 0xff, 
    0xff, 0xff, 0xff, 0xff, 0xff, 0xff, 0xff, 0xff, 
    0xff, 0xff, 0xff, 0xff, 0xff, 0xff, 0xff, 0xff, 
    0xff, 0xff, 0xff, 0xff, 0xff, 0xff, 0xff, 0xff, 
    0xff, 0xff, 0xff, 0xff, 0xff, 0xff, 0xff, 0xff, 
    0xff, 0xff, 0xff, 0xff, 0xff, 0xff, 0xff, 0xff, 
    0xff, 0xff, 0xff, 0xff, 0xff, 0xff, 0xff, 0xff, 
    0xff, 0xff, 0xff, 0xff, 0xff, 0xff, 0xff, 0xff, 
    0xff, 0xff, 0xff, 0xff, 0xff, 0xff, 0xff, 0xff, 
    0xff, 0xff, 0xff, 0xff, 0xff, 0xff, 0xdc, 0x3d, 
    0x3b, 0x3b, 0x3b, 0x3b, 0x3b, 0x3e, 0xe6, 0xff, 
    0xff, 0xff, 0xff, 0xff, 0xff, 0xcc, 0x01, 0x00, 
    0x00, 0x00, 0x00, 0x00, 0x02, 0xdc, 0xff, 0xff, 
    0xff, 0xff, 0xff, 0xff, 0xff, 0xff, 0xff, 0xff, 
    0xff, 0xff, 0xff, 0xff, 0xff, 0xff, 0xff, 0xff, 
    0xff, 0xff, 0xff, 0xff, 0xff, 0xff, 0xff, 0xff, 
    0xff, 0xff, 0xff, 0xff, 0xff, 0xff, 0xff, 0xff, 
    0xff, 0xff, 0xdd, 0x41, 0x3f, 0x3f, 0x3f, 0x3f, 
    0x3f, 0x42, 0xe7, 0xff, 0xff, 0xff, 0xff, 0xff, 
    0xff, 0xcb, 0x00, 0x00, 0x00, 0x00, 0x00, 0x00, 
    0x02, 0xdb, 0xff, 0xff, 0xff, 0xff, 0xff, 0xff, 
    0xff, 0xff, 0xff, 0xff, 0xff, 0xff, 0xff, 0xff, 
    0xff, 0xff, 0xff, 0xff, 0xff, 0xff, 0xff, 0xff, 
    0xff, 0xff, 0xff, 0xff, 0xff, 0xff, 0xff, 0xff, 
    0xff, 0xff, 0xff, 0xff, 0xff, 0xff, 0xff, 0xff, 
    0xff, 0xff, 0xff, 0xff, 0xff, 0xff, 0xff, 0xff, 
    0xff, 0xff, 0xff, 0xff, 0xff, 0xff, 0xff, 0xff, 
    0xff, 0xff, 0xff, 0xff, 0xff, 0xff, 0xff, 0xff, 
    0xff, 0xff, 0xff, 0xff, 0xff, 0xff, 0xff, 0xff, 
    0xff, 0xff, 0xff, 0xff, 0xff, 0xff, 0xff, 0xff, 
    0xff, 0xff, 0xff, 0xff, 0xff, 0xff, 0xff, 0xff, 
    0xff, 0xff, 0xff, 0xff, 0xff, 0xff, 0xff, 0xff, 
    0xff, 0xff, 0xff, 0xff, 0xff, 0xff, 0xff, 0xff, 
    0xff, 0xff, 0xff, 0xff, 0xff, 0xff, 0xff, 0xff, 
    0xff, 0xff, 0xff, 0xff, 0xff, 0xff, 0xff, 0xff, 
    0xff, 0xff, 0xff, 0xff, 0xff, 0xff, 0xff, 0xff, 
    0xff, 0xff, 0xff, 0xff, 0xff, 0xff, 0xff, 0xff, 
    0xff, 0xff, 0xff, 0xff, 0xff, 0xff, 0xff, 0xff, 
    0xff, 0xff, 0xff, 0xff, 0xff, 0xff, 0xff, 0xff, 
    0xff, 0xff, 0xff, 0xff, 0xff, 0xff, 0xff, 0xff, 
    0xff, 0xff, 0xff, 0xff, 0xff, 0xff, 0xff, 0xff, 
    0xff, 0xff, 0xff, 0xff, 0xff, 0xff, 0xff, 0xff, 
    0xff, 0xff, 0xff, 0xff, 0xff, 0xff, 0xff, 0xff, 
    0xff, 0xff, 0xff, 0xff, 0xff, 0xff, 0xff, 0xff, 
    0xff, 0xff, 0xff, 0xff, 0xff, 0xff, 0xff, 0xff, 
    0xff, 0xff, 0xff, 0xff, 0xff, 0xff, 0xff, 0xff, 
    0xff, 0xff, 0xff, 0xff, 0xff, 0xff, 0xff, 0xff, 
    0xff, 0xff, 0xff, 0xff, 0xff, 0xff, 0xff, 0xff, 
    0xff, 0xff, 0xff, 0xff, 0xff, 0xff, 0xff, 0xff, 
    0xff, 0xff, 0xff, 0xff, 0xff, 0xff, 0xff, 0xff, 
    0xff, 0xff, 0xff, 0xff, 0xff, 0xff, 0xff, 0xff, 
    0xff, 0xff, 0xff, 0xff, 0xff, 0xff, 0xff, 0xff, 
    0xff, 0xff, 0xff, 0xff, 0xff, 0xff, 0xff, 0xff, 
    0xff, 0xff, 0xff, 0xff, 0xff, 0xff, 0xff, 0xff, 
    0xff, 0xff, 0xff, 0xff, 0xff, 0xff, 0xff, 0xff, 
    0xff, 0xff, 0xff, 0xff, 0xff, 0xff, 0xff, 0xff, 
    0xff, 0xff, 0xff, 0xff, 0xff, 0xff, 0xff, 0xff, 
    0xff, 0xff, 0xff, 0xff, 0xff, 0xff, 0xff, 0xff, 
    0xff, 0xff, 0xff, 0xff, 0xff, 0xff, 0xff, 0xff, 
    0xff, 0xff, 0xff, 0xff, 0xff, 0xff, 0xff, 0xff, 
    0xff, 0xff, 0xff, 0xff, 0xff, 0xff, 0xff, 0xff, 
    0xff, 0xff, 0xff, 0xff, 0xff, 0xff, 0xff, 0xff, 
    0xff, 0xff, 0xff, 0xff, 0xff, 0xff, 0xff, 0xff, 
    0xff, 0xff, 0xff, 0xff, 0xff, 0xff, 0xff, 0xff, 
    0xff, 0xef, 0x4f, 0xcf, 0xff, 0xff, 0xff, 0xff, 
    0xff, 0xff, 0xff, 0xff, 0xff, 0xff, 0xff, 0xff, 
    0xe9, 0x00, 0x01, 0x55, 0xd7, 0xff, 0xff, 0xff, 
    0xff, 0xff, 0xff, 0xff, 0xff, 0xff, 0xff, 0xff, 
    0x9a, 0x20, 0x00, 0x03, 0x60, 0xdf, 0xff, 0xff, 
    0xff, 0xff, 0xff, 0xff, 0xff, 0xff, 0xff, 0xff, 
    0xfb, 0x9f, 0x27, 0x00, 0x06, 0x6b, 0xf2, 0xff, 
    0xff, 0xff, 0xff, 0xff, 0xff, 0xff, 0xff, 0xff, 
    0xff, 0xfd, 0xa2, 0x09, 0x00, 0xae, 0xff, 0xff, 
    0xff, 0xff, 0xff, 0xff, 0xff, 0xff, 0xff, 0xf8, 
    0x96, 0x1e, 0x00, 0x0d, 0xcd, 0xff, 0xff, 0xff, 
    0xff, 0xff, 0xff, 0xff, 0xf6, 0x90, 0x1a, 0x00, 
    0x09, 0x74, 0xec, 0xff, 0xff, 0xff, 0xff, 0xff, 
    0xff, 0xff, 0xf5, 0x17, 0x00, 0x06, 0x6b, 0xe6, 
    0xff, 0xff, 0xff, 0xff, 0xff, 0xff, 0xff, 0xff, 
    0xff, 0xe6, 0x03, 0x62, 0xe0, 0xff, 0xff, 0xff, 
    0xff, 0xff, 0xff, 0xff, 0xff, 0xff, 0xff, 0xff, 
    0xfe, 0xe1, 0xff, 0xff, 0xff, 0xff, 0xff, 0xff, 
    0xff, 0xff, 0xff, 0xff, 0xff, 0xff, 0xff, 0xff, 
    0xff, 0xff, 0xff, 0xff, 0xff, 0xff, 0xff, 0xff, 
    0xff, 0xff, 0xff, 0xff, 0xff, 0xff, 0xff, 0xff, 
    0xff, 0xff, 0xff, 0xff, 0xff, 0xff, 0xff, 0xff, 
    0xff, 0xff, 0xff, 0xff, 0xff, 0xff, 0xff, 0xff, 
    0xff, 0xff, 0xff, 0xff, 0xff, 0xff, 0xff, 0xff, 
    0xff, 0xff, 0xff, 0xff, 0xff, 0xff, 0xff, 0xff, 
    0xff, 0xff, 0xff, 0xff, 0xff, 0xff, 0xff, 0xff, 
    0xff, 0xff, 0xff, 0xff, 0xff, 0xff, 0xff, 0xff, 
    0xff, 0xff, 0xff, 0xff, 0xff, 0xff, 0xff, 0xff, 
    0xff, 0xff, 0xff, 0xff, 0xff, 0xff, 0xff, 0xff, 
    0xff, 0xff, 0xff, 0xff, 0xff, 0xff, 0xff, 0xff, 
    0xff, 0xff, 0xff, 0xff, 0xff, 0xff, 0xff, 0xff, 
    0xff, 0xff, 0xff, 0xff, 0xff, 0xff, 0xff, 0xff, 
    0xff, 0xff, 0xff, 0xff, 0xff, 0xff, 0xff, 0xff, 
    0xff, 0xff, 0xff, 0xff, 0xff, 0xff, 0xff, 0xff, 
    0xff, 0xff, 0xff, 0xff, 0xff, 0xff, 0xff, 0xff, 
    0xff, 0xff, 0xff, 0xff, 0xff, 0xff, 0xff, 0xff, 
    0xff, 0xff, 0xff, 0xff, 0xff, 0xff, 0xff, 0xff, 
    0xff, 0xff, 0xff, 0xff, 0xff, 0xff, 0xff, 0xff, 
    0xff, 0xff, 0xff, 0xff, 0xff, 0xff, 0xff, 0xff, 
    0xff, 0xff, 0xff, 0xff, 0xff, 0xff, 0xff, 0xff, 
    0xff, 0xff, 0xff, 0xff, 0xff, 0xff, 0xff, 0xff, 
    0xff, 0xff, 0xff, 0xff, 0xff, 0xff, 0xff, 0xff, 
    0xff, 0xff, 0xff, 0xff, 0xff, 0xff, 0xff, 0xff, 
    0xff, 0xff, 0xff, 0xff, 0xff, 0xff, 0xff, 0xff, 
    0xff, 0xff, 0xff, 0xff, 0xff, 0xff, 0xff, 0xff, 
    0xff, 0xff, 0xff, 0xff, 0xff, 0xff, 0xff, 0xff, 
    0xff, 0xff, 0xff, 0xff, 0xff, 0xff, 0xff, 0xff, 
    0xff, 0xff, 0xff, 0xff, 0xff, 0xff, 0xff, 0xff, 
    0xff, 0xff, 0xff, 0xff, 0x84, 0x28, 0x06, 0x13, 
    0x59, 0xe0, 0xff, 0xff, 0xff, 0xff, 0xff, 0xff, 
    0xff, 0x06, 0x0e, 0x1f, 0x01, 0x00, 0x21, 0xf7, 
    0xff, 0xff, 0xff, 0xff, 0xff, 0xff, 0xbb, 0xfb, 
    0xff, 0xbe, 0x02, 0x00, 0x9c, 0xff, 0xff, 0xff, 
    0xff, 0xff, 0xff, 0xff, 0xff, 0xff, 0xff, 0x36, 
    0x00, 0x70, 0xff, 0xff, 0xff, 0xff, 0xff, 0xff, 
    0xff, 0xff, 0xff, 0xff, 0x31, 0x00, 0x7f, 0xff, 
    0xff, 0xff, 0xff, 0xff, 0xff, 0xff, 0xff, 0xf9, 
    0xa1, 0x00, 0x00, 0xc5, 0xff, 0xff, 0xff, 0xff, 
    0xff, 0xff, 0xff, 0xbb, 0x02, 0x00, 0x00, 0x7b, 
    0xff, 0xff, 0xff, 0xff, 0xff, 0xff, 0xff, 0xff, 
    0xa8, 0x00, 0x2b, 0xdf, 0xff, 0xff, 0xff, 0xff, 
    0xff, 0xff, 0xff, 0xff, 0xff, 0xb1, 0x00, 0x46, 
    0xff, 0xff, 0xff, 0xff, 0xff, 0xff, 0xff, 0xff, 
    0xff, 0xff, 0xe6, 0x8d, 0xc2, 0xff, 0xff, 0xff, 
    0xff, 0xff, 0xff, 0xff, 0xff, 0xff, 0xff, 0xdb, 
    0x56, 0x84, 0xff, 0xff, 0xff, 0xff, 0xff, 0xff, 
    0xff, 0xff, 0xff, 0xff, 0x8a, 0x00, 0x03, 0xff, 
    0xff, 0xff, 0xff, 0xff, 0xff, 0xff, 0xff, 0xff, 
    0xff, 0xb9, 0x09, 0x3a, 0xff, 0xff, 0xff, 0xff, 
    0xff, 0xff, 0xff, 0xff, 0xff, 0xff, 0xff, 0xff, 
    0xff, 0xff, 0xff, 0xff, 0xff, 0xff, 0xff, 0xff, 
    0xff, 0xff, 0xff, 0xff, 0xff, 0xff, 0xff, 0xff, 
    0xff, 0xff, 0xff, 0xff, 0xff, 0xff, 0xff, 0xff, 
    0xff, 0xff, 0xff, 0xff, 0xff, 0xff, 0xff, 0xff, 
    0xff, 0xff, 0xff, 0xff, 0xff, 0xff, 0xff, 0xff, 
    0xff, 0xff, 0xff, 0xff, 0xff, 0xff, 0xff, 0xff, 
    0xff, 0xff, 0xff, 0xff, 0xff, 0xff, 0xff, 0xff, 
    0xff, 0xff, 0xff, 0xff, 0xff, 0xff, 0xff, 0xff, 
    0xff, 0xff, 0xff, 0xff, 0xff, 0xff, 0xff, 0xff, 
    0xff, 0xff, 0xff, 0xff, 0xff, 0xff, 0xff, 0xff, 
    0xff, 0xff, 0xff, 0xff, 0xff, 0xff, 0xff, 0xff, 
    0xff, 0xff, 0xff, 0xff, 0xff, 0xff, 0xff, 0xff, 
    0xff, 0xff, 0xff, 0xff, 0xff, 0xff, 0xff, 0xff, 
    0xff, 0xff, 0xff, 0xff, 0xff, 0xff, 0xff, 0xff, 
    0xff, 0xff, 0xff, 0xff, 0xff, 0xff, 0xff, 0xff, 
    0xff, 0xff, 0xff, 0xff, 0xff, 0xff, 0xff, 0xff, 
    0xff, 0xff, 0xff, 0xff, 0xff, 0xff, 0xff, 0xff, 
    0xff, 0xff, 0xff, 0xff, 0xff, 0xff, 0xff, 0xff, 
    0xff, 0xff, 0xff, 0xff, 0xff, 0xff, 0xff, 0xff, 
    0xff, 0xff, 0xff, 0xff, 0xff, 0xff, 0xff, 0xff, 
    0xff, 0xff, 0xff, 0xff, 0xff, 0xff, 0xff, 0xff, 
    0xff, 0xff, 0xff, 0xff, 0xff, 0xff, 0xff, 0xff, 
    0xff, 0xff, 0xff, 0xff, 0xff, 0xff, 0xff, 0xff, 
    0xff, 0xff, 0xff, 0xff, 0xff, 0xff, 0xff, 0xff, 
    0xff, 0xff, 0xff, 0xff, 0xff, 0xff, 0xff, 0xff, 
    0xff, 0xff, 0xff, 0xff, 0xff, 0xff, 0xff, 0xff, 
    0xff, 0xff, 0xff, 0xff, 0xff, 0xff, 0xff, 0xff, 
    0xff, 0xff, 0xff, 0xff, 0xff, 0xff, 0xff, 0xff, 
    0xff, 0xff, 0xff, 0xff, 0xff, 0xff, 0xff, 0xff, 
    0xff, 0xff, 0xff, 0xff, 0xff, 0xff, 0xff, 0xff, 
    0xff, 0xff, 0xff, 0xff, 0xff, 0xff, 0xff, 0xff, 
    0xff, 0xff, 0xff, 0xff, 0xff, 0xff, 0xff, 0xff, 
    0xff, 0xff, 0xff, 0xff, 0xff, 0xff, 0xff, 0xff, 
    0xff, 0xff, 0xff, 0xff, 0xff, 0xff, 0xff, 0xff, 
    0xff, 0xff, 0xff, 0xff, 0xff, 0xff, 0xff, 0xff, 
    0xff, 0xff, 0xff, 0xff, 0xff, 0xff, 0xff, 0xff, 
    0xff, 0xff, 0xff, 0xff, 0xff, 0xff, 0xff, 0xff, 
    0xff, 0xff, 0xff, 0xff, 0xff, 0xff, 0xff, 0xff, 
    0xff, 0xff, 0xff, 0xff, 0xff, 0xff, 0xff, 0xff, 
    0xff, 0xff, 0xff, 0xff, 0xff, 0xff, 0xff, 0xff, 
    0xff, 0xff, 0xff, 0xff, 0xff, 0xff, 0xb5, 0x5a, 
    0x25, 0x0c, 0x08, 0x1e, 0x55, 0xb5, 0xff, 0xff, 
    0xff, 0xff, 0xff, 0xff, 0xff, 0xff, 0xff, 0xff, 
    0xff, 0xff, 0xe6, 0x45, 0x00, 0x00, 0x1f, 0x3b, 
    0x38, 0x12, 0x00, 0x00, 0x5d, 0xfd, 0xff, 0xff, 
    0xff, 0xff, 0xff, 0xff, 0xff, 0xff, 0xff, 0xec, 
    0x29, 0x00, 0x55, 0xd6, 0xff, 0xff, 0xff, 0xfe, 
    0xae, 0x12, 0x00, 0x95, 0xff, 0xff, 0xff, 0xff, 
    0xff, 0xff, 0xff, 0xff, 0xff, 0x5e, 0x00, 0x73, 
    0xed, 0x56, 0x0e, 0x2f, 0xae, 0x07, 0xa3, 0xad, 
    0x00, 0x31, 0xff, 0xff, 0xff, 0xff, 0xff, 0xff, 
    0xff, 0xff, 0xd8, 0x00, 0x26, 0xfb, 0x43, 0x00, 
    0x26, 0x1c, 0x03, 0x00, 0xbf, 0xf4, 0x00, 0x05, 
    0xff, 0xff, 0xff, 0xff, 0xff, 0xff, 0xff, 0xff, 
    0x79, 0x00, 0x8f, 0xc6, 0x00, 0x2c, 0xf8, 0xe2, 
    0x09, 0x00, 0xed, 0xff, 0x0a, 0x01, 0xfd, 0xff, 
    0xff, 0xff, 0xff, 0xff, 0xff, 0xff, 0x40, 0x00, 
    0xd2, 0x7f, 0x00, 0x8a, 0xff, 0xfa, 0x05, 0x1b, 
    0xff, 0xf4, 0x00, 0x16, 0xff, 0xff, 0xff, 0xff, 
    0xff, 0xff, 0xff, 0xff, 0x1e, 0x00, 0xf4, 0x5c, 
    0x00, 0xb1, 0xff, 0xd1, 0x00, 0x47, 0xff, 0xbc, 
    0x00, 0x4a, 0xff, 0xff, 0xff, 0xff, 0xff, 0xff, 
    0xff, 0xff, 0x14, 0x00, 0xf6, 0x5b, 0x00, 0x82, 
    0xe2, 0x34, 0x00, 0x44, 0xed, 0x40, 0x00, 0xa9, 
    0xff, 0xff, 0xff, 0xff, 0xff, 0xff, 0xff, 0xff, 
    0x25, 0x00, 0xd9, 0x98, 0x00, 0x00, 0x00, 0x33, 
    0x1b, 0x00, 0x00, 0x00, 0x4f, 0xfe, 0xff, 0xff, 
    0xff, 0xff, 0xff, 0xff, 0xff, 0xff, 0x59, 0x00, 
    0x88, 0xfd, 0x84, 0x52, 0x88, 0xf6, 0xd0, 0x60, 
    0x5c, 0x9b, 0xfd, 0xff, 0xff, 0xff, 0xff, 0xff, 
    0xff, 0xff, 0xff, 0xff, 0xc2, 0x01, 0x07, 0x98, 
    0xfa, 0xff, 0xff, 0xff, 0xfd, 0xd7, 0xff, 0xff, 
    0xff, 0xff, 0xff, 0xff, 0xff, 0xff, 0xff, 0xff, 
    0xff, 0xff, 0xff, 0x8a, 0x02, 0x00, 0x0c, 0x34, 
    0x40, 0x32, 0x0b, 0x0b, 0xff, 0xff, 0xff, 0xff, 
    0xff, 0xff, 0xff, 0xff, 0xff, 0xff, 0xff, 0xff, 
    0xff, 0xff, 0xca, 0x60, 0x25, 0x0b, 0x04, 0x13, 
    0x38, 0x84, 0xff, 0xff, 0xff, 0xff, 0xff, 0xff, 
    0xff, 0xff, 0xff, 0xff, 0xff, 0xff, 0xff, 0xff, 
    0xff, 0xff, 0xff, 0xff, 0xff, 0xff, 0xff, 0xff, 
    0xff, 0xff, 0xff, 0xff, 0xff, 0xff, 0xff, 0xff, 
    0xff, 0xff, 0xff, 0xff, 0xff, 0xff, 0xff, 0xff, 
    0xff, 0xff, 0xff, 0xff, 0xff, 0xff, 0xff, 0xff, 
    0xff, 0xff, 0xff, 0xff, 0xff, 0xff, 0xff, 0xff, 
    0xff, 0xff, 0xff, 0xff, 0xff, 0xff, 0xff, 0xff, 
    0xff, 0xff, 0xff, 0xff, 0xff, 0xff, 0xff, 0xff, 
    0xff, 0xff, 0xff, 0xff, 0xff, 0xff, 0xff, 0xff, 
    0xff, 0xff, 0xff, 0xff, 0xff, 0xff, 0xff, 0xff, 
    0xff, 0xff, 0xff, 0xff, 0xff, 0xff, 0xff, 0xff, 
    0xff, 0xff, 0xff, 0xff, 0xff, 0xff, 0xff, 0xff, 
    0xff, 0xff, 0xff, 0xff, 0xff, 0xff, 0xff, 0xff, 
    0xff, 0xff, 0xff, 0xff, 0xff, 0xff, 0xff, 0xff, 
    0xff, 0xff, 0xff, 0xff, 0xff, 0xff, 0xff, 0xff, 
    0xff, 0xff, 0xff, 0xff, 0xff, 0xff, 0xff, 0xff, 
    0xff, 0xff, 0xff, 0xff, 0xff, 0xff, 0xff, 0xff, 
    0xff, 0xff, 0xff, 0xff, 0xff, 0xff, 0xff, 0xff, 
    0xff, 0xff, 0xff, 0xff, 0xff, 0xff, 0xff, 0xff, 
    0xff, 0xff, 0xff, 0xff, 0xff, 0xff, 0xff, 0xff, 
    0xff, 0xff, 0xff, 0xff, 0xff, 0xff, 0xff, 0xff, 
    0xff, 0xff, 0xff, 0xff, 0xff, 0xff, 0xff, 0xff, 
    0xff, 0xff, 0xff, 0xff, 0xff, 0xff, 0xff, 0xff, 
    0xff, 0xff, 0xff, 0xff, 0xff, 0xff, 0xff, 0xff, 
    0xff, 0xff, 0xff, 0xff, 0xff, 0xff, 0xff, 0xff, 
    0xff, 0xff, 0xff, 0xff, 0xff, 0xff, 0xff, 0xff, 
    0xff, 0xff, 0xff, 0xff, 0xff, 0xff, 0xff, 0xff, 
    0xff, 0xff, 0xff, 0xff, 0xff, 0xff, 0xff, 0xff, 
    0xff, 0xff, 0xff, 0xff, 0xff, 0xff, 0xff, 0xff, 
    0xff, 0xff, 0xff, 0xff, 0xff, 0xff, 0xff, 0xff, 
    0xff, 0xff, 0xff, 0xff, 0xff, 0xff, 0xff, 0xff, 
    0xff, 0xff, 0xff, 0xff, 0xff, 0xff, 0xff, 0xff, 
    0xff, 0xff, 0xff, 0xff, 0xff, 0xff, 0xff, 0xff, 
    0xff, 0xff, 0xff, 0xff, 0xff, 0xff, 0xff, 0xff, 
    0xff, 0xff, 0xff, 0xff, 0xff, 0xff, 0xff, 0xff, 
    0xff, 0xff, 0xff, 0xff, 0xff, 0xff, 0xff, 0xff, 
    0xff, 0xff, 0xff, 0xff, 0xff, 0xff, 0xff, 0xff, 
    0xff, 0xff, 0xff, 0xff, 0xff, 0xff, 0xff, 0xff, 
    0xff, 0xff, 0xff, 0xff, 0xff, 0xff, 0xdb, 0x08, 
    0x00, 0x11, 0xed, 0xff, 0xff, 0xff, 0xff, 0xff, 
    0xff, 0xff, 0xff, 0xff, 0xff, 0xff, 0xff, 0x85, 
    0x00, 0x00, 0x00, 0x9c, 0xff, 0xff, 0xff, 0xff, 
    0xff, 0xff, 0xff, 0xff, 0xff, 0xff, 0xff, 0xff, 
    0x2f, 0x00, 0x42, 0x00, 0x47, 0xff, 0xff, 0xff, 
    0xff, 0xff, 0xff, 0xff, 0xff, 0xff, 0xff, 0xff, 
    0xda, 0x00, 0x1f, 0xc5, 0x00, 0x04, 0xed, 0xff, 
    0xff, 0xff, 0xff, 0xff, 0xff, 0xff, 0xff, 0xff, 
    0xff, 0x85, 0x00, 0x70, 0xfe, 0x19, 0x00, 0x9c, 
    0xff, 0xff, 0xff, 0xff, 0xff, 0xff, 0xff, 0xff, 
    0xff, 0xff, 0x30, 0x00, 0xc2, 0xff, 0x69, 0x00, 
    0x47, 0xff, 0xff, 0xff, 0xff, 0xff, 0xff, 0xff, 
    0xff, 0xff, 0xdb, 0x00, 0x16, 0xfd, 0xff, 0xba, 
    0x00, 0x04, 0xed, 0xff, 0xff, 0xff, 0xff, 0xff, 
    0xff, 0xff, 0xff, 0x86, 0x00, 0x09, 0x23, 0x23, 
    0x20, 0x00, 0x00, 0x9d, 0xff, 0xff, 0xff, 0xff, 
    0xff, 0xff, 0xff, 0xff, 0x31, 0x00, 0x00, 0x00, 
    0x00, 0x00, 0x00, 0x00, 0x48, 0xff, 0xff, 0xff, 
    0xff, 0xff, 0xff, 0xff, 0xdc, 0x00, 0x03, 0xed, 
    0xff, 0xff, 0xff, 0xa0, 0x00, 0x05, 0xed, 0xff, 
    0xff, 0xff, 0xff, 0xff, 0xff, 0x87, 0x00, 0x3a, 
    0xff, 0xff, 0xff, 0xff, 0xea, 0x02, 0x00, 0x9d, 
    0xff, 0xff, 0xff, 0xff, 0xff, 0xff, 0x51, 0x02, 
    0x8f, 0xff, 0xff, 0xff, 0xff, 0xff, 0x3f, 0x00, 
    0x66, 0xff, 0xff, 0xff, 0xff, 0xff, 0xff, 0xff, 
    0xff, 0xff, 0xff, 0xff, 0xff, 0xff, 0xff, 0xff, 
    0xff, 0xff, 0xff, 0xff, 0xff, 0xff, 0xff, 0xff, 
    0xff, 0xff, 0xff, 0xff, 0xff, 0xff, 0xff, 0xff, 
    0xff, 0xff, 0xff, 0xff, 0xff, 0xff, 0xff, 0xff, 
    0xff, 0xff, 0xff, 0xff, 0xff, 0xff, 0xff, 0xff, 
    0xff, 0xff, 0xff, 0xff, 0xff, 0xff, 0xff, 0xff, 
    0xff, 0xff, 0xff, 0xff, 0xff, 0xff, 0xff, 0xff, 
    0xff, 0xff, 0xff, 0xff, 0xff, 0xff, 0xff, 0xff, 
    0xff, 0xff, 0xff, 0xff, 0xff, 0xff, 0xff, 0xff, 
    0xff, 0xff, 0xff, 0xff, 0xff, 0xff, 0xff, 0xff, 
    0xff, 0xff, 0xff, 0xff, 0xff, 0xff, 0xff, 0xff, 
    0xff, 0xff, 0xff, 0xff, 0xff, 0xff, 0xff, 0xff, 
    0xff, 0xff, 0xff, 0xff, 0xff, 0xff, 0xff, 0xff, 
    0xff, 0xff, 0xff, 0xff, 0xff, 0xff, 0xff, 0xff, 
    0xff, 0xff, 0xff, 0xff, 0xff, 0xff, 0xff, 0xff, 
    0xff, 0xff, 0xff, 0xff, 0xff, 0xff, 0xff, 0xff, 
    0xff, 0xff, 0xff, 0xff, 0xff, 0xff, 0xff, 0xff, 
    0xff, 0xff, 0xff, 0xff, 0xff, 0xff, 0xff, 0xff, 
    0xff, 0xff, 0xff, 0xff, 0xff, 0xff, 0xff, 0xff, 
    0xff, 0xff, 0xff, 0xff, 0xff, 0xff, 0xff, 0xff, 
    0xff, 0xff, 0xff, 0xff, 0xff, 0xff, 0xff, 0xff, 
    0xff, 0xff, 0xff, 0xff, 0xff, 0xff, 0xff, 0xff, 
    0xff, 0xff, 0xff, 0xff, 0xff, 0xff, 0xff, 0xff, 
    0xff, 0xff, 0xff, 0xff, 0xff, 0xff, 0xff, 0xff, 
    0xff, 0xff, 0xff, 0xff, 0xff, 0xff, 0xff, 0xff, 
    0xff, 0xff, 0xff, 0xff, 0xff, 0xff, 0xff, 0xff, 
    0xff, 0xff, 0xff, 0xff, 0xff, 0xff, 0xff, 0xff, 
    0xff, 0xff, 0xff, 0xff, 0xff, 0xff, 0xff, 0xff, 
    0xff, 0xff, 0xff, 0xff, 0xff, 0xff, 0xff, 0xff, 
    0xff, 0xff, 0xff, 0xff, 0xff, 0xff, 0xff, 0xff, 
    0xff, 0xff, 0xff, 0xff, 0xff, 0xff, 0xff, 0xff, 
    0xff, 0xff, 0xff, 0xff, 0xff, 0xff, 0xff, 0xff, 
    0xff, 0xff, 0xff, 0xff, 0xff, 0xff, 0xff, 0xff, 
    0xff, 0xff, 0xff, 0xff, 0xff, 0xff, 0xff, 0xff, 
    0xff, 0xff, 0xff, 0xff, 0xff, 0xff, 0xff, 0xff, 
    0xff, 0xff, 0xff, 0xff, 0xff, 0x60, 0x00, 0x00, 
    0x00, 0x0a, 0x35, 0xa6, 0xff, 0xff, 0xff, 0xff, 
    0xff, 0xff, 0xff, 0xff, 0x3b, 0x00, 0x17, 0x2e, 
    0x10, 0x00, 0x00, 0xa7, 0xff, 0xff, 0xff, 0xff, 
    0xff, 0xff, 0xff, 0x3b, 0x00, 0x7f, 0xff, 0xf8, 
    0x39, 0x00, 0x44, 0xff, 0xff, 0xff, 0xff, 0xff, 
    0xff, 0xff, 0x3b, 0x00, 0x7f, 0xff, 0xff, 0x71, 
    0x00, 0x42, 0xff, 0xff, 0xff, 0xff, 0xff, 0xff, 
    0xff, 0x3b, 0x00, 0x7f, 0xff, 0xd8, 0x20, 0x00, 
    0x99, 0xff, 0xff, 0xff, 0xff, 0xff, 0xff, 0xff, 
    0x3b, 0x00, 0x00, 0x00, 0x00, 0x00, 0x4b, 0xfa, 
    0xff, 0xff, 0xff, 0xff, 0xff, 0xff, 0xff, 0x3b, 
    0x00, 0x1d, 0x3b, 0x28, 0x00, 0x00, 0x40, 0xfd, 
    0xff, 0xff, 0xff, 0xff, 0xff, 0xff, 0x3b, 0x00, 
    0x7f, 0xff, 0xff, 0xb4, 0x00, 0x00, 0xb2, 0xff, 
    0xff, 0xff, 0xff, 0xff, 0xff, 0x3b, 0x00, 0x7f, 
    0xff, 0xff, 0xff, 0x08, 0x00, 0x92, 0xff, 0xff, 
    0xff, 0xff, 0xff, 0xff, 0x3b, 0x00, 0x7f, 0xff, 
    0xff, 0xb0, 0x00, 0x00, 0xb9, 0xff, 0xff, 0xff, 
    0xff, 0xff, 0xff, 0x3b, 0x00, 0x13, 0x27, 0x1d, 
    0x00, 0x00, 0x3d, 0xfe, 0xff, 0xff, 0xff, 0xff, 
    0xff, 0xff, 0x5f, 0x00, 0x00, 0x00, 0x07, 0x29, 
    0x80, 0xf4, 0xff, 0xff, 0xff, 0xff, 0xff, 0xff, 
    0xff, 0xff, 0xff, 0xff, 0xff, 0xff, 0xff, 0xff, 
    0xff, 0xff, 0xff, 0xff, 0xff, 0xff, 0xff, 0xff, 
    0xff, 0xff, 0xff, 0xff, 0xff, 0xff, 0xff, 0xff, 
    0xff, 0xff, 0xff, 0xff, 0xff, 0xff, 0xff, 0xff, 
    0xff, 0xff, 0xff, 0xff, 0xff, 0xff, 0xff, 0xff, 
    0xff, 0xff, 0xff, 0xff, 0xff, 0xff, 0xff, 0xff, 
    0xff, 0xff, 0xff, 0xff, 0xff, 0xff, 0xff, 0xff, 
    0xff, 0xff, 0xff, 0xff, 0xff, 0xff, 0xff, 0xff, 
    0xff, 0xff, 0xff, 0xff, 0xff, 0xff, 0xff, 0xff, 
    0xff, 0xff, 0xff, 0xff, 0xff, 0xff, 0xff, 0xff, 
    0xff, 0xff, 0xff, 0xff, 0xff, 0xff, 0xff, 0xff, 
    0xff, 0xff, 0xff, 0xff, 0xff, 0xff, 0xff, 0xff, 
    0xff, 0xff, 0xff, 0xff, 0xff, 0xff, 0xff, 0xff, 
    0xff, 0xff, 0xff, 0xff, 0xff, 0xff, 0xff, 0xff, 
    0xff, 0xff, 0xff, 0xff, 0xff, 0xff, 0xff, 0xff, 
    0xff, 0xff, 0xff, 0xff, 0xff, 0xff, 0xff, 0xff, 
    0xff, 0xff, 0xff, 0xff, 0xff, 0xff, 0xff, 0xff, 
    0xff, 0xff, 0xff, 0xff, 0xff, 0xff, 0xff, 0xff, 
    0xff, 0xff, 0xff, 0xff, 0xff, 0xff, 0xff, 0xff, 
    0xff, 0xff, 0xff, 0xff, 0xff, 0xff, 0xff, 0xff, 
    0xff, 0xff, 0xff, 0xff, 0xff, 0xff, 0xff, 0xff, 
    0xff, 0xff, 0xff, 0xff, 0xff, 0xff, 0xff, 0xff, 
    0xff, 0xff, 0xff, 0xff, 0xff, 0xff, 0xff, 0xff, 
    0xff, 0xff, 0xff, 0xff, 0xff, 0xff, 0xff, 0xff, 
    0xff, 0xff, 0xff, 0xff, 0xff, 0xff, 0xff, 0xff, 
    0xff, 0xff, 0xff, 0xff, 0xff, 0xff, 0xff, 0xff, 
    0xff, 0xff, 0xff, 0xff, 0xff, 0xff, 0xff, 0xff, 
    0xff, 0xff, 0xff, 0xff, 0xff, 0xff, 0xff, 0xff, 
    0xff, 0xff, 0xff, 0xff, 0xff, 0xff, 0xff, 0xff, 
    0xff, 0xff, 0xff, 0xff, 0xff, 0xff, 0xff, 0xff, 
    0xff, 0xff, 0xff, 0xff, 0xff, 0xff, 0xff, 0xff, 
    0xff, 0xff, 0xff, 0xff, 0xff, 0xff, 0xff, 0xff, 
    0xff, 0xff, 0xff, 0xff, 0xff, 0xff, 0xff, 0xff, 
    0xff, 0xff, 0xff, 0xff, 0xff, 0xff, 0xff, 0xff, 
    0xff, 0xff, 0xff, 0xff, 0xff, 0xff, 0xff, 0xff, 
    0xff, 0xff, 0xff, 0xfc, 0x97, 0x35, 0x0b, 0x0e, 
    0x45, 0xb8, 0xff, 0xff, 0xff, 0xff, 0xff, 0xff, 
    0xff, 0xff, 0xfd, 0x4e, 0x00, 0x00, 0x00, 0x00, 
    0x00, 0x03, 0xf6, 0xff, 0xff, 0xff, 0xff, 0xff, 
    0xff, 0xff, 0x8e, 0x00, 0x00, 0x5d, 0xe1, 0xe7, 
    0xa2, 0x20, 0xf6, 0xff, 0xff, 0xff, 0xff, 0xff, 
    0xff, 0xff, 0x1d, 0x00, 0x38, 0xff, 0xff, 0xff, 
    0xff, 0xff, 0xff, 0xff, 0xff, 0xff, 0xff, 0xff, 
    0xff, 0xd9, 0x00, 0x00, 0x9d, 0xff, 0xff, 0xff, 
    0xff, 0xff, 0xff, 0xff, 0xff, 0xff, 0xff, 0xff, 
    0xff, 0xba, 0x00, 0x00, 0xc1, 0xff, 0xff, 0xff, 
    0xff, 0xff, 0xff, 0xff, 0xff, 0xff, 0xff, 0xff, 
    0xff, 0xb5, 0x00, 0x00, 0xc9, 0xff, 0xff, 0xff, 
    0xff, 0xff, 0xff, 0xff, 0xff, 0xff, 0xff, 0xff, 
    0xff, 0xc9, 0x00, 0x00, 0xa8, 0xff, 0xff, 0xff, 
    0xff, 0xff, 0xff, 0xff, 0xff, 0xff, 0xff, 0xff, 
    0xff, 0xf6, 0x07, 0x00, 0x44, 0xff, 0xff, 0xff, 
    0xff, 0xff, 0xff, 0xff, 0xff, 0xff, 0xff, 0xff, 
    0xff, 0xff, 0x61, 0x00, 0x00, 0x68, 0xd5, 0xe6, 
    0xae, 0x33, 0xee, 0xff, 0xff, 0xff, 0xff, 0xff, 
    0xff, 0xff, 0xea, 0x24, 0x00, 0x00, 0x00, 0x00, 
    0x00, 0x01, 0xef, 0xff, 0xff, 0xff, 0xff, 0xff, 
    0xff, 0xff, 0xff, 0xee, 0x74, 0x24, 0x06, 0x10, 
    0x44, 0xb5, 0xff, 0xff, 0xff, 0xff, 0xff, 0xff, 
    0xff, 0xff, 0xff, 0xff, 0xff, 0xff, 0xff, 0xff, 
    0xff, 0xff, 0xff, 0xff, 0xff, 0xff, 0xff, 0xff, 
    0xff, 0xff, 0xff, 0xff, 0xff, 0xff, 0xff, 0xff, 
    0xff, 0xff, 0xff, 0xff, 0xff, 0xff, 0xff, 0xff, 
    0xff, 0xff, 0xff, 0xff, 0xff, 0xff, 0xff, 0xff, 
    0xff, 0xff, 0xff, 0xff, 0xff, 0xff, 0xff, 0xff, 
    0xff, 0xff, 0xff, 0xff, 0xff, 0xff, 0xff, 0xff, 
    0xff, 0xff, 0xff, 0xff, 0xff, 0xff, 0xff, 0xff, 
    0xff, 0xff, 0xff, 0xff, 0xff, 0xff, 0xff, 0xff, 
    0xff, 0xff, 0xff, 0xff, 0xff, 0xff, 0xff, 0xff, 
    0xff, 0xff, 0xff, 0xff, 0xff, 0xff, 0xff, 0xff, 
    0xff, 0xff, 0xff, 0xff, 0xff, 0xff, 0xff, 0xff, 
    0xff, 0xff, 0xff, 0xff, 0xff, 0xff, 0xff, 0xff, 
    0xff, 0xff, 0xff, 0xff, 0xff, 0xff, 0xff, 0xff, 
    0xff, 0xff, 0xff, 0xff, 0xff, 0xff, 0xff, 0xff, 
    0xff, 0xff, 0xff, 0xff, 0xff, 0xff, 0xff, 0xff, 
    0xff, 0xff, 0xff, 0xff, 0xff, 0xff, 0xff, 0xff, 
    0xff, 0xff, 0xff, 0xff, 0xff, 0xff, 0xff, 0xff, 
    0xff, 0xff, 0xff, 0xff, 0xff, 0xff, 0xff, 0xff, 
    0xff, 0xff, 0xff, 0xff, 0xff, 0xff, 0xff, 0xff, 
    0xff, 0xff, 0xff, 0xff, 0xff, 0xff, 0xff, 0xff, 
    0xff, 0xff, 0xff, 0xff, 0xff, 0xff, 0xff, 0xff, 
    0xff, 0xff, 0xff, 0xff, 0xff, 0xff, 0xff, 0xff, 
    0xff, 0xff, 0xff, 0xff, 0xff, 0xff, 0xff, 0xff, 
    0xff, 0xff, 0xff, 0xff, 0xff, 0xff, 0xff, 0xff, 
    0xff, 0xff, 0xff, 0xff, 0xff, 0xff, 0xff, 0xff, 
    0xff, 0xff, 0xff, 0xff, 0xff, 0xff, 0xff, 0xff, 
    0xff, 0xff, 0xff, 0xff, 0xff, 0xff, 0xff, 0xff, 
    0xff, 0xff, 0xff, 0xff, 0xff, 0xff, 0xff, 0xff, 
    0xff, 0xff, 0xff, 0xff, 0xff, 0xff, 0xff, 0xff, 
    0xff, 0xff, 0xff, 0xff, 0xff, 0xff, 0xff, 0xff, 
    0xff, 0xff, 0xff, 0xff, 0xff, 0xff, 0xff, 0xff, 
    0xff, 0xff, 0xff, 0xff, 0xff, 0xff, 0xff, 0xff, 
    0xff, 0xff, 0xff, 0xff, 0xff, 0xff, 0xff, 0xff, 
    0xff, 0xff, 0xff, 0xff, 0xff, 0xff, 0xff, 0xff, 
    0xff, 0xff, 0xff, 0xff, 0xff, 0xff, 0xff, 0xff, 
    0xff, 0x60, 0x00, 0x00, 0x00, 0x0b, 0x2a, 0x73, 
    0xe4, 0xff, 0xff, 0xff, 0xff, 0xff, 0xff, 0xff, 
    0xff, 0x3b, 0x00, 0x0c, 0x1b, 0x0a, 0x00, 0x00, 
    0x12, 0xc8, 0xff, 0xff, 0xff, 0xff, 0xff, 0xff, 
    0xff, 0x3b, 0x00, 0x73, 0xff, 0xfd, 0xb0, 0x11, 
    0x00, 0x1c, 0xf8, 0xff, 0xff, 0xff, 0xff, 0xff, 
    0xff, 0x3b, 0x00, 0x73, 0xff, 0xff, 0xff, 0xb5, 
    0x00, 0x00, 0xa7, 0xff, 0xff, 0xff, 0xff, 0xff, 
    0xff, 0x3b, 0x00, 0x73, 0xff, 0xff, 0xff, 0xff, 
    0x1c, 0x00, 0x6d, 0xff, 0xff, 0xff, 0xff, 0xff, 
    0xff, 0x3b, 0x00, 0x73, 0xff, 0xff, 0xff, 0xff, 
    0x3f, 0x00, 0x56, 0xff, 0xff, 0xff, 0xff, 0xff, 
    0xff, 0x3b, 0x00, 0x73, 0xff, 0xff, 0xff, 0xff, 
    0x42, 0x00, 0x5b, 0xff, 0xff, 0xff, 0xff, 0xff, 
    0xff, 0x3b, 0x00, 0x73, 0xff, 0xff, 0xff, 0xff, 
    0x1d, 0x00, 0x75, 0xff, 0xff, 0xff, 0xff, 0xff, 
    0xff, 0x3b, 0x00, 0x73, 0xff, 0xff, 0xff, 0xb0, 
    0x00, 0x00, 0xb2, 0xff, 0xff, 0xff, 0xff, 0xff, 
    0xff, 0x3b, 0x00, 0x73, 0xff, 0xfd, 0xb0, 0x15, 
    0x00, 0x23, 0xfb, 0xff, 0xff, 0xff, 0xff, 0xff, 
    0xff, 0x3b, 0x00, 0x0a, 0x17, 0x08, 0x00, 0x00, 
    0x13, 0xcd, 0xff, 0xff, 0xff, 0xff, 0xff, 0xff, 
    0xff, 0x5f, 0x00, 0x00, 0x00, 0x0c, 0x2e, 0x75, 
    0xe5, 0xff, 0xff, 0xff, 0xff, 0xff, 0xff, 0xff, 
    0xff, 0xff, 0xff, 0xff, 0xff, 0xff, 0xff, 0xff, 
    0xff, 0xff, 0xff, 0xff, 0xff, 0xff, 0xff, 0xff, 
    0xff, 0xff, 0xff, 0xff, 0xff, 0xff, 0xff, 0xff, 
    0xff, 0xff, 0xff, 0xff, 0xff, 0xff, 0xff, 0xff, 
    0xff, 0xff, 0xff, 0xff, 0xff, 0xff, 0xff, 0xff, 
    0xff, 0xff, 0xff, 0xff, 0xff, 0xff, 0xff, 0xff, 
    0xff, 0xff, 0xff, 0xff, 0xff, 0xff, 0xff, 0xff, 
    0xff, 0xff, 0xff, 0xff, 0xff, 0xff, 0xff, 0xff, 
    0xff, 0xff, 0xff, 0xff, 0xff, 0xff, 0xff, 0xff, 
    0xff, 0xff, 0xff, 0xff, 0xff, 0xff, 0xff, 0xff, 
    0xff, 0xff, 0xff, 0xff, 0xff, 0xff, 0xff, 0xff, 
    0xff, 0xff, 0xff, 0xff, 0xff, 0xff, 0xff, 0xff, 
    0xff, 0xff, 0xff, 0xff, 0xff, 0xff, 0xff, 0xff, 
    0xff, 0xff, 0xff, 0xff, 0xff, 0xff, 0xff, 0xff, 
    0xff, 0xff, 0xff, 0xff, 0xff, 0xff, 0xff, 0xff, 
    0xff, 0xff, 0xff, 0xff, 0xff, 0xff, 0xff, 0xff, 
    0xff, 0xff, 0xff, 0xff, 0xff, 0xff, 0xff, 0xff, 
    0xff, 0xff, 0xff, 0xff, 0xff, 0xff, 0xff, 0xff, 
    0xff, 0xff, 0xff, 0xff, 0xff, 0xff, 0xff, 0xff, 
    0xff, 0xff, 0xff, 0xff, 0xff, 0xff, 0xff, 0xff, 
    0xff, 0xff, 0xff, 0xff, 0xff, 0xff, 0xff, 0xff, 
    0xff, 0xff, 0xff, 0xff, 0xff, 0xff, 0xff, 0xff, 
    0xff, 0xff, 0xff, 0xff, 0xff, 0xff, 0xff, 0xff, 
    0xff, 0xff, 0xff, 0xff, 0xff, 0xff, 0xff, 0xff, 
    0xff, 0xff, 0xff, 0xff, 0xff, 0xff, 0xff, 0xff, 
    0xff, 0xff, 0xff, 0xff, 0xff, 0xff, 0xff, 0xff, 
    0xff, 0xff, 0xff, 0xff, 0xff, 0xff, 0xff, 0xff, 
    0xff, 0xff, 0xff, 0xff, 0xff, 0xff, 0xff, 0xff, 
    0xff, 0xff, 0xff, 0xff, 0xff, 0xff, 0xff, 0xff, 
    0xff, 0xff, 0xff, 0xff, 0xff, 0xff, 0xff, 0xff, 
    0xff, 0xff, 0xff, 0xff, 0xff, 0xff, 0xff, 0xff, 
    0xff, 0xff, 0xff, 0xff, 0xff, 0xff, 0xff, 0xff, 
    0xff, 0xff, 0xff, 0x60, 0x00, 0x00, 0x00, 0x00, 
    0x00, 0x1f, 0xff, 0xff, 0xff, 0xff, 0xff, 0xff, 
    0x3b, 0x00, 0x0c, 0x1b, 0x1b, 0x1b, 0x39, 0xff, 
    0xff, 0xff, 0xff, 0xff, 0xff, 0x3b, 0x00, 0x73, 
    0xff, 0xff, 0xff, 0xff, 0xff, 0xff, 0xff, 0xff, 
    0xff, 0xff, 0x3b, 0x00, 0x73, 0xff, 0xff, 0xff, 
    0xff, 0xff, 0xff, 0xff, 0xff, 0xff, 0xff, 0x3b, 
    0x00, 0x73, 0xff, 0xff, 0xff, 0xff, 0xff, 0xff, 
    0xff, 0xff, 0xff, 0xff, 0x3b, 0x00, 0x00, 0x00, 
    0x00, 0x00, 0xbb, 0xff, 0xff, 0xff, 0xff, 0xff, 
    0xff, 0x3b, 0x00, 0x12, 0x27, 0x27, 0x28, 0xc8, 
    0xff, 0xff, 0xff, 0xff, 0xff, 0xff, 0x3b, 0x00, 
    0x73, 0xff, 0xff, 0xff, 0xff, 0xff, 0xff, 0xff, 
    0xff, 0xff, 0xff, 0x3b, 0x00, 0x73, 0xff, 0xff, 
    0xff, 0xff, 0xff, 0xff, 0xff, 0xff, 0xff, 0xff, 
    0x3b, 0x00, 0x73, 0xff, 0xff, 0xff, 0xff, 0xff, 
    0xff, 0xff, 0xff, 0xff, 0xff, 0x3b, 0x00, 0x0c, 
    0x1b, 0x1b, 0x1b, 0x30, 0xff, 0xff, 0xff, 0xff, 
    0xff, 0xff, 0x5f, 0x00, 0x00, 0x00, 0x00, 0x00, 
    0x13, 0xff, 0xff, 0xff, 0xff, 0xff, 0xff, 0xff, 
    0xff, 0xff, 0xff, 0xff, 0xff, 0xff, 0xff, 0xff, 
    0xff, 0xff, 0xff, 0xff, 0xff, 0xff, 0xff, 0xff, 
    0xff, 0xff, 0xff, 0xff, 0xff, 0xff, 0xff, 0xff, 
    0xff, 0xff, 0xff, 0xff, 0xff, 0xff, 0xff, 0xff, 
    0xff, 0xff, 0xff, 0xff, 0xff, 0xff, 0xff, 0xff, 
    0xff, 0xff, 0xff, 0xff, 0xff, 0xff, 0xff, 0xff, 
    0xff, 0xff, 0xff, 0xff, 0xff, 0xff, 0xff, 0xff, 
    0xff, 0xff, 0xff, 0xff, 0xff, 0xff, 0xff, 0xff, 
    0xff, 0xff, 0xff, 0xff, 0xff, 0xff, 0xff, 0xff, 
    0xff, 0xff, 0xff, 0xff, 0xff, 0xff, 0xff, 0xff, 
    0xff, 0xff, 0xff, 0xff, 0xff, 0xff, 0xff, 0xff, 
    0xff, 0xff, 0xff, 0xff, 0xff, 0xff, 0xff, 0xff, 
    0xff, 0xff, 0xff, 0xff, 0xff, 0xff, 0xff, 0xff, 
    0xff, 0xff, 0xff, 0xff, 0xff, 0xff, 0xff, 0xff, 
    0xff, 0xff, 0xff, 0xff, 0xff, 0xff, 0xff, 0xff, 
    0xff, 0xff, 0xff, 0xff, 0xff, 0xff, 0xff, 0xff, 
    0xff, 0xff, 0xff, 0xff, 0xff, 0xff, 0xff, 0xff, 
    0xff, 0xff, 0xff, 0xff, 0xff, 0xff, 0xff, 0xff, 
    0xff, 0xff, 0xff, 0xff, 0xff, 0xff, 0xff, 0xff, 
    0xff, 0xff, 0xff, 0xff, 0xff, 0xff, 0xff, 0xff, 
    0xff, 0xff, 0xff, 0xff, 0xff, 0xff, 0xff, 0xff, 
    0xff, 0xff, 0xff, 0xff, 0xff, 0xff, 0xff, 0xff, 
    0xff, 0xff, 0xff, 0xff, 0xff, 0xff, 0xff, 0xff, 
    0xff, 0xff, 0xff, 0xff, 0xff, 0xff, 0xff, 0xff, 
    0xff, 0xff, 0xff, 0xff, 0xff, 0xff, 0xff, 0xff, 
    0xff, 0xff, 0xff, 0xff, 0xff, 0xff, 0xff, 0xff, 
    0xff, 0xff, 0xff, 0xff, 0xff, 0xff, 0xff, 0xff, 
    0xff, 0xff, 0xff, 0xff, 0xff, 0xff, 0xff, 0xff, 
    0xff, 0xff, 0xff, 0xff, 0xff, 0xff, 0xff, 0xff, 
    0xff, 0x60, 0x00, 0x00, 0x00, 0x00, 0x00, 0x71, 
    0xff, 0xff, 0xff, 0xff, 0xff, 0xff, 0x3b, 0x00, 
    0x01, 0x03, 0x03, 0x03, 0x73, 0xff, 0xff, 0xff, 
    0xff, 0xff, 0xff, 0x3b, 0x00, 0x6f, 0xff, 0xff, 
    0xff, 0xff, 0xff, 0xff, 0xff, 0xff, 0xff, 0xff, 
    0x3b, 0x00, 0x6f, 0xff, 0xff, 0xff, 0xff, 0xff, 
    0xff, 0xff, 0xff, 0xff, 0xff, 0x3b, 0x00, 0x6f, 
    0xff, 0xff, 0xff, 0xff, 0xff, 0xff, 0xff, 0xff, 
    0xff, 0xff, 0x3b, 0x00, 0x06, 0x0f, 0x0f, 0x0f, 
    0xb2, 0xff, 0xff, 0xff, 0xff, 0xff, 0xff, 0x3b, 
    0x00, 0x00, 0x00, 0x00, 0x00, 0xac, 0xff, 0xff, 
    0xff, 0xff, 0xff, 0xff, 0x3b, 0x00, 0x6f, 0xff, 
    0xff, 0xff, 0xff, 0xff, 0xff, 0xff, 0xff, 0xff, 
    0xff, 0x3b, 0x00, 0x6f, 0xff, 0xff, 0xff, 0xff, 
    0xff, 0xff, 0xff, 0xff, 0xff, 0xff, 0x3b, 0x00, 
    0x6f, 0xff, 0xff, 0xff, 0xff, 0xff, 0xff, 0xff, 
    0xff, 0xff, 0xff, 0x3b, 0x00, 0x6f, 0xff, 0xff, 
    0xff, 0xff, 0xff, 0xff, 0xff, 0xff, 0xff, 0xff, 
    0x50, 0x03, 0x83, 0xff, 0xff, 0xff, 0xff, 0xff, 
    0xff, 0xff, 0xff, 0xff, 0xff, 0xff, 0xff, 0xff, 
    0xff, 0xff, 0xff, 0xff, 0xff, 0xff, 0xff, 0xff, 
    0xff, 0xff, 0xff, 0xff, 0xff, 0xff, 0xff, 0xff, 
    0xff, 0xff, 0xff, 0xff, 0xff, 0xff, 0xff, 0xff, 
    0xff, 0xff, 0xff, 0xff, 0xff, 0xff, 0xff, 0xff, 
    0xff, 0xff, 0xff, 0xff, 0xff, 0xff, 0xff, 0xff, 
    0xff, 0xff, 0xff, 0xff, 0xff, 0xff, 0xff, 0xff, 
    0xff, 0xff, 0xff, 0xff, 0xff, 0xff, 0xff, 0xff, 
    0xff, 0xff, 0xff, 0xff, 0xff, 0xff, 0xff, 0xff, 
    0xff, 0xff, 0xff, 0xff, 0xff, 0xff, 0xff, 0xff, 
    0xff, 0xff, 0xff, 0xff, 0xff, 0xff, 0xff, 0xff, 
    0xff, 0xff, 0xff, 0xff, 0xff, 0xff, 0xff, 0xff, 
    0xff, 0xff, 0xff, 0xff, 0xff, 0xff, 0xff, 0xff, 
    0xff, 0xff, 0xff, 0xff, 0xff, 0xff, 0xff, 0xff, 
    0xff, 0xff, 0xff, 0xff, 0xff, 0xff, 0xff, 0xff, 
    0xff, 0xff, 0xff, 0xff, 0xff, 0xff, 0xff, 0xff, 
    0xff, 0xff, 0xff, 0xff, 0xff, 0xff, 0xff, 0xff, 
    0xff, 0xff, 0xff, 0xff, 0xff, 0xff, 0xff, 0xff, 
    0xff, 0xff, 0xff, 0xff, 0xff, 0xff, 0xff, 0xff, 
    0xff, 0xff, 0xff, 0xff, 0xff, 0xff, 0xff, 0xff, 
    0xff, 0xff, 0xff, 0xff, 0xff, 0xff, 0xff, 0xff, 
    0xff, 0xff, 0xff, 0xff, 0xff, 0xff, 0xff, 0xff, 
    0xff, 0xff, 0xff, 0xff, 0xff, 0xff, 0xff, 0xff, 
    0xff, 0xff, 0xff, 0xff, 0xff, 0xff, 0xff, 0xff, 
    0xff, 0xff, 0xff, 0xff, 0xff, 0xff, 0xff, 0xff, 
    0xff, 0xff, 0xff, 0xff, 0xff, 0xff, 0xff, 0xff, 
    0xff, 0xff, 0xff, 0xff, 0xff, 0xff, 0xff, 0xff, 
    0xff, 0xff, 0xff, 0xff, 0xff, 0xff, 0xff, 0xff, 
    0xff, 0xff, 0xff, 0xff, 0xff, 0xff, 0xff, 0xff, 
    0xff, 0xff, 0xff, 0xff, 0xff, 0xff, 0xff, 0xff, 
    0xff, 0xff, 0xff, 0xff, 0xff, 0xff, 0xff, 0xff, 
    0xff, 0xff, 0xff, 0xff, 0xff, 0xff, 0xff, 0xff, 
    0xff, 0xff, 0xff, 0xff, 0xff, 0xff, 0xff, 0xff, 
    0xff, 0xff, 0xff, 0xff, 0xff, 0xff, 0xff, 0xff, 
    0xff, 0xff, 0xff, 0xff, 0xff, 0xff, 0xff, 0xff, 
    0xff, 0xff, 0xbd, 0x52, 0x18, 0x05, 0x14, 0x3d, 
    0x94, 0xfc, 0xff, 0xff, 0xff, 0xff, 0xff, 0xff, 
    0xff, 0xff, 0x73, 0x00, 0x00, 0x00, 0x02, 0x00, 
    0x00, 0x00, 0xb4, 0xff, 0xff, 0xff, 0xff, 0xff, 
    0xff, 0xff, 0x9e, 0x00, 0x00, 0x48, 0xd7, 0xfe, 
    0xee, 0xb4, 0x4e, 0xba, 0xff, 0xff, 0xff, 0xff, 
    0xff, 0xff, 0xfe, 0x1e, 0x00, 0x3e, 0xfe, 0xff, 
    0xff, 0xff, 0xff, 0xff, 0xff, 0xff, 0xff, 0xff, 
    0xff, 0xff, 0xff, 0xd1, 0x00, 0x00, 0xbb, 0xff, 
    0xff, 0xff, 0xff, 0xff, 0xff, 0xff, 0xff, 0xff, 
    0xff, 0xff, 0xff, 0xff, 0xaf, 0x00, 0x00, 0xe9, 
    0xff, 0x98, 0x00, 0x00, 0x00, 0x02, 0xc0, 0xff, 
    0xff, 0xff, 0xff, 0xff, 0xff, 0xab, 0x00, 0x00, 
    0xe8, 0xff, 0xae, 0x2b, 0x2b, 0x01, 0x00, 0xa7, 
    0xff, 0xff, 0xff, 0xff, 0xff, 0xff, 0xc5, 0x00, 
    0x00, 0xbe, 0xff, 0xff, 0xff, 0xff, 0x07, 0x00, 
    0xa7, 0xff, 0xff, 0xff, 0xff, 0xff, 0xff, 0xf8, 
    0x0d, 0x00, 0x46, 0xff, 0xff, 0xff, 0xff, 0x07, 
    0x00, 0xa7, 0xff, 0xff, 0xff, 0xff, 0xff, 0xff, 
    0xff, 0x7e, 0x00, 0x00, 0x4f, 0xcb, 0xf2, 0xd1, 
    0x04, 0x00, 0xa7, 0xff, 0xff, 0xff, 0xff, 0xff, 
    0xff, 0xff, 0xfb, 0x4f, 0x00, 0x00, 0x00, 0x00, 
    0x00, 0x00, 0x00, 0xad, 0xff, 0xff, 0xff, 0xff, 
    0xff, 0xff, 0xff, 0xff, 0xfe, 0xa3, 0x42, 0x12, 
    0x03, 0x13, 0x3e, 0x86, 0xf7, 0xff, 0xff, 0xff, 
    0xff, 0xff, 0xff, 0xff, 0xff, 0xff, 0xff, 0xff, 
    0xff, 0xff, 0xff, 0xff, 0xff, 0xff, 0xff, 0xff, 
    0xff, 0xff, 0xff, 0xff, 0xff, 0xff, 0xff, 0xff, 
    0xff, 0xff, 0xff, 0xff, 0xff, 0xff, 0xff, 0xff, 
    0xff, 0xff, 0xff, 0xff, 0xff, 0xff, 0xff, 0xff, 
    0xff, 0xff, 0xff, 0xff, 0xff, 0xff, 0xff, 0xff, 
    0xff, 0xff, 0xff, 0xff, 0xff, 0xff, 0xff, 0xff, 
    0xff, 0xff, 0xff, 0xff, 0xff, 0xff, 0xff, 0xff, 
    0xff, 0xff, 0xff, 0xff, 0xff, 0xff, 0xff, 0xff, 
    0xff, 0xff, 0xff, 0xff, 0xff, 0xff, 0xff, 0xff, 
    0xff, 0xff, 0xff, 0xff, 0xff, 0xff, 0xff, 0xff, 
    0xff, 0xff, 0xff, 0xff, 0xff, 0xff, 0xff, 0xff, 
    0xff, 0xff, 0xff, 0xff, 0xff, 0xff, 0xff, 0xff, 
    0xff, 0xff, 0xff, 0xff, 0xff, 0xff, 0xff, 0xff, 
    0xff, 0xff, 0xff, 0xff, 0xff, 0xff, 0xff, 0xff, 
    0xff, 0xff, 0xff, 0xff, 0xff, 0xff, 0xff, 0xff, 
    0xff, 0xff, 0xff, 0xff, 0xff, 0xff, 0xff, 0xff, 
    0xff, 0xff, 0xff, 0xff, 0xff, 0xff, 0xff, 0xff, 
    0xff, 0xff, 0xff, 0xff, 0xff, 0xff, 0xff, 0xff, 
    0xff, 0xff, 0xff, 0xff, 0xff, 0xff, 0xff, 0xff, 
    0xff, 0xff, 0xff, 0xff, 0xff, 0xff, 0xff, 0xff, 
    0xff, 0xff, 0xff, 0xff, 0xff, 0xff, 0xff, 0xff, 
    0xff, 0xff, 0xff, 0xff, 0xff, 0xff, 0xff, 0xff, 
    0xff, 0xff, 0xff, 0xff, 0xff, 0xff, 0xff, 0xff, 
    0xff, 0xff, 0xff, 0xff, 0xff, 0xff, 0xff, 0xff, 
    0xff, 0xff, 0xff, 0xff, 0xff, 0xff, 0xff, 0xff, 
    0xff, 0xff, 0xff, 0xff, 0xff, 0xff, 0xff, 0xff, 
    0xff, 0xff, 0xff, 0xff, 0xff, 0xff, 0xff, 0xff, 
    0xff, 0xff, 0xff, 0xff, 0xff, 0xff, 0xff, 0xff, 
    0xff, 0xff, 0xff, 0xff, 0xff, 0xff, 0xff, 0xff, 
    0xff, 0xff, 0xff, 0xff, 0xff, 0xff, 0xff, 0xff, 
    0xff, 0xff, 0xff, 0xff, 0xff, 0xff, 0xff, 0xff, 
    0xff, 0xff, 0xff, 0xff, 0xff, 0xff, 0xff, 0xff, 
    0xff, 0xff, 0xff, 0xff, 0xff, 0xff, 0xff, 0xff, 
    0xff, 0xff, 0xff, 0xff, 0xff, 0xff, 0xff, 0xff, 
    0xff, 0xff, 0xff, 0xff, 0xff, 0xff, 0xff, 0xff, 
    0xff, 0xff, 0xff, 0xff, 0xff, 0xff, 0xff, 0xff, 
    0xff, 0xff, 0xff, 0x4f, 0x03, 0x85, 0xff, 0xff, 
    0xff, 0xda, 0x09, 0x0c, 0xeb, 0xff, 0xff, 0xff, 
    0xff, 0xff, 0xff, 0x3b, 0x00, 0x73, 0xff, 0xff, 
    0xff, 0xcf, 0x00, 0x00, 0xe3, 0xff, 0xff, 0xff, 
    0xff, 0xff, 0xff, 0x3b, 0x00, 0x73, 0xff, 0xff, 
    0xff, 0xcf, 0x00, 0x00, 0xe3, 0xff, 0xff, 0xff, 
    0xff, 0xff, 0xff, 0x3b, 0x00, 0x73, 0xff, 0xff, 
    0xff, 0xcf, 0x00, 0x00, 0xe3, 0xff, 0xff, 0xff, 
    0xff, 0xff, 0xff, 0x3b, 0x00, 0x6c, 0xef, 0xef, 
    0xef, 0xc2, 0x00, 0x00, 0xe3, 0xff, 0xff, 0xff, 
    0xff, 0xff, 0xff, 0x3b, 0x00, 0x00, 0x00, 0x00, 
    0x00, 0x00, 0x00, 0x00, 0xe3, 0xff, 0xff, 0xff, 
    0xff, 0xff, 0xff, 0x3b, 0x00, 0x00, 0x00, 0x00, 
    0x00, 0x00, 0x00, 0x00, 0xe3, 0xff, 0xff, 0xff, 
    0xff, 0xff, 0xff, 0x3b, 0x00, 0x73, 0xff, 0xff, 
    0xff, 0xcf, 0x00, 0x00, 0xe3, 0xff, 0xff, 0xff, 
    0xff, 0xff, 0xff, 0x3b, 0x00, 0x73, 0xff, 0xff, 
    0xff, 0xcf, 0x00, 0x00, 0xe3, 0xff, 0xff, 0xff, 
    0xff, 0xff, 0xff, 0x3b, 0x00, 0x73, 0xff, 0xff, 
    0xff, 0xcf, 0x00, 0x00, 0xe3, 0xff, 0xff, 0xff, 
    0xff, 0xff, 0xff, 0x3b, 0x00, 0x73, 0xff, 0xff, 
    0xff, 0xcf, 0x00, 0x00, 0xe3, 0xff, 0xff, 0xff, 
    0xff, 0xff, 0xff, 0x50, 0x03, 0x85, 0xff, 0xff, 
    0xff, 0xd9, 0x09, 0x0d, 0xeb, 0xff, 0xff, 0xff, 
    0xff, 0xff, 0xff, 0xff, 0xff, 0xff, 0xff, 0xff, 
    0xff, 0xff, 0xff, 0xff, 0xff, 0xff, 0xff, 0xff, 
    0xff, 0xff, 0xff, 0xff, 0xff, 0xff, 0xff, 0xff, 
    0xff, 0xff, 0xff, 0xff, 0xff, 0xff, 0xff, 0xff, 
    0xff, 0xff, 0xff, 0xff, 0xff, 0xff, 0xff, 0xff, 
    0xff, 0xff, 0xff, 0xff, 0xff, 0xff, 0xff, 0xff, 
    0xff, 0xff, 0xff, 0xff, 0xff, 0xff, 0xff, 0xff, 
    0xff, 0xff, 0xff, 0xff, 0xff, 0xff, 0xff, 0xff, 
    0xff, 0xff, 0xff, 0xff, 0xff, 0xff, 0xff, 0xff, 
    0xff, 0xff, 0xff, 0xff, 0xff, 0xff, 0xff, 0xff, 
    0xff, 0xff, 0xff, 0xff, 0xff, 0xff, 0xff, 0xff, 
    0xff, 0xff, 0xff, 0xff, 0xff, 0xff, 0xff, 0xff, 
    0xff, 0xff, 0xff, 0xff, 0xff, 0xff, 0xff, 0xff, 
    0xff, 0xff, 0xff, 0xff, 0xff, 0xff, 0xff, 0xff, 
    0xff, 0xff, 0xff, 0xff, 0xff, 0xff, 0xff, 0xff, 
    0xff, 0xff, 0xff, 0xff, 0xff, 0xff, 0xff, 0xff, 
    0xff, 0xff, 0xff, 0xff, 0xff, 0xff, 0xff, 0xff, 
    0xff, 0xff, 0xff, 0xff, 0xff, 0xff, 0xff, 0xff, 
    0xff, 0xff, 0xff, 0xff, 0xff, 0xff, 0xff, 0xff, 
    0xff, 0xff, 0xff, 0xff, 0xff, 0xff, 0xff, 0xff, 
    0xff, 0xff, 0xff, 0xff, 0xff, 0xff, 0xff, 0xff, 
    0xff, 0xff, 0xff, 0xff, 0xff, 0xff, 0xff, 0xff, 
    0xff, 0xff, 0xff, 0xff, 0xff, 0xff, 0xff, 0xff, 
    0xff, 0xff, 0xff, 0xff, 0xff, 0xff, 0xff, 0xff, 
    0xff, 0xff, 0xff, 0xff, 0xff, 0xff, 0xff, 0xff, 
    0xff, 0xff, 0xff, 0xff, 0xff, 0xff, 0xff, 0xff, 
    0xff, 0xff, 0xff, 0xff, 0xff, 0xff, 0xff, 0xff, 
    0xff, 0xff, 0xff, 0xff, 0xff, 0x4f, 0x03, 0x81, 
    0xff, 0xff, 0xff, 0xff, 0xff, 0xff, 0x3b, 0x00, 
    0x6f, 0xff, 0xff, 0xff, 0xff, 0xff, 0xff, 0x3b, 
    0x00, 0x6f, 0xff, 0xff, 0xff, 0xff, 0xff, 0xff, 
    0x3b, 0x00, 0x6f, 0xff, 0xff, 0xff, 0xff, 0xff, 
    0xff, 0x3b, 0x00, 0x6f, 0xff, 0xff, 0xff, 0xff, 
    0xff, 0xff, 0x3b, 0x00, 0x6f, 0xff, 0xff, 0xff, 
    0xff, 0xff, 0xff, 0x3b, 0x00, 0x6f, 0xff, 0xff, 
    0xff, 0xff, 0xff, 0xff, 0x3b, 0x00, 0x6f, 0xff, 
    0xff, 0xff, 0xff, 0xff, 0xff, 0x3b, 0x00, 0x6f, 
    0xff, 0xff, 0xff, 0xff, 0xff, 0xff, 0x3b, 0x00, 
    0x6f, 0xff, 0xff, 0xff, 0xff, 0xff, 0xff, 0x3b, 
    0x00, 0x6f, 0xff, 0xff, 0xff, 0xff, 0xff, 0xff, 
    0x50, 0x03, 0x82, 0xff, 0xff, 0xff, 0xff, 0xff, 
    0xff, 0xff, 0xff, 0xff, 0xff, 0xff, 0xff, 0xff, 
    0xff, 0xff, 0xff, 0xff, 0xff, 0xff, 0xff, 0xff, 
    0xff, 0xff, 0xff, 0xff, 0xff, 0xff, 0xff, 0xff, 
    0xff, 0xff, 0xff, 0xff, 0xff, 0xff, 0xff, 0xff, 
    0xff, 0xff, 0xff, 0xff, 0xff, 0xff, 0xff, 0xff, 
    0xff, 0xff, 0xff, 0xff, 0xff, 0xff, 0xff, 0xff, 
    0xff, 0xff, 0xff, 0xff, 0xff, 0xff, 0xff, 0xff, 
    0xff, 0xff, 0xff, 0xff, 0xff, 0xff, 0xff, 0xff, 
    0xff, 0xff, 0xff, 0xff, 0xff, 0xff, 0xff, 0xff, 
    0xff, 0xff, 0xff, 0xff, 0xff, 0xff, 0xff, 0xff, 
    0xff, 0xff, 0xff, 0xff, 0xff, 0xff, 0xff, 0xff, 
    0xff, 0xff, 0xff, 0xff, 0xff, 0xff, 0xff, 0xff, 
    0xff, 0xff, 0xff, 0xff, 0xff, 0xff, 0xff, 0xff, 
    0xff, 0xff, 0xff, 0xff, 0xff, 0xff, 0xff, 0xff, 
    0xff, 0xff, 0xff, 0xff, 0xff, 0xff, 0xff, 0xff, 
    0xff, 0xff, 0xff, 0xff, 0xff, 0xff, 0xff, 0xff, 
    0xff, 0xff, 0xff, 0xff, 0xff, 0xff, 0xff, 0xff, 
    0xff, 0xff, 0xff, 0xff, 0xff, 0xff, 0xff, 0xff, 
    0xff, 0xff, 0xff, 0xff, 0xff, 0xff, 0xff, 0xff, 
    0xff, 0xff, 0xff, 0xff, 0xff, 0xff, 0xff, 0xff, 
    0xff, 0xff, 0xff, 0xff, 0xff, 0xff, 0xff, 0xff, 
    0xff, 0xff, 0xff, 0xff, 0xff, 0xff, 0xff, 0xff, 
    0xff, 0xff, 0xff, 0xff, 0xff, 0xff, 0xff, 0xff, 
    0xff, 0x7c, 0x03, 0x56, 0xff, 0xff, 0xff, 0xff, 
    0xff, 0xff, 0xff, 0xff, 0x6b, 0x00, 0x43, 0xff, 
    0xff, 0xff, 0xff, 0xff, 0xff, 0xff, 0xff, 0x6b, 
    0x00, 0x43, 0xff, 0xff, 0xff, 0xff, 0xff, 0xff, 
    0xff, 0xff, 0x6b, 0x00, 0x43, 0xff, 0xff, 0xff, 
    0xff, 0xff, 0xff, 0xff, 0xff, 0x6b, 0x00, 0x43, 
    0xff, 0xff, 0xff, 0xff, 0xff, 0xff, 0xff, 0xff, 
    0x6b, 0x00, 0x43, 0xff, 0xff, 0xff, 0xff, 0xff, 
    0xff, 0xff, 0xff, 0x6b, 0x00, 0x43, 0xff, 0xff, 
    0xff, 0xff, 0xff, 0xff, 0xff, 0xff, 0x6b, 0x00, 
    0x43, 0xff, 0xff, 0xff, 0xff, 0xff, 0xff, 0xff, 
    0xff, 0x68, 0x00, 0x46, 0xff, 0xff, 0xff, 0xff, 
    0xff, 0xff, 0xae, 0xdc, 0x2f, 0x00, 0x5c, 0xff, 
    0xff, 0xff, 0xff, 0xff, 0xff, 0x08, 0x00, 0x00, 
    0x00, 0xa4, 0xff, 0xff, 0xff, 0xff, 0xff, 0xff, 
    0x52, 0x08, 0x12, 0x7a, 0xfc, 0xff, 0xff, 0xff, 
    0xff, 0xff, 0xff, 0xff, 0xff, 0xff, 0xff, 0xff, 
    0xff, 0xff, 0xff, 0xff, 0xff, 0xff, 0xff, 0xff, 
    0xff, 0xff, 0xff, 0xff, 0xff, 0xff, 0xff, 0xff, 
    0xff, 0xff, 0xff, 0xff, 0xff, 0xff, 0xff, 0xff, 
    0xff, 0xff, 0xff, 0xff, 0xff, 0xff, 0xff, 0xff, 
    0xff, 0xff, 0xff, 0xff, 0xff, 0xff, 0xff, 0xff, 
    0xff, 0xff, 0xff, 0xff, 0xff, 0xff, 0xff, 0xff, 
    0xff, 0xff, 0xff, 0xff, 0xff, 0xff, 0xff, 0xff, 
    0xff, 0xff, 0xff, 0xff, 0xff, 0xff, 0xff, 0xff, 
    0xff, 0xff, 0xff, 0xff, 0xff, 0xff, 0xff, 0xff, 
    0xff, 0xff, 0xff, 0xff, 0xff, 0xff, 0xff, 0xff, 
    0xff, 0xff, 0xff, 0xff, 0xff, 0xff, 0xff, 0xff, 
    0xff, 0xff, 0xff, 0xff, 0xff, 0xff, 0xff, 0xff, 
    0xff, 0xff, 0xff, 0xff, 0xff, 0xff, 0xff, 0xff, 
    0xff, 0xff, 0xff, 0xff, 0xff, 0xff, 0xff, 0xff, 
    0xff, 0xff, 0xff, 0xff, 0xff, 0xff, 0xff, 0xff, 
    0xff, 0xff, 0xff, 0xff, 0xff, 0xff, 0xff, 0xff, 
    0xff, 0xff, 0xff, 0xff, 0xff, 0xff, 0xff, 0xff, 
    0xff, 0xff, 0xff, 0xff, 0xff, 0xff, 0xff, 0xff, 
    0xff, 0xff, 0xff, 0xff, 0xff, 0xff, 0xff, 0xff, 
    0xff, 0xff, 0xff, 0xff, 0xff, 0xff, 0xff, 0xff, 
    0xff, 0xff, 0xff, 0xff, 0xff, 0xff, 0xff, 0xff, 
    0xff, 0xff, 0xff, 0xff, 0xff, 0xff, 0xff, 0xff, 
    0xff, 0xff, 0xff, 0xff, 0xff, 0xff, 0xff, 0xff, 
    0xff, 0xff, 0xff, 0xff, 0xff, 0xff, 0xff, 0xff, 
    0xff, 0xff, 0xff, 0xff, 0xff, 0xff, 0xff, 0xff, 
    0xff, 0xff, 0xff, 0xff, 0xff, 0xff, 0xff, 0xff, 
    0xff, 0xff, 0xff, 0xff, 0xff, 0xff, 0xff, 0xff, 
    0xff, 0xff, 0xff, 0xff, 0xff, 0xff, 0xff, 0xff, 
    0xff, 0xff, 0xff, 0xff, 0xff, 0xff, 0xff, 0xff, 
    0xff, 0x4f, 0x03, 0x84, 0xff, 0xff, 0xcc, 0x0f, 
    0x06, 0xbf, 0xff, 0xff, 0xff, 0xff, 0xff, 0xff, 
    0x3b, 0x00, 0x73, 0xff, 0xf9, 0x2d, 0x00, 0x39, 
    0xfc, 0xff, 0xff, 0xff, 0xff, 0xff, 0xff, 0x3b, 
    0x00, 0x73, 0xff, 0x7d, 0x00, 0x0f, 0xdf, 0xff, 
    0xff, 0xff, 0xff, 0xff, 0xff, 0xff, 0x3b, 0x00, 
    0x73, 0xd0, 0x05, 0x00, 0xa9, 0xff, 0xff, 0xff, 
    0xff, 0xff, 0xff, 0xff, 0xff, 0x3b, 0x00, 0x6f, 
    0x31, 0x00, 0x63, 0xff, 0xff, 0xff, 0xff, 0xff, 
    0xff, 0xff, 0xff, 0xff, 0x3b, 0x00, 0x11, 0x00, 
    0x05, 0xee, 0xff, 0xff, 0xff, 0xff, 0xff, 0xff, 
    0xff, 0xff, 0xff, 0x3b, 0x00, 0x4d, 0x07, 0x00, 
    0x80, 0xff, 0xff, 0xff, 0xff, 0xff, 0xff, 0xff, 
    0xff, 0xff, 0x3b, 0x00, 0x73, 0x7c, 0x00, 0x07, 
    0xd7, 0xff, 0xff, 0xff, 0xff, 0xff, 0xff, 0xff, 
    0xff, 0x3b, 0x00, 0x73, 0xf6, 0x21, 0x00, 0x3e, 
    0xfe, 0xff, 0xff, 0xff, 0xff, 0xff, 0xff, 0xff, 
    0x3b, 0x00, 0x73, 0xff, 0xb4, 0x00, 0x00, 0x9a, 
    0xff, 0xff, 0xff, 0xff, 0xff, 0xff, 0xff, 0x3b, 
    0x00, 0x73, 0xff, 0xff, 0x50, 0x00, 0x10, 0xe8, 
    0xff, 0xff, 0xff, 0xff, 0xff, 0xff, 0x50, 0x03, 
    0x85, 0xff, 0xff, 0xe1, 0x19, 0x03, 0x94, 0xff, 
    0xff, 0xff, 0xff, 0xff, 0xff, 0xff, 0xff, 0xff, 
    0xff, 0xff, 0xff, 0xff, 0xff, 0xff, 0xff, 0xff, 
    0xff, 0xff, 0xff, 0xff, 0xff, 0xff, 0xff, 0xff, 
    0xff, 0xff, 0xff, 0xff, 0xff, 0xff, 0xff, 0xff, 
    0xff, 0xff, 0xff, 0xff, 0xff, 0xff, 0xff, 0xff, 
    0xff, 0xff, 0xff, 0xff, 0xff, 0xff, 0xff, 0xff, 
    0xff, 0xff, 0xff, 0xff, 0xff, 0xff, 0xff, 0xff, 
    0xff, 0xff, 0xff, 0xff, 0xff, 0xff, 0xff, 0xff, 
    0xff, 0xff, 0xff, 0xff, 0xff, 0xff, 0xff, 0xff, 
    0xff, 0xff, 0xff, 0xff, 0xff, 0xff, 0xff, 0xff, 
    0xff, 0xff, 0xff, 0xff, 0xff, 0xff, 0xff, 0xff, 
    0xff, 0xff, 0xff, 0xff, 0xff, 0xff, 0xff, 0xff, 
    0xff, 0xff, 0xff, 0xff, 0xff, 0xff, 0xff, 0xff, 
    0xff, 0xff, 0xff, 0xff, 0xff, 0xff, 0xff, 0xff, 
    0xff, 0xff, 0xff, 0xff, 0xff, 0xff, 0xff, 0xff, 
    0xff, 0xff, 0xff, 0xff, 0xff, 0xff, 0xff, 0xff, 
    0xff, 0xff, 0xff, 0xff, 0xff, 0xff, 0xff, 0xff, 
    0xff, 0xff, 0xff, 0xff, 0xff, 0xff, 0xff, 0xff, 
    0xff, 0xff, 0xff, 0xff, 0xff, 0xff, 0xff, 0xff, 
    0xff, 0xff, 0xff, 0xff, 0xff, 0xff, 0xff, 0xff, 
    0xff, 0xff, 0xff, 0xff, 0xff, 0xff, 0xff, 0xff, 
    0xff, 0xff, 0xff, 0xff, 0xff, 0xff, 0xff, 0xff, 
    0xff, 0xff, 0xff, 0xff, 0xff, 0xff, 0xff, 0xff, 
    0xff, 0xff, 0xff, 0xff, 0xff, 0xff, 0xff, 0xff, 
    0xff, 0xff, 0xff, 0xff, 0xff, 0xff, 0xff, 0xff, 
    0xff, 0xff, 0xff, 0xff, 0xff, 0xff, 0xff, 0xff, 
    0xff, 0xff, 0xff, 0xff, 0xff, 0xff, 0xff, 0xff, 
    0xff, 0xff, 0xff, 0xff, 0xff, 0xff, 0xff, 0xff, 
    0xff, 0xff, 0xff, 0xff, 0xff, 0xff, 0xff, 0xff, 
    0xff, 0xff, 0xff, 0xff, 0xff, 0xff, 0xff, 0xff, 
    0xff, 0xff, 0xff, 0xff, 0xff, 0xff, 0xff, 0xff, 
    0xff, 0xff, 0xff, 0xff, 0xff, 0xff, 0xff, 0x4f, 
    0x03, 0x81, 0xff, 0xff, 0xff, 0xff, 0xff, 0xff, 
    0xff, 0xff, 0xff, 0xff, 0x3b, 0x00, 0x6f, 0xff, 
    0xff, 0xff, 0xff, 0xff, 0xff, 0xff, 0xff, 0xff, 
    0xff, 0x3b, 0x00, 0x6f, 0xff, 0xff, 0xff, 0xff, 
    0xff, 0xff, 0xff, 0xff, 0xff, 0xff, 0x3b, 0x00, 
    0x6f, 0xff, 0xff, 0xff, 0xff, 0xff, 0xff, 0xff, 
    0xff, 0xff, 0xff, 0x3b, 0x00, 0x6f, 0xff, 0xff, 
    0xff, 0xff, 0xff, 0xff, 0xff, 0xff, 0xff, 0xff, 
    0x3b, 0x00, 0x6f, 0xff, 0xff, 0xff, 0xff, 0xff, 
    0xff, 0xff, 0xff, 0xff, 0xff, 0x3b, 0x00, 0x6f, 
    0xff, 0xff, 0xff, 0xff, 0xff, 0xff, 0xff, 0xff, 
    0xff, 0xff, 0x3b, 0x00, 0x6f, 0xff, 0xff, 0xff, 
    0xff, 0xff, 0xff, 0xff, 0xff, 0xff, 0xff, 0x3b, 
    0x00, 0x6f, 0xff, 0xff, 0xff, 0xff, 0xff, 0xff, 
    0xff, 0xff, 0xff, 0xff, 0x3b, 0x00, 0x6f, 0xff, 
    0xff, 0xff, 0xff, 0xff, 0xff, 0xff, 0xff, 0xff, 
    0xff, 0x3b, 0x00, 0x01, 0x03, 0x03, 0x03, 0x96, 
    0xff, 0xff, 0xff, 0xff, 0xff, 0xff, 0x5f, 0x00, 
    0x00, 0x00, 0x00, 0x00, 0x95, 0xff, 0xff, 0xff, 
    0xff, 0xff, 0xff, 0xff, 0xff, 0xff, 0xff, 0xff, 
    0xff, 0xff, 0xff, 0xff, 0xff, 0xff, 0xff, 0xff, 
    0xff, 0xff, 0xff, 0xff, 0xff, 0xff, 0xff, 0xff, 
    0xff, 0xff, 0xff, 0xff, 0xff, 0xff, 0xff, 0xff, 
    0xff, 0xff, 0xff, 0xff, 0xff, 0xff, 0xff, 0xff, 
    0xff, 0xff, 0xff, 0xff, 0xff, 0xff, 0xff, 0xff, 
    0xff, 0xff, 0xff, 0xff, 0xff, 0xff, 0xff, 0xff, 
    0xff, 0xff, 0xff, 0xff, 0xff, 0xff, 0xff, 0xff, 
    0xff, 0xff, 0xff, 0xff, 0xff, 0xff, 0xff, 0xff, 
    0xff, 0xff, 0xff, 0xff, 0xff, 0xff, 0xff, 0xff, 
    0xff, 0xff, 0xff, 0xff, 0xff, 0xff, 0xff, 0xff, 
    0xff, 0xff, 0xff, 0xff, 0xff, 0xff, 0xff, 0xff, 
    0xff, 0xff, 0xff, 0xff, 0xff, 0xff, 0xff, 0xff, 
    0xff, 0xff, 0xff, 0xff, 0xff, 0xff, 0xff, 0xff, 
    0xff, 0xff, 0xff, 0xff, 0xff, 0xff, 0xff, 0xff, 
    0xff, 0xff, 0xff, 0xff, 0xff, 0xff, 0xff, 0xff, 
    0xff, 0xff, 0xff, 0xff, 0xff, 0xff, 0xff, 0xff, 
    0xff, 0xff, 0xff, 0xff, 0xff, 0xff, 0xff, 0xff, 
    0xff, 0xff, 0xff, 0xff, 0xff, 0xff, 0xff, 0xff, 
    0xff, 0xff, 0xff, 0xff, 0xff, 0xff, 0xff, 0xff, 
    0xff, 0xff, 0xff, 0xff, 0xff, 0xff, 0xff, 0xff, 
    0xff, 0xff, 0xff, 0xff, 0xff, 0xff, 0xff, 0xff, 
    0xff, 0xff, 0xff, 0xff, 0xff, 0xff, 0xff, 0xff, 
    0xff, 0xff, 0xff, 0xff, 0xff, 0xff, 0xff, 0xff, 
    0xff, 0xff, 0xff, 0xff, 0xff, 0xff, 0xff, 0xff, 
    0xff, 0xff, 0xff, 0xff, 0xff, 0xff, 0xff, 0xff, 
    0xff, 0xff, 0xff, 0xff, 0xff, 0xff, 0xff, 0xff, 
    0xff, 0xff, 0xff, 0xff, 0xff, 0xff, 0xff, 0xff, 
    0xff, 0xff, 0xff, 0xff, 0xff, 0xff, 0xff, 0xff, 
    0xff, 0xff, 0xff, 0xff, 0xff, 0xff, 0xff, 0xff, 
    0xff, 0xff, 0xff, 0xff, 0xff, 0xff, 0xff, 0xff, 
    0xff, 0xff, 0xff, 0xff, 0xff, 0xff, 0xff, 0xff, 
    0xff, 0xff, 0xff, 0xff, 0xff, 0xff, 0xff, 0xff, 
    0xff, 0xff, 0xff, 0xff, 0xff, 0xff, 0xff, 0xff, 
    0xff, 0xff, 0xff, 0xff, 0xff, 0xff, 0xff, 0xff, 
    0xff, 0xff, 0xff, 0xff, 0xff, 0xff, 0xff, 0xff, 
    0xff, 0xff, 0xff, 0xff, 0xff, 0xff, 0xff, 0xff, 
    0xff, 0xff, 0xff, 0xff, 0xff, 0xff, 0xff, 0xff, 
    0xff, 0xff, 0xff, 0x74, 0x00, 0x02, 0x32, 0xec, 
    0xff, 0xff, 0xff, 0xff, 0xd9, 0x1d, 0x00, 0x04, 
    0xaa, 0xff, 0xff, 0xff, 0xff, 0xff, 0xff, 0x3b, 
    0x00, 0x01, 0x00, 0x8b, 0xff, 0xff, 0xff, 0xff, 
    0x6b, 0x00, 0x01, 0x00, 0x7f, 0xff, 0xff, 0xff, 
    0xff, 0xff, 0xff, 0x3b, 0x00, 0x3a, 0x00, 0x32, 
    0xff, 0xff, 0xff, 0xfa, 0x14, 0x03, 0x39, 0x00, 
    0x7f, 0xff, 0xff, 0xff, 0xff, 0xff, 0xff, 0x3b, 
    0x00, 0x86, 0x07, 0x00, 0xd9, 0xff, 0xff, 0xb2, 
    0x00, 0x43, 0x4f, 0x00, 0x7f, 0xff, 0xff, 0xff, 
    0xff, 0xff, 0xff, 0x3b, 0x00, 0x93, 0x4d, 0x00, 
    0x81, 0xff, 0xff, 0x56, 0x00, 0x9a, 0x4f, 0x00, 
    0x7f, 0xff, 0xff, 0xff, 0xff, 0xff, 0xff, 0x3b, 
    0x00, 0x93, 0xa1, 0x00, 0x29, 0xff, 0xf2, 0x09, 
    0x04, 0xec, 0x4f, 0x00, 0x7f, 0xff, 0xff, 0xff, 
    0xff, 0xff, 0xff, 0x3b, 0x00, 0x93, 0xef, 0x05, 
    0x00, 0xd0, 0x9e, 0x00, 0x47, 0xff, 0x4f, 0x00, 
    0x7f, 0xff, 0xff, 0xff, 0xff, 0xff, 0xff, 0x3b, 
    0x00, 0x93, 0xff, 0x48, 0x00, 0x78, 0x42, 0x00, 
    0x9e, 0xff, 0x4f, 0x00, 0x7f, 0xff, 0xff, 0xff, 
    0xff, 0xff, 0xff, 0x3b, 0x00, 0x93, 0xff, 0x9c, 
    0x00, 0x18, 0x02, 0x06, 0xef, 0xff, 0x4f, 0x00, 
    0x7f, 0xff, 0xff, 0xff, 0xff, 0xff, 0xff, 0x3b, 
    0x00, 0x93, 0xff, 0xec, 0x04, 0x00, 0x00, 0x4c, 
    0xff, 0xff, 0x4f, 0x00, 0x7f, 0xff, 0xff, 0xff, 
    0xff, 0xff, 0xff, 0x3b, 0x00, 0x93, 0xff, 0xff, 
    0x43, 0x00, 0x00, 0xa2, 0xff, 0xff, 0x4f, 0x00, 
    0x7f, 0xff, 0xff, 0xff, 0xff, 0xff, 0xff, 0x4e, 
    0x04, 0xa3, 0xff, 0xff, 0xa3, 0x04, 0x11, 0xf1, 
    0xff, 0xff, 0x61, 0x03, 0x91, 0xff, 0xff, 0xff, 
    0xff, 0xff, 0xff, 0xff, 0xff, 0xff, 0xff, 0xff, 
    0xff, 0xff, 0xff, 0xff, 0xff, 0xff, 0xff, 0xff, 
    0xff, 0xff, 0xff, 0xff, 0xff, 0xff, 0xff, 0xff, 
    0xff, 0xff, 0xff, 0xff, 0xff, 0xff, 0xff, 0xff, 
    0xff, 0xff, 0xff, 0xff, 0xff, 0xff, 0xff, 0xff, 
    0xff, 0xff, 0xff, 0xff, 0xff, 0xff, 0xff, 0xff, 
    0xff, 0xff, 0xff, 0xff, 0xff, 0xff, 0xff, 0xff, 
    0xff, 0xff, 0xff, 0xff, 0xff, 0xff, 0xff, 0xff, 
    0xff, 0xff, 0xff, 0xff, 0xff, 0xff, 0xff, 0xff, 
    0xff, 0xff, 0xff, 0xff, 0xff, 0xff, 0xff, 0xff, 
    0xff, 0xff, 0xff, 0xff, 0xff, 0xff, 0xff, 0xff, 
    0xff, 0xff, 0xff, 0xff, 0xff, 0xff, 0xff, 0xff, 
    0xff, 0xff, 0xff, 0xff, 0xff, 0xff, 0xff, 0xff, 
    0xff, 0xff, 0xff, 0xff, 0xff, 0xff, 0xff, 0xff, 
    0xff, 0xff, 0xff, 0xff, 0xff, 0xff, 0xff, 0xff, 
    0xff, 0xff, 0xff, 0xff, 0xff, 0xff, 0xff, 0xff, 
    0xff, 0xff, 0xff, 0xff, 0xff, 0xff, 0xff, 0xff, 
    0xff, 0xff, 0xff, 0xff, 0xff, 0xff, 0xff, 0xff, 
    0xff, 0xff, 0xff, 0xff, 0xff, 0xff, 0xff, 0xff, 
    0xff, 0xff, 0xff, 0xff, 0xff, 0xff, 0xff, 0xff, 
    0xff, 0xff, 0xff, 0xff, 0xff, 0xff, 0xff, 0xff, 
    0xff, 0xff, 0xff, 0xff, 0xff, 0xff, 0xff, 0xff, 
    0xff, 0xff, 0xff, 0xff, 0xff, 0xff, 0xff, 0xff, 
    0xff, 0xff, 0xff, 0xff, 0xff, 0xff, 0xff, 0xff, 
    0xff, 0xff, 0xff, 0xff, 0xff, 0xff, 0xff, 0xff, 
    0xff, 0xff, 0xff, 0xff, 0xff, 0xff, 0xff, 0xff, 
    0xff, 0xff, 0xff, 0xff, 0xff, 0xff, 0xff, 0xff, 
    0xff, 0xff, 0xff, 0xff, 0xff, 0xff, 0xff, 0xff, 
    0xff, 0xff, 0xff, 0xff, 0xff, 0xff, 0xff, 0xff, 
    0xff, 0xff, 0xff, 0xff, 0xff, 0xff, 0xff, 0xff, 
    0xff, 0xff, 0xff, 0xff, 0xff, 0xff, 0xff, 0xff, 
    0xff, 0xff, 0xff, 0xff, 0xff, 0xff, 0xff, 0xff, 
    0xff, 0xff, 0xff, 0xff, 0xff, 0xff, 0xff, 0xff, 
    0xff, 0xff, 0xff, 0xff, 0xff, 0xff, 0xff, 0xff, 
    0xff, 0xff, 0xff, 0xff, 0xff, 0xff, 0xff, 0xff, 
    0xff, 0xff, 0xff, 0xff, 0xff, 0xff, 0xff, 0xff, 
    0xff, 0xff, 0xff, 0xff, 0xff, 0xff, 0xff, 0xff, 
    0xff, 0xff, 0xff, 0xff, 0xff, 0xff, 0xff, 0xff, 
    0xff, 0xff, 0xff, 0xff, 0xff, 0xff, 0xff, 0xff, 
    0xff, 0xff, 0xff, 0xff, 0xff, 0xff, 0xff, 0xff, 
    0xff, 0xff, 0xff, 0x6d, 0x00, 0x07, 0x8e, 0xff, 
    0xff, 0xff, 0x96, 0x04, 0x71, 0xff, 0xff, 0xff, 
    0xff, 0xff, 0xff, 0x3b, 0x00, 0x00, 0x08, 0xe5, 
    0xff, 0xff, 0x87, 0x00, 0x5f, 0xff, 0xff, 0xff, 
    0xff, 0xff, 0xff, 0x3b, 0x00, 0x06, 0x00, 0x6c, 
    0xff, 0xff, 0x87, 0x00, 0x5f, 0xff, 0xff, 0xff, 
    0xff, 0xff, 0xff, 0x3b, 0x00, 0x52, 0x00, 0x07, 
    0xe3, 0xff, 0x87, 0x00, 0x5f, 0xff, 0xff, 0xff, 
    0xff, 0xff, 0xff, 0x3b, 0x00, 0xa8, 0x17, 0x00, 
    0x69, 0xff, 0x87, 0x00, 0x5f, 0xff, 0xff, 0xff, 
    0xff, 0xff, 0xff, 0x3b, 0x00, 0xac, 0x8c, 0x00, 
    0x06, 0xe2, 0x87, 0x00, 0x5f, 0xff, 0xff, 0xff, 
    0xff, 0xff, 0xff, 0x3b, 0x00, 0xab, 0xf5, 0x17, 
    0x00, 0x6b, 0x89, 0x00, 0x5f, 0xff, 0xff, 0xff, 
    0xff, 0xff, 0xff, 0x3b, 0x00, 0xab, 0xff, 0x8e, 
    0x00, 0x09, 0x77, 0x00, 0x5f, 0xff, 0xff, 0xff, 
    0xff, 0xff, 0xff, 0x3b, 0x00, 0xab, 0xff, 0xf6, 
    0x18, 0x00, 0x1a, 0x00, 0x5f, 0xff, 0xff, 0xff, 
    0xff, 0xff, 0xff, 0x3b, 0x00, 0xab, 0xff, 0xff, 
    0x90, 0x00, 0x00, 0x00, 0x5f, 0xff, 0xff, 0xff, 
    0xff, 0xff, 0xff, 0x3b, 0x00, 0xab, 0xff, 0xff, 
    0xf7, 0x1a, 0x00, 0x00, 0x5f, 0xff, 0xff, 0xff, 
    0xff, 0xff, 0xff, 0x4d, 0x05, 0xb9, 0xff, 0xff, 
    0xff, 0xac, 0x0b, 0x01, 0x87, 0xff, 0xff, 0xff, 
    0xff, 0xff, 0xff, 0xff, 0xff, 0xff, 0xff, 0xff, 
    0xff, 0xff, 0xff, 0xff, 0xff, 0xff, 0xff, 0xff, 
    0xff, 0xff, 0xff, 0xff, 0xff, 0xff, 0xff, 0xff, 
    0xff, 0xff, 0xff, 0xff, 0xff, 0xff, 0xff, 0xff, 
    0xff, 0xff, 0xff, 0xff, 0xff, 0xff, 0xff, 0xff, 
    0xff, 0xff, 0xff, 0xff, 0xff, 0xff, 0xff, 0xff, 
    0xff, 0xff, 0xff, 0xff, 0xff, 0xff, 0xff, 0xff, 
    0xff, 0xff, 0xff, 0xff, 0xff, 0xff, 0xff, 0xff, 
    0xff, 0xff, 0xff, 0xff, 0xff, 0xff, 0xff, 0xff, 
    0xff, 0xff, 0xff, 0xff, 0xff, 0xff, 0xff, 0xff, 
    0xff, 0xff, 0xff, 0xff, 0xff, 0xff, 0xff, 0xff, 
    0xff, 0xff, 0xff, 0xff, 0xff, 0xff, 0xff, 0xff, 
    0xff, 0xff, 0xff, 0xff, 0xff, 0xff, 0xff, 0xff, 
    0xff, 0xff, 0xff, 0xff, 0xff, 0xff, 0xff, 0xff, 
    0xff, 0xff, 0xff, 0xff, 0xff, 0xff, 0xff, 0xff, 
    0xff, 0xff, 0xff, 0xff, 0xff, 0xff, 0xff, 0xff, 
    0xff, 0xff, 0xff, 0xff, 0xff, 0xff, 0xff, 0xff, 
    0xff, 0xff, 0xff, 0xff, 0xff, 0xff, 0xff, 0xff, 
    0xff, 0xff, 0xff, 0xff, 0xff, 0xff, 0xff, 0xff, 
    0xff, 0xff, 0xff, 0xff, 0xff, 0xff, 0xff, 0xff, 
    0xff, 0xff, 0xff, 0xff, 0xff, 0xff, 0xff, 0xff, 
    0xff, 0xff, 0xff, 0xff, 0xff, 0xff, 0xff, 0xff, 
    0xff, 0xff, 0xff, 0xff, 0xff, 0xff, 0xff, 0xff, 
    0xff, 0xff, 0xff, 0xff, 0xff, 0xff, 0xff, 0xff, 
    0xff, 0xff, 0xff, 0xff, 0xff, 0xff, 0xff, 0xff, 
    0xff, 0xff, 0xff, 0xff, 0xff, 0xff, 0xff, 0xff, 
    0xff, 0xff, 0xff, 0xff, 0xff, 0xff, 0xff, 0xff, 
    0xff, 0xff, 0xff, 0xff, 0xff, 0xff, 0xff, 0xff, 
    0xff, 0xff, 0xff, 0xff, 0xff, 0xff, 0xff, 0xff, 
    0xff, 0xff, 0xff, 0xff, 0xff, 0xff, 0xff, 0xff, 
    0xff, 0xff, 0xff, 0xff, 0xff, 0xff, 0xff, 0xff, 
    0xff, 0xff, 0xff, 0xff, 0xff, 0xff, 0xff, 0xff, 
    0xff, 0xff, 0xff, 0xff, 0xff, 0xff, 0xff, 0xff, 
    0xff, 0xff, 0xff, 0xff, 0xff, 0xff, 0xff, 0xff, 
    0xff, 0xff, 0xff, 0xff, 0xff, 0xff, 0xff, 0xff, 
    0xff, 0xff, 0xff, 0xff, 0xff, 0xff, 0xff, 0xff, 
    0xff, 0xff, 0xff, 0xff, 0xff, 0xff, 0xff, 0xff, 
    0xff, 0xff, 0xff, 0xff, 0xff, 0xff, 0xff, 0xff, 
    0xff, 0xff, 0xff, 0xff, 0xff, 0xff, 0xff, 0xff, 
    0xff, 0xfc, 0x99, 0x3a, 0x0f, 0x06, 0x21, 0x66, 
    0xdd, 0xff, 0xff, 0xff, 0xff, 0xff, 0xff, 0xff, 
    0xff, 0xff, 0xfa, 0x48, 0x00, 0x00, 0x00, 0x00, 
    0x00, 0x00, 0x10, 0xcf, 0xff, 0xff, 0xff, 0xff, 
    0xff, 0xff, 0xff, 0xff, 0x84, 0x00, 0x00, 0x7b, 
    0xef, 0xf9, 0xaa, 0x0b, 0x00, 0x32, 0xff, 0xff, 
    0xff, 0xff, 0xff, 0xff, 0xff, 0xfe, 0x17, 0x00, 
    0x5a, 0xff, 0xff, 0xff, 0xff, 0x92, 0x00, 0x00, 
    0xd5, 0xff, 0xff, 0xff, 0xff, 0xff, 0xff, 0xd8, 
    0x00, 0x00, 0xb6, 0xff, 0xff, 0xff, 0xff, 0xe6, 
    0x00, 0x00, 0xa1, 0xff, 0xff, 0xff, 0xff, 0xff, 
    0xff, 0xbc, 0x00, 0x00, 0xd5, 0xff, 0xff, 0xff, 
    0xff, 0xfd, 0x03, 0x00, 0x8e, 0xff, 0xff, 0xff, 
    0xff, 0xff, 0xff, 0xba, 0x00, 0x00, 0xd4, 0xff, 
    0xff, 0xff, 0xff, 0xfc, 0x02, 0x00, 0x93, 0xff, 
    0xff, 0xff, 0xff, 0xff, 0xff, 0xcd, 0x00, 0x00, 
    0xba, 0xff, 0xff, 0xff, 0xff, 0xdd, 0x00, 0x00, 
    0xb0, 0xff, 0xff, 0xff, 0xff, 0xff, 0xff, 0xf7, 
    0x06, 0x00, 0x6b, 0xff, 0xff, 0xff, 0xff, 0x81, 
    0x00, 0x04, 0xea, 0xff, 0xff, 0xff, 0xff, 0xff, 
    0xff, 0xff, 0x5b, 0x00, 0x03, 0x8f, 0xf0, 0xf3, 
    0x99, 0x05, 0x00, 0x5d, 0xff, 0xff, 0xff, 0xff, 
    0xff, 0xff, 0xff, 0xff, 0xe5, 0x1e, 0x00, 0x00, 
    0x00, 0x00, 0x00, 0x00, 0x2e, 0xed, 0xff, 0xff, 
    0xff, 0xff, 0xff, 0xff, 0xff, 0xff, 0xff, 0xeb, 
    0x74, 0x27, 0x08, 0x0a, 0x2e, 0x85, 0xf4, 0xff, 
    0xff, 0xff, 0xff, 0xff, 0xff, 0xff, 0xff, 0xff, 
    0xff, 0xff, 0xff, 0xff, 0xff, 0xff, 0xff, 0xff, 
    0xff, 0xff, 0xff, 0xff, 0xff, 0xff, 0xff, 0xff, 
    0xff, 0xff, 0xff, 0xff, 0xff, 0xff, 0xff, 0xff, 
    0xff, 0xff, 0xff, 0xff, 0xff, 0xff, 0xff, 0xff, 
    0xff, 0xff, 0xff, 0xff, 0xff, 0xff, 0xff, 0xff, 
    0xff, 0xff, 0xff, 0xff, 0xff, 0xff, 0xff, 0xff, 
    0xff, 0xff, 0xff, 0xff, 0xff, 0xff, 0xff, 0xff, 
    0xff, 0xff, 0xff, 0xff, 0xff, 0xff, 0xff, 0xff, 
    0xff, 0xff, 0xff, 0xff, 0xff, 0xff, 0xff, 0xff, 
    0xff, 0xff, 0xff, 0xff, 0xff, 0xff, 0xff, 0xff, 
    0xff, 0xff, 0xff, 0xff, 0xff, 0xff, 0xff, 0xff, 
    0xff, 0xff, 0xff, 0xff, 0xff, 0xff, 0xff, 0xff, 
    0xff, 0xff, 0xff, 0xff, 0xff, 0xff, 0xff, 0xff, 
    0xff, 0xff, 0xff, 0xff, 0xff, 0xff, 0xff, 0xff, 
    0xff, 0xff, 0xff, 0xff, 0xff, 0xff, 0xff, 0xff, 
    0xff, 0xff, 0xff, 0xff, 0xff, 0xff, 0xff, 0xff, 
    0xff, 0xff, 0xff, 0xff, 0xff, 0xff, 0xff, 0xff, 
    0xff, 0xff, 0xff, 0xff, 0xff, 0xff, 0xff, 0xff, 
    0xff, 0xff, 0xff, 0xff, 0xff, 0xff, 0xff, 0xff, 
    0xff, 0xff, 0xff, 0xff, 0xff, 0xff, 0xff, 0xff, 
    0xff, 0xff, 0xff, 0xff, 0xff, 0xff, 0xff, 0xff, 
    0xff, 0xff, 0xff, 0xff, 0xff, 0xff, 0xff, 0xff, 
    0xff, 0xff, 0xff, 0xff, 0xff, 0xff, 0xff, 0xff, 
    0xff, 0xff, 0xff, 0xff, 0xff, 0xff, 0xff, 0xff, 
    0xff, 0xff, 0xff, 0xff, 0xff, 0xff, 0xff, 0xff, 
    0xff, 0xff, 0xff, 0xff, 0xff, 0xff, 0xff, 0xff, 
    0xff, 0xff, 0xff, 0xff, 0xff, 0xff, 0xff, 0xff, 
    0xff, 0xff, 0xff, 0xff, 0xff, 0xff, 0xff, 0xff, 
    0xff, 0xff, 0xff, 0xff, 0xff, 0xff, 0xff, 0xff, 
    0xff, 0xff, 0xff, 0xff, 0xff, 0xff, 0xff, 0xff, 
    0xff, 0xff, 0xff, 0xff, 0xff, 0xff, 0xff, 0xff, 
    0xff, 0xff, 0xff, 0xff, 0xff, 0xff, 0xff, 0xff, 
    0xff, 0xff, 0xff, 0xff, 0xff, 0xff, 0xff, 0xff, 
    0xff, 0xff, 0xff, 0xff, 0xff, 0xff, 0xff, 0xff, 
    0xff, 0xff, 0xff, 0xff, 0xff, 0xff, 0xff, 0xff, 
    0xff, 0xff, 0xff, 0xff, 0xff, 0xff, 0xff, 0xff, 
    0xff, 0xff, 0xff, 0xff, 0xff, 0x6a, 0x00, 0x00, 
    0x00, 0x10, 0x42, 0xb5, 0xff, 0xff, 0xff, 0xff, 
    0xff, 0xff, 0xff, 0xff, 0x3b, 0x00, 0x0e, 0x1d, 
    0x07, 0x00, 0x01, 0xa9, 0xff, 0xff, 0xff, 0xff, 
    0xff, 0xff, 0xff, 0x3b, 0x00, 0x73, 0xff, 0xee, 
    0x2e, 0x00, 0x2c, 0xff, 0xff, 0xff, 0xff, 0xff, 
    0xff, 0xff, 0x3b, 0x00, 0x73, 0xff, 0xff, 0x88, 
    0x00, 0x04, 0xfd, 0xff, 0xff, 0xff, 0xff, 0xff, 
    0xff, 0x3b, 0x00, 0x73, 0xff, 0xff, 0x7f, 0x00, 
    0x0d, 0xff, 0xff, 0xff, 0xff, 0xff, 0xff, 0xff, 
    0x3b, 0x00, 0x73, 0xfc, 0xc8, 0x19, 0x00, 0x52, 
    0xff, 0xff, 0xff, 0xff, 0xff, 0xff, 0xff, 0x3b, 
    0x00, 0x00, 0x00, 0x00, 0x00, 0x14, 0xda, 0xff, 
    0xff, 0xff, 0xff, 0xff, 0xff, 0xff, 0x3b, 0x00, 
    0x10, 0x25, 0x38, 0x73, 0xe4, 0xff, 0xff, 0xff, 
    0xff, 0xff, 0xff, 0xff, 0xff, 0x3b, 0x00, 0x73, 
    0xff, 0xff, 0xff, 0xff, 0xff, 0xff, 0xff, 0xff, 
    0xff, 0xff, 0xff, 0xff, 0x3b, 0x00, 0x73, 0xff, 
    0xff, 0xff, 0xff, 0xff, 0xff, 0xff, 0xff, 0xff, 
    0xff, 0xff, 0xff, 0x3b, 0x00, 0x73, 0xff, 0xff, 
    0xff, 0xff, 0xff, 0xff, 0xff, 0xff, 0xff, 0xff, 
    0xff, 0xff, 0x4f, 0x03, 0x86, 0xff, 0xff, 0xff, 
    0xff, 0xff, 0xff, 0xff, 0xff, 0xff, 0xff, 0xff, 
    0xff, 0xff, 0xff, 0xff, 0xff, 0xff, 0xff, 0xff, 
    0xff, 0xff, 0xff, 0xff, 0xff, 0xff, 0xff, 0xff, 
    0xff, 0xff, 0xff, 0xff, 0xff, 0xff, 0xff, 0xff, 
    0xff, 0xff, 0xff, 0xff, 0xff, 0xff, 0xff, 0xff, 
    0xff, 0xff, 0xff, 0xff, 0xff, 0xff, 0xff, 0xff, 
    0xff, 0xff, 0xff, 0xff, 0xff, 0xff, 0xff, 0xff, 
    0xff, 0xff, 0xff, 0xff, 0xff, 0xff, 0xff, 0xff, 
    0xff, 0xff, 0xff, 0xff, 0xff, 0xff, 0xff, 0xff, 
    0xff, 0xff, 0xff, 0xff, 0xff, 0xff, 0xff, 0xff, 
    0xff, 0xff, 0xff, 0xff, 0xff, 0xff, 0xff, 0xff, 
    0xff, 0xff, 0xff, 0xff, 0xff, 0xff, 0xff, 0xff, 
    0xff, 0xff, 0xff, 0xff, 0xff, 0xff, 0xff, 0xff, 
    0xff, 0xff, 0xff, 0xff, 0xff, 0xff, 0xff, 0xff, 
    0xff, 0xff, 0xff, 0xff, 0xff, 0xff, 0xff, 0xff, 
    0xff, 0xff, 0xff, 0xff, 0xff, 0xff, 0xff, 0xff, 
    0xff, 0xff, 0xff, 0xff, 0xff, 0xff, 0xff, 0xff, 
    0xff, 0xff, 0xff, 0xff, 0xff, 0xff, 0xff, 0xff, 
    0xff, 0xff, 0xff, 0xff, 0xff, 0xff, 0xff, 0xff, 
    0xff, 0xff, 0xff, 0xff, 0xff, 0xff, 0xff, 0xff, 
    0xff, 0xff, 0xff, 0xff, 0xff, 0xff, 0xff, 0xff, 
    0xff, 0xff, 0xff, 0xff, 0xff, 0xff, 0xff, 0xff, 
    0xff, 0xff, 0xff, 0xff, 0xff, 0xff, 0xff, 0xff, 
    0xff, 0xff, 0xff, 0xff, 0xff, 0xff, 0xff, 0xff, 
    0xff, 0xff, 0xff, 0xff, 0xff, 0xff, 0xff, 0xff, 
    0xff, 0xff, 0xff, 0xff, 0xff, 0xff, 0xff, 0xff, 
    0xff, 0xff, 0xff, 0xff, 0xff, 0xff, 0xff, 0xff, 
    0xff, 0xff, 0xff, 0xff, 0xff, 0xff, 0xff, 0xff, 
    0xff, 0xff, 0xff, 0xff, 0xff, 0xff, 0xff, 0xff, 
    0xff, 0xff, 0xff, 0xff, 0xff, 0xff, 0xff, 0xff, 
    0xff, 0xff, 0xff, 0xff, 0xff, 0xff, 0xff, 0xff, 
    0xff, 0xff, 0xff, 0xff, 0xff, 0xff, 0xff, 0xff, 
    0xff, 0xff, 0xff, 0xff, 0xff, 0xff, 0xff, 0xff, 
    0xff, 0xff, 0xff, 0xff, 0xff, 0xff, 0xff, 0xff, 
    0xff, 0xff, 0xff, 0xff, 0xff, 0xff, 0xff, 0xff, 
    0xff, 0xff, 0xff, 0xff, 0xff, 0xff, 0xff, 0xff, 
    0xff, 0xff, 0xff, 0xff, 0xff, 0xff, 0xff, 0xff, 
    0xff, 0xff, 0xff, 0xff, 0xff, 0xff, 0xff, 0xff, 
    0xff, 0xff, 0xff, 0xff, 0xff, 0xff, 0xff, 0xff, 
    0xff, 0xff, 0xff, 0xff, 0xff, 0xff, 0xff, 0xff, 
    0xff, 0xfc, 0x99, 0x3a, 0x0f, 0x06, 0x21, 0x68, 
    0xdf, 0xff, 0xff, 0xff, 0xff, 0xff, 0xff, 0xff, 
    0xff, 0xff, 0xff, 0xfa, 0x48, 0x00, 0x00, 0x00, 
    0x00, 0x00, 0x00, 0x10, 0xcf, 0xff, 0xff, 0xff, 
    0xff, 0xff, 0xff, 0xff, 0xff, 0xff, 0x84, 0x00, 
    0x00, 0x7b, 0xef, 0xf9, 0xaa, 0x0b, 0x00, 0x31, 
    0xff, 0xff, 0xff, 0xff, 0xff, 0xff, 0xff, 0xff, 
    0xfe, 0x16, 0x00, 0x5b, 0xff, 0xff, 0xff, 0xff, 
    0x93, 0x00, 0x00, 0xd2, 0xff, 0xff, 0xff, 0xff, 
    0xff, 0xff, 0xff, 0xd7, 0x00, 0x00, 0xb6, 0xff, 
    0xff, 0xff, 0xff, 0xe6, 0x00, 0x00, 0xa0, 0xff, 
    0xff, 0xff, 0xff, 0xff, 0xff, 0xff, 0xbc, 0x00, 
    0x00, 0xd5, 0xff, 0xff, 0xff, 0xff, 0xfd, 0x03, 
    0x00, 0x8d, 0xff, 0xff, 0xff, 0xff, 0xff, 0xff, 
    0xff, 0xba, 0x00, 0x00, 0xd4, 0xff, 0xff, 0xff, 
    0xff, 0xfb, 0x02, 0x00, 0x95, 0xff, 0xff, 0xff, 
    0xff, 0xff, 0xff, 0xff, 0xcd, 0x00, 0x00, 0xba, 
    0xff, 0xff, 0xff, 0xff, 0xdd, 0x00, 0x00, 0xb3, 
    0xff, 0xff, 0xff, 0xff, 0xff, 0xff, 0xff, 0xf7, 
    0x06, 0x00, 0x6b, 0xff, 0xff, 0xff, 0xff, 0x81, 
    0x00, 0x05, 0xed, 0xff, 0xff, 0xff, 0xff, 0xff, 
    0xff, 0xff, 0xff, 0x59, 0x00, 0x03, 0x8f, 0xf0, 
    0xf3, 0x99, 0x05, 0x00, 0x62, 0xff, 0xff, 0xff, 
    0xff, 0xff, 0xff, 0xff, 0xff, 0xff, 0xe4, 0x1c, 
    0x00, 0x00, 0x00, 0x00, 0x00, 0x00, 0x00, 0xcb, 
    0xff, 0xff, 0xff, 0xff, 0xff, 0xff, 0xff, 0xff, 
    0xff, 0xff, 0xe9, 0x71, 0x26, 0x08, 0x0d, 0x3a, 
    0x39, 0x00, 0x0d, 0x88, 0xf3, 0xff, 0xff, 0xff, 
    0xff, 0xff, 0xff, 0xff, 0xff, 0xff, 0xff, 0xff, 
    0xff, 0xff, 0xff, 0xf6, 0x4f, 0x00, 0x00, 0x80, 
    0xff, 0xff, 0xff, 0xff, 0xff, 0xff, 0xff, 0xff, 
    0xff, 0xff, 0xff, 0xff, 0xff, 0xff, 0xff, 0xff, 
    0xa1, 0x2c, 0x86, 0xff, 0xff, 0xff, 0xff, 0xff, 
    0xff, 0xff, 0xff, 0xff, 0xff, 0xff, 0xff, 0xff, 
    0xff, 0xff, 0xff, 0xff, 0xff, 0xff, 0xff, 0xff, 
    0xff, 0xff, 0xff, 0xff, 0xff, 0xff, 0xff, 0xff, 
    0xff, 0xff, 0xff, 0xff, 0xff, 0xff, 0xff, 0xff, 
    0xff, 0xff, 0xff, 0xff, 0xff, 0xff, 0xff, 0xff, 
    0xff, 0xff, 0xff, 0xff, 0xff, 0xff, 0xff, 0xff, 
    0xff, 0xff, 0xff, 0xff, 0xff, 0xff, 0xff, 0xff, 
    0xff, 0xff, 0xff, 0xff, 0xff, 0xff, 0xff, 0xff, 
    0xff, 0xff, 0xff, 0xff, 0xff, 0xff, 0xff, 0xff, 
    0xff, 0xff, 0xff, 0xff, 0xff, 0xff, 0xff, 0xff, 
    0xff, 0xff, 0xff, 0xff, 0xff, 0xff, 0xff, 0xff, 
    0xff, 0xff, 0xff, 0xff, 0xff, 0xff, 0xff, 0xff, 
    0xff, 0xff, 0xff, 0xff, 0xff, 0xff, 0xff, 0xff, 
    0xff, 0xff, 0xff, 0xff, 0xff, 0xff, 0xff, 0xff, 
    0xff, 0xff, 0xff, 0xff, 0xff, 0xff, 0xff, 0xff, 
    0xff, 0xff, 0xff, 0xff, 0xff, 0xff, 0xff, 0xff, 
    0xff, 0xff, 0xff, 0xff, 0xff, 0xff, 0xff, 0xff, 
    0xff, 0xff, 0xff, 0xff, 0xff, 0xff, 0xff, 0xff, 
    0xff, 0xff, 0xff, 0xff, 0xff, 0xff, 0xff, 0xff, 
    0xff, 0xff, 0xff, 0xff, 0xff, 0xff, 0xff, 0xff, 
    0xff, 0xff, 0xff, 0xff, 0xff, 0xff, 0xff, 0xff, 
    0xff, 0xff, 0xff, 0xff, 0xff, 0xff, 0xff, 0xff, 
    0xff, 0xff, 0xff, 0xff, 0xff, 0xff, 0xff, 0xff, 
    0xff, 0xff, 0xff, 0xff, 0xff, 0xff, 0xff, 0xff, 
    0xff, 0xff, 0xff, 0xff, 0xff, 0xff, 0xff, 0xff, 
    0xff, 0xff, 0xff, 0xff, 0xff, 0xff, 0xff, 0xff, 
    0xff, 0xff, 0xff, 0xff, 0xff, 0xff, 0xff, 0xff, 
    0xff, 0xff, 0xff, 0xff, 0xff, 0xff, 0xff, 0xff, 
    0xff, 0xff, 0xff, 0xff, 0xff, 0xff, 0xff, 0xff, 
    0xff, 0xff, 0xff, 0xff, 0xff, 0xff, 0xff, 0xff, 
    0xff, 0xff, 0xff, 0xff, 0xff, 0xff, 0xff, 0xff, 
    0xff, 0xff, 0xff, 0xff, 0xff, 0xff, 0xff, 0xff, 
    0xff, 0xff, 0xff, 0xff, 0xff, 0xff, 0xff, 0xff, 
    0xff, 0x60, 0x00, 0x00, 0x00, 0x01, 0x22, 0x7e, 
    0xfa, 0xff, 0xff, 0xff, 0xff, 0xff, 0xff, 0xff, 
    0x3b, 0x00, 0x15, 0x2e, 0x16, 0x00, 0x00, 0x68, 
    0xff, 0xff, 0xff, 0xff, 0xff, 0xff, 0xff, 0x3b, 
    0x00, 0x73, 0xff, 0xfd, 0x60, 0x00, 0x08, 0xfd, 
    0xff, 0xff, 0xff, 0xff, 0xff, 0xff, 0x3b, 0x00, 
    0x73, 0xff, 0xff, 0xa9, 0x00, 0x00, 0xf3, 0xff, 
    0xff, 0xff, 0xff, 0xff, 0xff, 0x3b, 0x00, 0x73, 
    0xff, 0xfa, 0x56, 0x00, 0x2a, 0xff, 0xff, 0xff, 
    0xff, 0xff, 0xff, 0xff, 0x3b, 0x00, 0x17, 0x32, 
    0x13, 0x00, 0x10, 0xc2, 0xff, 0xff, 0xff, 0xff, 
    0xff, 0xff, 0xff, 0x3b, 0x00, 0x00, 0x00, 0x00, 
    0x02, 0xb3, 0xff, 0xff, 0xff, 0xff, 0xff, 0xff, 
    0xff, 0xff, 0x3b, 0x00, 0x73, 0xf2, 0x5c, 0x00, 
    0x11, 0xeb, 0xff, 0xff, 0xff, 0xff, 0xff, 0xff, 
    0xff, 0x3b, 0x00, 0x73, 0xff, 0xf1, 0x0d, 0x00, 
    0x80, 0xff, 0xff, 0xff, 0xff, 0xff, 0xff, 0xff, 
    0x3b, 0x00, 0x73, 0xff, 0xff, 0x65, 0x00, 0x1c, 
    0xfc, 0xff, 0xff, 0xff, 0xff, 0xff, 0xff, 0x3b, 
    0x00, 0x73, 0xff, 0xff, 0xc5, 0x00, 0x00, 0xb2, 
    0xff, 0xff, 0xff, 0xff, 0xff, 0xff, 0x4f, 0x03, 
    0x86, 0xff, 0xff, 0xff, 0x32, 0x00, 0x6a, 0xff, 
    0xff, 0xff, 0xff, 0xff, 0xff, 0xff, 0xff, 0xff, 
    0xff, 0xff, 0xff, 0xff, 0xff, 0xff, 0xff, 0xff, 
    0xff, 0xff, 0xff, 0xff, 0xff, 0xff, 0xff, 0xff, 
    0xff, 0xff, 0xff, 0xff, 0xff, 0xff, 0xff, 0xff, 
    0xff, 0xff, 0xff, 0xff, 0xff, 0xff, 0xff, 0xff, 
    0xff, 0xff, 0xff, 0xff, 0xff, 0xff, 0xff, 0xff, 
    0xff, 0xff, 0xff, 0xff, 0xff, 0xff, 0xff, 0xff, 
    0xff, 0xff, 0xff, 0xff, 0xff, 0xff, 0xff, 0xff, 
    0xff, 0xff, 0xff, 0xff, 0xff, 0xff, 0xff, 0xff, 
    0xff, 0xff, 0xff, 0xff, 0xff, 0xff, 0xff, 0xff, 
    0xff, 0xff, 0xff, 0xff, 0xff, 0xff, 0xff, 0xff, 
    0xff, 0xff, 0xff, 0xff, 0xff, 0xff, 0xff, 0xff, 
    0xff, 0xff, 0xff, 0xff, 0xff, 0xff, 0xff, 0xff, 
    0xff, 0xff, 0xff, 0xff, 0xff, 0xff, 0xff, 0xff, 
    0xff, 0xff, 0xff, 0xff, 0xff, 0xff, 0xff, 0xff, 
    0xff, 0xff, 0xff, 0xff, 0xff, 0xff, 0xff, 0xff, 
    0xff, 0xff, 0xff, 0xff, 0xff, 0xff, 0xff, 0xff, 
    0xff, 0xff, 0xff, 0xff, 0xff, 0xff, 0xff, 0xff, 
    0xff, 0xff, 0xff, 0xff, 0xff, 0xff, 0xff, 0xff, 
    0xff, 0xff, 0xff, 0xff, 0xff, 0xff, 0xff, 0xff, 
    0xff, 0xff, 0xff, 0xff, 0xff, 0xff, 0xff, 0xff, 
    0xff, 0xff, 0xff, 0xff, 0xff, 0xff, 0xff, 0xff, 
    0xff, 0xff, 0xff, 0xff, 0xff, 0xff, 0xff, 0xff, 
    0xff, 0xff, 0xff, 0xff, 0xff, 0xff, 0xff, 0xff, 
    0xff, 0xff, 0xff, 0xff, 0xff, 0xff, 0xff, 0xff, 
    0xff, 0xff, 0xff, 0xff, 0xff, 0xff, 0xff, 0xff, 
    0xff, 0xff, 0xff, 0xff, 0xff, 0xff, 0xff, 0xff, 
    0xff, 0xff, 0xff, 0xff, 0xff, 0xff, 0xff, 0xff, 
    0xff, 0xff, 0xff, 0xff, 0xff, 0xff, 0xff, 0xff, 
    0xff, 0xff, 0xff, 0xff, 0xff, 0xff, 0xff, 0xff, 
    0xff, 0xff, 0xff, 0xff, 0xff, 0xff, 0xff, 0xff, 
    0xff, 0xff, 0xff, 0xff, 0xff, 0xff, 0xff, 0xff, 
    0xff, 0xff, 0xff, 0xff, 0xff, 0xff, 0xff, 0xff, 
    0xff, 0xff, 0xf5, 0x80, 0x25, 0x07, 0x1a, 0x64, 
    0xef, 0xff, 0xff, 0xff, 0xff, 0xff, 0xff, 0xff, 
    0x56, 0x00, 0x00, 0x15, 0x04, 0x00, 0xaf, 0xff, 
    0xff, 0xff, 0xff, 0xff, 0xff, 0xdc, 0x00, 0x00, 
    0xa7, 0xff, 0xf3, 0x91, 0xd3, 0xff, 0xff, 0xff, 
    0xff, 0xff, 0xff, 0xca, 0x00, 0x00, 0xc4, 0xff, 
    0xff, 0xff, 0xff, 0xff, 0xff, 0xff, 0xff, 0xff, 
    0xff, 0xf2, 0x0a, 0x00, 0x17, 0x9c, 0xf9, 0xff, 
    0xff, 0xff, 0xff, 0xff, 0xff, 0xff, 0xff, 0xff, 
    0x9a, 0x02, 0x00, 0x00, 0x1d, 0xab, 0xff, 0xff, 
    0xff, 0xff, 0xff, 0xff, 0xff, 0xff, 0xff, 0xc3, 
    0x3f, 0x00, 0x00, 0x00, 0xa2, 0xff, 0xff, 0xff, 
    0xff, 0xff, 0xff, 0xff, 0xff, 0xff, 0xff, 0xc0, 
    0x18, 0x00, 0x2b, 0xff, 0xff, 0xff, 0xff, 0xff, 
    0xff, 0xff, 0xff, 0xff, 0xff, 0xff, 0x81, 0x00, 
    0x0c, 0xff, 0xff, 0xff, 0xff, 0xff, 0xff, 0xa6, 
    0x68, 0xd5, 0xfd, 0xe9, 0x38, 0x00, 0x37, 0xff, 
    0xff, 0xff, 0xff, 0xff, 0xff, 0x96, 0x00, 0x00, 
    0x04, 0x00, 0x00, 0x06, 0xc7, 0xff, 0xff, 0xff, 
    0xff, 0xff, 0xff, 0xf4, 0x7a, 0x26, 0x07, 0x1a, 
    0x50, 0xcc, 0xff, 0xff, 0xff, 0xff, 0xff, 0xff, 
    0xff, 0xff, 0xff, 0xff, 0xff, 0xff, 0xff, 0xff, 
    0xff, 0xff, 0xff, 0xff, 0xff, 0xff, 0xff, 0xff, 
    0xff, 0xff, 0xff, 0xff, 0xff, 0xff, 0xff, 0xff, 
    0xff, 0xff, 0xff, 0xff, 0xff, 0xff, 0xff, 0xff, 
    0xff, 0xff, 0xff, 0xff, 0xff, 0xff, 0xff, 0xff, 
    0xff, 0xff, 0xff, 0xff, 0xff, 0xff, 0xff, 0xff, 
    0xff, 0xff, 0xff, 0xff, 0xff, 0xff, 0xff, 0xff, 
    0xff, 0xff, 0xff, 0xff, 0xff, 0xff, 0xff, 0xff, 
    0xff, 0xff, 0xff, 0xff, 0xff, 0xff, 0xff, 0xff, 
    0xff, 0xff, 0xff, 0xff, 0xff, 0xff, 0xff, 0xff, 
    0xff, 0xff, 0xff, 0xff, 0xff, 0xff, 0xff, 0xff, 
    0xff, 0xff, 0xff, 0xff, 0xff, 0xff, 0xff, 0xff, 
    0xff, 0xff, 0xff, 0xff, 0xff, 0xff, 0xff, 0xff, 
    0xff, 0xff, 0xff, 0xff, 0xff, 0xff, 0xff, 0xff, 
    0xff, 0xff, 0xff, 0xff, 0xff, 0xff, 0xff, 0xff, 
    0xff, 0xff, 0xff, 0xff, 0xff, 0xff, 0xff, 0xff, 
    0xff, 0xff, 0xff, 0xff, 0xff, 0xff, 0xff, 0xff, 
    0xff, 0xff, 0xff, 0xff, 0xff, 0xff, 0xff, 0xff, 
    0xff, 0xff, 0xff, 0xff, 0xff, 0xff, 0xff, 0xff, 
    0xff, 0xff, 0xff, 0xff, 0xff, 0xff, 0xff, 0xff, 
    0xff, 0xff, 0xff, 0xff, 0xff, 0xff, 0xff, 0xff, 
    0xff, 0xff, 0xff, 0xff, 0xff, 0xff, 0xff, 0xff, 
    0xff, 0xff, 0xff, 0xff, 0xff, 0xff, 0xff, 0xff, 
    0xff, 0xff, 0xff, 0xff, 0xff, 0xff, 0xff, 0xff, 
    0xff, 0xff, 0xff, 0xff, 0xff, 0xff, 0xff, 0xff, 
    0xff, 0xff, 0xff, 0xff, 0xff, 0xff, 0xff, 0xff, 
    0xff, 0xff, 0xff, 0xff, 0xff, 0xff, 0xff, 0xff, 
    0xff, 0xff, 0xff, 0xff, 0xff, 0xff, 0xff, 0xff, 
    0xff, 0xff, 0xff, 0xff, 0xff, 0xff, 0xff, 0xff, 
    0xff, 0xff, 0xff, 0xff, 0xff, 0xff, 0xff, 0xff, 
    0xff, 0xff, 0xff, 0xff, 0xff, 0xff, 0xff, 0xff, 
    0xff, 0xff, 0xff, 0xff, 0xff, 0xff, 0xff, 0xff, 
    0xff, 0xff, 0xff, 0xff, 0xff, 0xff, 0xff, 0x2a, 
    0x00, 0x00, 0x00, 0x00, 0x00, 0x00, 0x00, 0x41, 
    0xff, 0xff, 0xff, 0xff, 0xff, 0xff, 0x2d, 0x03, 
    0x03, 0x01, 0x00, 0x01, 0x03, 0x03, 0x44, 0xff, 
    0xff, 0xff, 0xff, 0xff, 0xff, 0xff, 0xff, 0xff, 
    0x4b, 0x00, 0x63, 0xff, 0xff, 0xff, 0xff, 0xff, 
    0xff, 0xff, 0xff, 0xff, 0xff, 0xff, 0xff, 0x4b, 
    0x00, 0x63, 0xff, 0xff, 0xff, 0xff, 0xff, 0xff, 
    0xff, 0xff, 0xff, 0xff, 0xff, 0xff, 0x4b, 0x00, 
    0x63, 0xff, 0xff, 0xff, 0xff, 0xff, 0xff, 0xff, 
    0xff, 0xff, 0xff, 0xff, 0xff, 0x4b, 0x00, 0x63, 
    0xff, 0xff, 0xff, 0xff, 0xff, 0xff, 0xff, 0xff, 
    0xff, 0xff, 0xff, 0xff, 0x4b, 0x00, 0x63, 0xff, 
    0xff, 0xff, 0xff, 0xff, 0xff, 0xff, 0xff, 0xff, 
    0xff, 0xff, 0xff, 0x4b, 0x00, 0x63, 0xff, 0xff, 
    0xff, 0xff, 0xff, 0xff, 0xff, 0xff, 0xff, 0xff, 
    0xff, 0xff, 0x4b, 0x00, 0x63, 0xff, 0xff, 0xff, 
    0xff, 0xff, 0xff, 0xff, 0xff, 0xff, 0xff, 0xff, 
    0xff, 0x4b, 0x00, 0x63, 0xff, 0xff, 0xff, 0xff, 
    0xff, 0xff, 0xff, 0xff, 0xff, 0xff, 0xff, 0xff, 
    0x4b, 0x00, 0x63, 0xff, 0xff, 0xff, 0xff, 0xff, 
    0xff, 0xff, 0xff, 0xff, 0xff, 0xff, 0xff, 0x5e, 
    0x03, 0x77, 0xff, 0xff, 0xff, 0xff, 0xff, 0xff, 
    0xff, 0xff, 0xff, 0xff, 0xff, 0xff, 0xff, 0xff, 
    0xff, 0xff, 0xff, 0xff, 0xff, 0xff, 0xff, 0xff, 
    0xff, 0xff, 0xff, 0xff, 0xff, 0xff, 0xff, 0xff, 
    0xff, 0xff, 0xff, 0xff, 0xff, 0xff, 0xff, 0xff, 
    0xff, 0xff, 0xff, 0xff, 0xff, 0xff, 0xff, 0xff, 
    0xff, 0xff, 0xff, 0xff, 0xff, 0xff, 0xff, 0xff, 
    0xff, 0xff, 0xff, 0xff, 0xff, 0xff, 0xff, 0xff, 
    0xff, 0xff, 0xff, 0xff, 0xff, 0xff, 0xff, 0xff, 
    0xff, 0xff, 0xff, 0xff, 0xff, 0xff, 0xff, 0xff, 
    0xff, 0xff, 0xff, 0xff, 0xff, 0xff, 0xff, 0xff, 
    0xff, 0xff, 0xff, 0xff, 0xff, 0xff, 0xff, 0xff, 
    0xff, 0xff, 0xff, 0xff, 0xff, 0xff, 0xff, 0xff, 
    0xff, 0xff, 0xff, 0xff, 0xff, 0xff, 0xff, 0xff, 
    0xff, 0xff, 0xff, 0xff, 0xff, 0xff, 0xff, 0xff, 
    0xff, 0xff, 0xff, 0xff, 0xff, 0xff, 0xff, 0xff, 
    0xff, 0xff, 0xff, 0xff, 0xff, 0xff, 0xff, 0xff, 
    0xff, 0xff, 0xff, 0xff, 0xff, 0xff, 0xff, 0xff, 
    0xff, 0xff, 0xff, 0xff, 0xff, 0xff, 0xff, 0xff, 
    0xff, 0xff, 0xff, 0xff, 0xff, 0xff, 0xff, 0xff, 
    0xff, 0xff, 0xff, 0xff, 0xff, 0xff, 0xff, 0xff, 
    0xff, 0xff, 0xff, 0xff, 0xff, 0xff, 0xff, 0xff, 
    0xff, 0xff, 0xff, 0xff, 0xff, 0xff, 0xff, 0xff, 
    0xff, 0xff, 0xff, 0xff, 0xff, 0xff, 0xff, 0xff, 
    0xff, 0xff, 0xff, 0xff, 0xff, 0xff, 0xff, 0xff, 
    0xff, 0xff, 0xff, 0xff, 0xff, 0xff, 0xff, 0xff, 
    0xff, 0xff, 0xff, 0xff, 0xff, 0xff, 0xff, 0xff, 
    0xff, 0xff, 0xff, 0xff, 0xff, 0xff, 0xff, 0xff, 
    0xff, 0xff, 0xff, 0xff, 0xff, 0xff, 0xff, 0xff, 
    0xff, 0xff, 0xff, 0xff, 0xff, 0xff, 0xff, 0xff, 
    0xff, 0xff, 0xff, 0xff, 0xff, 0xff, 0xff, 0xff, 
    0xff, 0xff, 0xff, 0xff, 0xff, 0xff, 0xff, 0xff, 
    0xff, 0xff, 0xff, 0xff, 0xff, 0xff, 0xff, 0xff, 
    0xff, 0xff, 0xff, 0xff, 0xff, 0xff, 0xff, 0xff, 
    0xff, 0xff, 0xff, 0xff, 0xff, 0xff, 0xff, 0xff, 
    0xff, 0xff, 0xff, 0xff, 0xff, 0xff, 0xff, 0xff, 
    0xff, 0xff, 0xff, 0x4e, 0x03, 0x85, 0xff, 0xff, 
    0xff, 0xff, 0x4e, 0x03, 0x8c, 0xff, 0xff, 0xff, 
    0xff, 0xff, 0xff, 0x3b, 0x00, 0x73, 0xff, 0xff, 
    0xff, 0xff, 0x3b, 0x00, 0x7b, 0xff, 0xff, 0xff, 
    0xff, 0xff, 0xff, 0x3b, 0x00, 0x73, 0xff, 0xff, 
    0xff, 0xff, 0x3b, 0x00, 0x7b, 0xff, 0xff, 0xff, 
    0xff, 0xff, 0xff, 0x3b, 0x00, 0x73, 0xff, 0xff, 
    0xff, 0xff, 0x3b, 0x00, 0x7b, 0xff, 0xff, 0xff, 
    0xff, 0xff, 0xff, 0x3b, 0x00, 0x73, 0xff, 0xff, 
    0xff, 0xff, 0x3b, 0x00, 0x7b, 0xff, 0xff, 0xff, 
    0xff, 0xff, 0xff, 0x3b, 0x00, 0x73, 0xff, 0xff, 
    0xff, 0xff, 0x3b, 0x00, 0x7b, 0xff, 0xff, 0xff, 
    0xff, 0xff, 0xff, 0x3b, 0x00, 0x73, 0xff, 0xff, 
    0xff, 0xff, 0x3b, 0x00, 0x7b, 0xff, 0xff, 0xff, 
    0xff, 0xff, 0xff, 0x3e, 0x00, 0x6b, 0xff, 0xff, 
    0xff, 0xff, 0x35, 0x00, 0x7f, 0xff, 0xff, 0xff, 
    0xff, 0xff, 0xff, 0x53, 0x00, 0x3d, 0xff, 0xff, 
    0xff, 0xf6, 0x0e, 0x00, 0x98, 0xff, 0xff, 0xff, 
    0xff, 0xff, 0xff, 0x96, 0x00, 0x00, 0x88, 0xf0, 
    0xe8, 0x5e, 0x00, 0x03, 0xdf, 0xff, 0xff, 0xff, 
    0xff, 0xff, 0xff, 0xf6, 0x2e, 0x00, 0x00, 0x00, 
    0x00, 0x00, 0x00, 0x7d, 0xff, 0xff, 0xff, 0xff, 
    0xff, 0xff, 0xff, 0xff, 0xf0, 0x73, 0x23, 0x05, 
    0x0c, 0x3b, 0xa6, 0xff, 0xff, 0xff, 0xff, 0xff, 
    0xff, 0xff, 0xff, 0xff, 0xff, 0xff, 0xff, 0xff, 
    0xff, 0xff, 0xff, 0xff, 0xff, 0xff, 0xff, 0xff, 
    0xff, 0xff, 0xff, 0xff, 0xff, 0xff, 0xff, 0xff, 
    0xff, 0xff, 0xff, 0xff, 0xff, 0xff, 0xff, 0xff, 
    0xff, 0xff, 0xff, 0xff, 0xff, 0xff, 0xff, 0xff, 
    0xff, 0xff, 0xff, 0xff, 0xff, 0xff, 0xff, 0xff, 
    0xff, 0xff, 0xff, 0xff, 0xff, 0xff, 0xff, 0xff, 
    0xff, 0xff, 0xff, 0xff, 0xff, 0xff, 0xff, 0xff, 
    0xff, 0xff, 0xff, 0xff, 0xff, 0xff, 0xff, 0xff, 
    0xff, 0xff, 0xff, 0xff, 0xff, 0xff, 0xff, 0xff, 
    0xff, 0xff, 0xff, 0xff, 0xff, 0xff, 0xff, 0xff, 
    0xff, 0xff, 0xff, 0xff, 0xff, 0xff, 0xff, 0xff, 
    0xff, 0xff, 0xff, 0xff, 0xff, 0xff, 0xff, 0xff, 
    0xff, 0xff, 0xff, 0xff, 0xff, 0xff, 0xff, 0xff, 
    0xff, 0xff, 0xff, 0xff, 0xff, 0xff, 0xff, 0xff, 
    0xff, 0xff, 0xff, 0xff, 0xff, 0xff, 0xff, 0xff, 
    0xff, 0xff, 0xff, 0xff, 0xff, 0xff, 0xff, 0xff, 
    0xff, 0xff, 0xff, 0xff, 0xff, 0xff, 0xff, 0xff, 
    0xff, 0xff, 0xff, 0xff, 0xff, 0xff, 0xff, 0xff, 
    0xff, 0xff, 0xff, 0xff, 0xff, 0xff, 0xff, 0xff, 
    0xff, 0xff, 0xff, 0xff, 0xff, 0xff, 0xff, 0xff, 
    0xff, 0xff, 0xff, 0xff, 0xff, 0xff, 0xff, 0xff, 
    0xff, 0xff, 0xff, 0xff, 0xff, 0xff, 0xff, 0xff, 
    0xff, 0xff, 0xff, 0xff, 0xff, 0xff, 0xff, 0xff, 
    0xff, 0xff, 0xff, 0xff, 0xff, 0xff, 0xff, 0xff, 
    0xff, 0xff, 0xff, 0xff, 0xff, 0xff, 0xff, 0xff, 
    0xff, 0xff, 0xff, 0xff, 0xff, 0xff, 0xff, 0xff, 
    0xff, 0xff, 0xff, 0xff, 0xff, 0xff, 0xff, 0xff, 
    0xff, 0xff, 0xff, 0xff, 0xff, 0xff, 0xff, 0xff, 
    0xff, 0xff, 0xff, 0xff, 0xff, 0xff, 0xff, 0xff, 
    0xff, 0xff, 0xff, 0xff, 0xff, 0xff, 0xff, 0xff, 
    0xff, 0xff, 0xff, 0xff, 0xff, 0xff, 0xff, 0xff, 
    0xff, 0xff, 0xff, 0xff, 0xff, 0xff, 0xff, 0xff, 
    0xff, 0xff, 0xff, 0xff, 0xff, 0xff, 0xff, 0xff, 
    0xff, 0xff, 0xff, 0xff, 0xff, 0xff, 0xff, 0xff, 
    0xff, 0xff, 0xff, 0xff, 0xff, 0xff, 0xff, 0xff, 
    0xff, 0xff, 0xff, 0xff, 0xff, 0xff, 0xff, 0xff, 
    0xff, 0xff, 0xff, 0xff, 0xff, 0x50, 0x02, 0x5f, 
    0xff, 0xff, 0xff, 0xff, 0xff, 0x33, 0x02, 0xa8, 
    0xff, 0xff, 0xff, 0xff, 0xff, 0xff, 0x84, 0x00, 
    0x0d, 0xf9, 0xff, 0xff, 0xff, 0xdb, 0x00, 0x00, 
    0xdf, 0xff, 0xff, 0xff, 0xff, 0xff, 0xff, 0xd7, 
    0x00, 0x00, 0xb9, 0xff, 0xff, 0xff, 0x8e, 0x00, 
    0x31, 0xff, 0xff, 0xff, 0xff, 0xff, 0xff, 0xff, 
    0xff, 0x28, 0x00, 0x6b, 0xff, 0xff, 0xff, 0x42, 
    0x00, 0x83, 0xff, 0xff, 0xff, 0xff, 0xff, 0xff, 
    0xff, 0xff, 0x7b, 0x00, 0x1e, 0xff, 0xff, 0xf1, 
    0x05, 0x00, 0xd5, 0xff, 0xff, 0xff, 0xff, 0xff, 
    0xff, 0xff, 0xff, 0xcd, 0x00, 0x00, 0xd0, 0xff, 
    0xa9, 0x00, 0x27, 0xff, 0xff, 0xff, 0xff, 0xff, 
    0xff, 0xff, 0xff, 0xff, 0xff, 0x20, 0x00, 0x82, 
    0xff, 0x5d, 0x00, 0x79, 0xff, 0xff, 0xff, 0xff, 
    0xff, 0xff, 0xff, 0xff, 0xff, 0xff, 0x71, 0x00, 
    0x35, 0xfd, 0x14, 0x00, 0xcb, 0xff, 0xff, 0xff, 
    0xff, 0xff, 0xff, 0xff, 0xff, 0xff, 0xff, 0xc4, 
    0x00, 0x01, 0xab, 0x00, 0x1f, 0xff, 0xff, 0xff, 
    0xff, 0xff, 0xff, 0xff, 0xff, 0xff, 0xff, 0xff, 
    0xfe, 0x18, 0x00, 0x1d, 0x00, 0x70, 0xff, 0xff, 
    0xff, 0xff, 0xff, 0xff, 0xff, 0xff, 0xff, 0xff, 
    0xff, 0xff, 0x68, 0x00, 0x00, 0x00, 0xc2, 0xff, 
    0xff, 0xff, 0xff, 0xff, 0xff, 0xff, 0xff, 0xff, 
    0xff, 0xff, 0xff, 0xc1, 0x05, 0x00, 0x22, 0xfd, 
    0xff, 0xff, 0xff, 0xff, 0xff, 0xff, 0xff, 0xff, 
    0xff, 0xff, 0xff, 0xff, 0xff, 0xff, 0xff, 0xff, 
    0xff, 0xff, 0xff, 0xff, 0xff, 0xff, 0xff, 0xff, 
    0xff, 0xff, 0xff, 0xff, 0xff, 0xff, 0xff, 0xff, 
    0xff, 0xff, 0xff, 0xff, 0xff, 0xff, 0xff, 0xff, 
    0xff, 0xff, 0xff, 0xff, 0xff, 0xff, 0xff, 0xff, 
    0xff, 0xff, 0xff, 0xff, 0xff, 0xff, 0xff, 0xff, 
    0xff, 0xff, 0xff, 0xff, 0xff, 0xff, 0xff, 0xff, 
    0xff, 0xff, 0xff, 0xff, 0xff, 0xff, 0xff, 0xff, 
    0xff, 0xff, 0xff, 0xff, 0xff, 0xff, 0xff, 0xff, 
    0xff, 0xff, 0xff, 0xff, 0xff, 0xff, 0xff, 0xff, 
    0xff, 0xff, 0xff, 0xff, 0xff, 0xff, 0xff, 0xff, 
    0xff, 0xff, 0xff, 0xff, 0xff, 0xff, 0xff, 0xff, 
    0xff, 0xff, 0xff, 0xff, 0xff, 0xff, 0xff, 0xff, 
    0xff, 0xff, 0xff, 0xff, 0xff, 0xff, 0xff, 0xff, 
    0xff, 0xff, 0xff, 0xff, 0xff, 0xff, 0xff, 0xff, 
    0xff, 0xff, 0xff, 0xff, 0xff, 0xff, 0xff, 0xff, 
    0xff, 0xff, 0xff, 0xff, 0xff, 0xff, 0xff, 0xff, 
    0xff, 0xff, 0xff, 0xff, 0xff, 0xff, 0xff, 0xff, 
    0xff, 0xff, 0xff, 0xff, 0xff, 0xff, 0xff, 0xff, 
    0xff, 0xff, 0xff, 0xff, 0xff, 0xff, 0xff, 0xff, 
    0xff, 0xff, 0xff, 0xff, 0xff, 0xff, 0xff, 0xff, 
    0xff, 0xff, 0xff, 0xff, 0xff, 0xff, 0xff, 0xff, 
    0xff, 0xff, 0xff, 0xff, 0xff, 0xff, 0xff, 0xff, 
    0xff, 0xff, 0xff, 0xff, 0xff, 0xff, 0xff, 0xff, 
    0xff, 0xff, 0xff, 0xff, 0xff, 0xff, 0xff, 0xff, 
    0xff, 0xff, 0xff, 0xff, 0xff, 0xff, 0xff, 0xff, 
    0xff, 0xff, 0xff, 0xff, 0xff, 0xff, 0xff, 0xff, 
    0xff, 0xff, 0xff, 0xff, 0xff, 0xff, 0xff, 0xff, 
    0xff, 0xff, 0xff, 0xff, 0xff, 0xff, 0xff, 0xff, 
    0xff, 0xff, 0xff, 0xff, 0xff, 0xff, 0xff, 0xff, 
    0xff, 0xff, 0xff, 0xff, 0xff, 0xff, 0xff, 0xff, 
    0xff, 0xff, 0xff, 0xff, 0xff, 0xff, 0xff, 0xff, 
    0xff, 0xff, 0xff, 0xff, 0xff, 0xff, 0xff, 0xff, 
    0xff, 0xff, 0xff, 0xff, 0xff, 0xff, 0xff, 0xff, 
    0xff, 0xff, 0xff, 0xff, 0xff, 0xff, 0xff, 0xff, 
    0xff, 0xff, 0xff, 0xff, 0xff, 0xff, 0xff, 0xff, 
    0xff, 0xff, 0xff, 0xff, 0xff, 0xff, 0xff, 0xff, 
    0xff, 0xff, 0xff, 0xff, 0xff, 0xff, 0xff, 0xff, 
    0xff, 0xff, 0xff, 0xff, 0xff, 0xff, 0xff, 0xff, 
    0xff, 0xff, 0xff, 0xff, 0xff, 0xff, 0xff, 0xff, 
    0xff, 0xff, 0xff, 0xff, 0xff, 0xff, 0xff, 0xff, 
    0xff, 0xff, 0xff, 0xff, 0xff, 0xff, 0xff, 0xff, 
    0xff, 0xff, 0xff, 0xff, 0xff, 0xff, 0xff, 0xff, 
    0xff, 0xff, 0xff, 0xff, 0xff, 0xff, 0xff, 0xff, 
    0xff, 0xff, 0xff, 0xff, 0xff, 0x79, 0x01, 0x38, 
    0xff, 0xff, 0xff, 0xe6, 0x10, 0x00, 0x85, 0xff, 
    0xff, 0xff, 0xba, 0x06, 0x2d, 0xff, 0xff, 0xff, 
    0xff, 0xff, 0xff, 0x99, 0x00, 0x04, 0xf6, 0xff, 
    0xff, 0xa8, 0x00, 0x00, 0x3d, 0xff, 0xff, 0xff, 
    0x77, 0x00, 0x4d, 0xff, 0xff, 0xff, 0xff, 0xff, 
    0xff, 0xd9, 0x00, 0x00, 0xc2, 0xff, 0xff, 0x6d, 
    0x00, 0x00, 0x08, 0xf9, 0xff, 0xff, 0x3f, 0x00, 
    0x8e, 0xff, 0xff, 0xff, 0xff, 0xff, 0xff, 0xff, 
    0x1a, 0x00, 0x89, 0xff, 0xff, 0x33, 0x00, 0x03, 
    0x00, 0xc4, 0xff, 0xfc, 0x0b, 0x00, 0xcf, 0xff, 
    0xff, 0xff, 0xff, 0xff, 0xff, 0xff, 0x59, 0x00, 
    0x51, 0xff, 0xf5, 0x04, 0x16, 0x43, 0x00, 0x88, 
    0xff, 0xce, 0x00, 0x12, 0xfd, 0xff, 0xff, 0xff, 
    0xff, 0xff, 0xff, 0xff, 0x99, 0x00, 0x19, 0xff, 
    0xbe, 0x00, 0x50, 0x81, 0x00, 0x4b, 0xff, 0x96, 
    0x00, 0x51, 0xff, 0xff, 0xff, 0xff, 0xff, 0xff, 
    0xff, 0xff, 0xd9, 0x00, 0x00, 0xe1, 0x84, 0x00, 
    0x8a, 0xbf, 0x00, 0x11, 0xfe, 0x5d, 0x00, 0x92, 
    0xff, 0xff, 0xff, 0xff, 0xff, 0xff, 0xff, 0xff, 
    0xff, 0x1a, 0x00, 0xa9, 0x49, 0x00, 0xc4, 0xf7, 
    0x06, 0x00, 0xd2, 0x25, 0x00, 0xd3, 0xff, 0xff, 
    0xff, 0xff, 0xff, 0xff, 0xff, 0xff, 0xff, 0x59, 
    0x00, 0x70, 0x11, 0x07, 0xf8, 0xff, 0x3b, 0x00, 
    0x83, 0x00, 0x15, 0xfe, 0xff, 0xff, 0xff, 0xff, 
    0xff, 0xff, 0xff, 0xff, 0xff, 0x99, 0x00, 0x16, 
    0x00, 0x39, 0xff, 0xff, 0x79, 0x00, 0x16, 0x00, 
    0x55, 0xff, 0xff, 0xff, 0xff, 0xff, 0xff, 0xff, 
    0xff, 0xff, 0xff, 0xd9, 0x00, 0x00, 0x00, 0x73, 
    0xff, 0xff, 0xb7, 0x00, 0x00, 0x00, 0x96, 0xff, 
    0xff, 0xff, 0xff, 0xff, 0xff, 0xff, 0xff, 0xff, 
    0xff, 0xff, 0x31, 0x01, 0x0a, 0xbe, 0xff, 0xff, 
    0xf3, 0x18, 0x00, 0x12, 0xde, 0xff, 0xff, 0xff, 
    0xff, 0xff, 0xff, 0xff, 0xff, 0xff, 0xff, 0xff, 
    0xff, 0xff, 0xff, 0xff, 0xff, 0xff, 0xff, 0xff, 
    0xff, 0xff, 0xff, 0xff, 0xff, 0xff, 0xff, 0xff, 
    0xff, 0xff, 0xff, 0xff, 0xff, 0xff, 0xff, 0xff, 
    0xff, 0xff, 0xff, 0xff, 0xff, 0xff, 0xff, 0xff, 
    0xff, 0xff, 0xff, 0xff, 0xff, 0xff, 0xff, 0xff, 
    0xff, 0xff, 0xff, 0xff, 0xff, 0xff, 0xff, 0xff, 
    0xff, 0xff, 0xff, 0xff, 0xff, 0xff, 0xff, 0xff, 
    0xff, 0xff, 0xff, 0xff, 0xff, 0xff, 0xff, 0xff, 
    0xff, 0xff, 0xff, 0xff, 0xff, 0xff, 0xff, 0xff, 
    0xff, 0xff, 0xff, 0xff, 0xff, 0xff, 0xff, 0xff, 
    0xff, 0xff, 0xff, 0xff, 0xff, 0xff, 0xff, 0xff, 
    0xff, 0xff, 0xff, 0xff, 0xff, 0xff, 0xff, 0xff, 
    0xff, 0xff, 0xff, 0xff, 0xff, 0xff, 0xff, 0xff, 
    0xff, 0xff, 0xff, 0xff, 0xff, 0xff, 0xff, 0xff, 
    0xff, 0xff, 0xff, 0xff, 0xff, 0xff, 0xff, 0xff, 
    0xff, 0xff, 0xff, 0xff, 0xff, 0xff, 0xff, 0xff, 
    0xff, 0xff, 0xff, 0xff, 0xff, 0xff, 0xff, 0xff, 
    0xff, 0xff, 0xff, 0xff, 0xff, 0xff, 0xff, 0xff, 
    0xff, 0xff, 0xff, 0xff, 0xff, 0xff, 0xff, 0xff, 
    0xff, 0xff, 0xff, 0xff, 0xff, 0xff, 0xff, 0xff, 
    0xff, 0xff, 0xff, 0xff, 0xff, 0xff, 0xff, 0xff, 
    0xff, 0xff, 0xff, 0xff, 0xff, 0xff, 0xff, 0xff, 
    0xff, 0xff, 0xff, 0xff, 0xff, 0xff, 0xff, 0xff, 
    0xff, 0xff, 0xff, 0xff, 0xff, 0xff, 0xff, 0xff, 
    0xff, 0xff, 0xff, 0xff, 0xff, 0xff, 0xff, 0xff, 
    0xff, 0xff, 0xff, 0xff, 0xff, 0xff, 0xff, 0xff, 
    0xff, 0xff, 0xff, 0xff, 0xff, 0xff, 0xff, 0xff, 
    0xff, 0xff, 0xff, 0xff, 0xff, 0xff, 0xff, 0xff, 
    0xff, 0xff, 0xff, 0xff, 0xff, 0xff, 0xff, 0xff, 
    0xff, 0xff, 0xff, 0xff, 0xff, 0xff, 0xff, 0xff, 
    0xff, 0xff, 0xff, 0xff, 0xff, 0xff, 0xff, 0xff, 
    0xff, 0xff, 0xff, 0xff, 0xff, 0xff, 0xff, 0xff, 
    0xff, 0xff, 0xff, 0xff, 0xff, 0xff, 0xff, 0xff, 
    0xff, 0xff, 0xff, 0xff, 0xff, 0xff, 0xff, 0xff, 
    0xff, 0xff, 0xff, 0xff, 0xff, 0xff, 0xff, 0xff, 
    0xff, 0xff, 0xff, 0xff, 0xff, 0xff, 0xff, 0xff, 
    0xff, 0xff, 0xff, 0xff, 0xff, 0xff, 0xff, 0xff, 
    0xff, 0xff, 0xff, 0xff, 0xff, 0xff, 0xff, 0xff, 
    0xff, 0xff, 0xff, 0xff, 0xff, 0xff, 0xff, 0xff, 
    0xff, 0xff, 0xff, 0xff, 0xff, 0xff, 0xff, 0xff, 
    0xff, 0xff, 0xff, 0xff, 0xff, 0xff, 0xff, 0xff, 
    0xff, 0xff, 0xff, 0xff, 0xff, 0xa4, 0x03, 0x0e, 
    0xd8, 0xff, 0xff, 0xe9, 0x15, 0x03, 0xbb, 0xff, 
    0xff, 0xff, 0xff, 0xff, 0xff, 0xf2, 0x13, 0x00, 
    0x59, 0xff, 0xff, 0x75, 0x00, 0x20, 0xfa, 0xff, 
    0xff, 0xff, 0xff, 0xff, 0xff, 0xff, 0x8a, 0x00, 
    0x02, 0xd5, 0xec, 0x0c, 0x00, 0xa0, 0xff, 0xff, 
    0xff, 0xff, 0xff, 0xff, 0xff, 0xff, 0xf6, 0x19, 
    0x00, 0x55, 0x79, 0x00, 0x29, 0xfc, 0xff, 0xff, 
    0xff, 0xff, 0xff, 0xff, 0xff, 0xff, 0xff, 0x94, 
    0x00, 0x01, 0x0a, 0x00, 0xac, 0xff, 0xff, 0xff, 
    0xff, 0xff, 0xff, 0xff, 0xff, 0xff, 0xff, 0xf9, 
    0x1d, 0x00, 0x00, 0x2e, 0xfe, 0xff, 0xff, 0xff, 
    0xff, 0xff, 0xff, 0xff, 0xff, 0xff, 0xff, 0xe6, 
    0x09, 0x00, 0x00, 0x11, 0xf0, 0xff, 0xff, 0xff, 
    0xff, 0xff, 0xff, 0xff, 0xff, 0xff, 0xff, 0x68, 
    0x00, 0x2e, 0x0b, 0x00, 0x7c, 0xff, 0xff, 0xff, 
    0xff, 0xff, 0xff, 0xff, 0xff, 0xff, 0xdd, 0x05, 
    0x00, 0xb5, 0x74, 0x00, 0x0c, 0xeb, 0xff, 0xff, 
    0xff, 0xff, 0xff, 0xff, 0xff, 0xff, 0x5c, 0x00, 
    0x34, 0xff, 0xea, 0x0b, 0x00, 0x73, 0xff, 0xff, 
    0xff, 0xff, 0xff, 0xff, 0xff, 0xd4, 0x02, 0x00, 
    0xb3, 0xff, 0xff, 0x74, 0x00, 0x09, 0xe5, 0xff, 
    0xff, 0xff, 0xff, 0xff, 0xff, 0x74, 0x01, 0x3d, 
    0xff, 0xff, 0xff, 0xea, 0x16, 0x02, 0x91, 0xff, 
    0xff, 0xff, 0xff, 0xff, 0xff, 0xff, 0xff, 0xff, 
    0xff, 0xff, 0xff, 0xff, 0xff, 0xff, 0xff, 0xff, 
    0xff, 0xff, 0xff, 0xff, 0xff, 0xff, 0xff, 0xff, 
    0xff, 0xff, 0xff, 0xff, 0xff, 0xff, 0xff, 0xff, 
    0xff, 0xff, 0xff, 0xff, 0xff, 0xff, 0xff, 0xff, 
    0xff, 0xff, 0xff, 0xff, 0xff, 0xff, 0xff, 0xff, 
    0xff, 0xff, 0xff, 0xff, 0xff, 0xff, 0xff, 0xff, 
    0xff, 0xff, 0xff, 0xff, 0xff, 0xff, 0xff, 0xff, 
    0xff, 0xff, 0xff, 0xff, 0xff, 0xff, 0xff, 0xff, 
    0xff, 0xff, 0xff, 0xff, 0xff, 0xff, 0xff, 0xff, 
    0xff, 0xff, 0xff, 0xff, 0xff, 0xff, 0xff, 0xff, 
    0xff, 0xff, 0xff, 0xff, 0xff, 0xff, 0xff, 0xff, 
    0xff, 0xff, 0xff, 0xff, 0xff, 0xff, 0xff, 0xff, 
    0xff, 0xff, 0xff, 0xff, 0xff, 0xff, 0xff, 0xff, 
    0xff, 0xff, 0xff, 0xff, 0xff, 0xff, 0xff, 0xff, 
    0xff, 0xff, 0xff, 0xff, 0xff, 0xff, 0xff, 0xff, 
    0xff, 0xff, 0xff, 0xff, 0xff, 0xff, 0xff, 0xff, 
    0xff, 0xff, 0xff, 0xff, 0xff, 0xff, 0xff, 0xff, 
    0xff, 0xff, 0xff, 0xff, 0xff, 0xff, 0xff, 0xff, 
    0xff, 0xff, 0xff, 0xff, 0xff, 0xff, 0xff, 0xff, 
    0xff, 0xff, 0xff, 0xff, 0xff, 0xff, 0xff, 0xff, 
    0xff, 0xff, 0xff, 0xff, 0xff, 0xff, 0xff, 0xff, 
    0xff, 0xff, 0xff, 0xff, 0xff, 0xff, 0xff, 0xff, 
    0xff, 0xff, 0xff, 0xff, 0xff, 0xff, 0xff, 0xff, 
    0xff, 0xff, 0xff, 0xff, 0xff, 0xff, 0xff, 0xff, 
    0xff, 0xff, 0xff, 0xff, 0xff, 0xff, 0xff, 0xff, 
    0xff, 0xff, 0xff, 0xff, 0xff, 0xff, 0xff, 0xff, 
    0xff, 0xff, 0xff, 0xff, 0xff, 0xff, 0xff, 0xff, 
    0xff, 0xff, 0xff, 0xff, 0xff, 0xff, 0xff, 0xff, 
    0xff, 0xff, 0xff, 0xff, 0xff, 0xff, 0xff, 0xff, 
    0xff, 0xff, 0xff, 0xff, 0xff, 0xff, 0xff, 0xff, 
    0xff, 0xff, 0xff, 0xff, 0xff, 0xff, 0xff, 0xff, 
    0xff, 0xff, 0xff, 0xff, 0xff, 0xff, 0xff, 0xff, 
    0xff, 0xff, 0xff, 0xff, 0xff, 0xff, 0xff, 0xff, 
    0xff, 0xff, 0xff, 0xff, 0xff, 0xff, 0xff, 0xff, 
    0xff, 0xff, 0xff, 0xff, 0xff, 0xff, 0xff, 0xff, 
    0xff, 0xff, 0xff, 0xff, 0xff, 0x4f, 0x01, 0x4a, 
    0xff, 0xff, 0xff, 0xb1, 0x06, 0x09, 0xed, 0xff, 
    0xff, 0xff, 0xff, 0xff, 0xff, 0xaa, 0x00, 0x00, 
    0xce, 0xff, 0xff, 0x3d, 0x00, 0x4f, 0xff, 0xff, 
    0xff, 0xff, 0xff, 0xff, 0xff, 0xfd, 0x28, 0x00, 
    0x5f, 0xff, 0xd0, 0x00, 0x00, 0xc9, 0xff, 0xff, 
    0xff, 0xff, 0xff, 0xff, 0xff, 0xff, 0xa0, 0x00, 
    0x07, 0xea, 0x63, 0x00, 0x45, 0xff, 0xff, 0xff, 
    0xff, 0xff, 0xff, 0xff, 0xff, 0xff, 0xfb, 0x1f, 
    0x00, 0x80, 0x0b, 0x00, 0xbf, 0xff, 0xff, 0xff, 
    0xff, 0xff, 0xff, 0xff, 0xff, 0xff, 0xff, 0x95, 
    0x00, 0x05, 0x00, 0x3a, 0xff, 0xff, 0xff, 0xff, 
    0xff, 0xff, 0xff, 0xff, 0xff, 0xff, 0xff, 0xf7, 
    0x18, 0x00, 0x00, 0xb5, 0xff, 0xff, 0xff, 0xff, 
    0xff, 0xff, 0xff, 0xff, 0xff, 0xff, 0xff, 0xff, 
    0x78, 0x00, 0x1c, 0xff, 0xff, 0xff, 0xff, 0xff, 
    0xff, 0xff, 0xff, 0xff, 0xff, 0xff, 0xff, 0xff, 
    0x83, 0x00, 0x27, 0xff, 0xff, 0xff, 0xff, 0xff, 
    0xff, 0xff, 0xff, 0xff, 0xff, 0xff, 0xff, 0xff, 
    0x83, 0x00, 0x27, 0xff, 0xff, 0xff, 0xff, 0xff, 
    0xff, 0xff, 0xff, 0xff, 0xff, 0xff, 0xff, 0xff, 
    0x83, 0x00, 0x27, 0xff, 0xff, 0xff, 0xff, 0xff, 
    0xff, 0xff, 0xff, 0xff, 0xff, 0xff, 0xff, 0xff, 
    0x94, 0x04, 0x3c, 0xff, 0xff, 0xff, 0xff, 0xff, 
    0xff, 0xff, 0xff, 0xff, 0xff, 0xff, 0xff, 0xff, 
    0xff, 0xff, 0xff, 0xff, 0xff, 0xff, 0xff, 0xff, 
    0xff, 0xff, 0xff, 0xff, 0xff, 0xff, 0xff, 0xff, 
    0xff, 0xff, 0xff, 0xff, 0xff, 0xff, 0xff, 0xff, 
    0xff, 0xff, 0xff, 0xff, 0xff, 0xff, 0xff, 0xff, 
    0xff, 0xff, 0xff, 0xff, 0xff, 0xff, 0xff, 0xff, 
    0xff, 0xff, 0xff, 0xff, 0xff, 0xff, 0xff, 0xff, 
    0xff, 0xff, 0xff, 0xff, 0xff, 0xff, 0xff, 0xff, 
    0xff, 0xff, 0xff, 0xff, 0xff, 0xff, 0xff, 0xff, 
    0xff, 0xff, 0xff, 0xff, 0xff, 0xff, 0xff, 0xff, 
    0xff, 0xff, 0xff, 0xff, 0xff, 0xff, 0xff, 0xff, 
    0xff, 0xff, 0xff, 0xff, 0xff, 0xff, 0xff, 0xff, 
    0xff, 0xff, 0xff, 0xff, 0xff, 0xff, 0xff, 0xff, 
    0xff, 0xff, 0xff, 0xff, 0xff, 0xff, 0xff, 0xff, 
    0xff, 0xff, 0xff, 0xff, 0xff, 0xff, 0xff, 0xff, 
    0xff, 0xff, 0xff, 0xff, 0xff, 0xff, 0xff, 0xff, 
    0xff, 0xff, 0xff, 0xff, 0xff, 0xff, 0xff, 0xff, 
    0xff, 0xff, 0xff, 0xff, 0xff, 0xff, 0xff, 0xff, 
    0xff, 0xff, 0xff, 0xff, 0xff, 0xff, 0xff, 0xff, 
    0xff, 0xff, 0xff, 0xff, 0xff, 0xff, 0xff, 0xff, 
    0xff, 0xff, 0xff, 0xff, 0xff, 0xff, 0xff, 0xff, 
    0xff, 0xff, 0xff, 0xff, 0xff, 0xff, 0xff, 0xff, 
    0xff, 0xff, 0xff, 0xff, 0xff, 0xff, 0xff, 0xff, 
    0xff, 0xff, 0xff, 0xff, 0xff, 0xff, 0xff, 0xff, 
    0xff, 0xff, 0xff, 0xff, 0xff, 0xff, 0xff, 0xff, 
    0xff, 0xff, 0xff, 0xff, 0xff, 0xff, 0xff, 0xff, 
    0xff, 0xff, 0xff, 0xff, 0xff, 0xff, 0xff, 0xff, 
    0xff, 0xff, 0xff, 0xff, 0xff, 0xff, 0xff, 0xff, 
    0xff, 0xff, 0xff, 0xff, 0xff, 0xff, 0xff, 0xff, 
    0xff, 0xff, 0xff, 0xff, 0xff, 0xff, 0xff, 0xff, 
    0xff, 0xff, 0xff, 0xff, 0xff, 0xff, 0xff, 0xff, 
    0xff, 0xff, 0xff, 0xff, 0xff, 0xff, 0xff, 0xff, 
    0xff, 0xff, 0xff, 0xff, 0xff, 0xff, 0xff, 0xff, 
    0xff, 0xff, 0xff, 0xff, 0xff, 0xff, 0xff, 0xff, 
    0xff, 0xff, 0xff, 0xff, 0xff, 0xff, 0xff, 0xff, 
    0xff, 0xff, 0xff, 0xa7, 0x00, 0x00, 0x00, 0x00, 
    0x00, 0x00, 0x2a, 0xff, 0xff, 0xff, 0xff, 0xff, 
    0xff, 0xff, 0xae, 0x13, 0x13, 0x13, 0x13, 0x06, 
    0x00, 0x10, 0xff, 0xff, 0xff, 0xff, 0xff, 0xff, 
    0xff, 0xff, 0xff, 0xff, 0xff, 0xee, 0x15, 0x00, 
    0x61, 0xff, 0xff, 0xff, 0xff, 0xff, 0xff, 0xff, 
    0xff, 0xff, 0xff, 0xff, 0x6a, 0x00, 0x0f, 0xe8, 
    0xff, 0xff, 0xff, 0xff, 0xff, 0xff, 0xff, 0xff, 
    0xff, 0xff, 0xcf, 0x03, 0x00, 0x90, 0xff, 0xff, 
    0xff, 0xff, 0xff, 0xff, 0xff, 0xff, 0xff, 0xff, 
    0xfe, 0x3b, 0x00, 0x2c, 0xfb, 0xff, 0xff, 0xff, 
    0xff, 0xff, 0xff, 0xff, 0xff, 0xff, 0xff, 0xa0, 
    0x00, 0x00, 0xc0, 0xff, 0xff, 0xff, 0xff, 0xff, 
    0xff, 0xff, 0xff, 0xff, 0xff, 0xf0, 0x17, 0x00, 
    0x59, 0xff, 0xff, 0xff, 0xff, 0xff, 0xff, 0xff, 
    0xff, 0xff, 0xff, 0xff, 0x6f, 0x00, 0x0c, 0xe5, 
    0xff, 0xff, 0xff, 0xff, 0xff, 0xff, 0xff, 0xff, 
    0xff, 0xff, 0xd5, 0x04, 0x00, 0x8a, 0xff, 0xff, 
    0xff, 0xff, 0xff, 0xff, 0xff, 0xff, 0xff, 0xff, 
    0xff, 0x7c, 0x00, 0x00, 0x0d, 0x0f, 0x0f, 0x0f, 
    0x11, 0xd8, 0xff, 0xff, 0xff, 0xff, 0xff, 0xff, 
    0x99, 0x01, 0x00, 0x00, 0x00, 0x00, 0x00, 0x00, 
    0xd3, 0xff, 0xff, 0xff, 0xff, 0xff, 0xff, 0xff, 
    0xff, 0xff, 0xff, 0xff, 0xff, 0xff, 0xff, 0xff, 
    0xff, 0xff, 0xff, 0xff, 0xff, 0xff, 0xff, 0xff, 
    0xff, 0xff, 0xff, 0xff, 0xff, 0xff, 0xff, 0xff, 
    0xff, 0xff, 0xff, 0xff, 0xff, 0xff, 0xff, 0xff, 
    0xff, 0xff, 0xff, 0xff, 0xff, 0xff, 0xff, 0xff, 
    0xff, 0xff, 0xff, 0xff, 0xff, 0xff, 0xff, 0xff, 
    0xff, 0xff, 0xff, 0xff, 0xff, 0xff, 0xff, 0xff, 
    0xff, 0xff, 0xff, 0xff, 0xff, 0xff, 0xff, 0xff, 
    0xff, 0xff, 0xff, 0xff, 0xff, 0xff, 0xff, 0xff, 
    0xff, 0xff, 0xff, 0xff, 0xff, 0xff, 0xff, 0xff, 
    0xff, 0xff, 0xff, 0xff, 0xff, 0xff, 0xff, 0xff, 
    0xff, 0xff, 0xff, 0xff, 0xff, 0xff, 0xff, 0xff, 
    0xff, 0xff, 0xff, 0xff, 0xff, 0xff, 0xff, 0xff, 
    0xff, 0xff, 0xff, 0xff, 0xff, 0xff, 0xff, 0xff, 
    0xff, 0xff, 0xff, 0xff, 0xff, 0xff, 0xff, 0xff, 
    0xff, 0xff, 0xff, 0xff, 0xff, 0xff, 0xff, 0xff, 
    0xff, 0xff, 0xff, 0xff, 0xff, 0xff, 0xff, 0xff, 
    0xff, 0xff, 0xff, 0xff, 0xff, 0xff, 0xff, 0xff, 
    0xff, 0xff, 0xff, 0xff, 0xff, 0xff, 0xff, 0xff, 
    0xff, 0xff, 0xff, 0xff, 0xff, 0xff, 0xff, 0xff, 
    0xff, 0xff, 0xff, 0xff, 0xff, 0xff, 0xff, 0xff, 
    0xff, 0xff, 0xff, 0xff, 0xff, 0xff, 0xff, 0xff, 
    0xff, 0xff, 0xff, 0xff, 0xff, 0xff, 0xff, 0xff, 
    0xff, 0xff, 0xff, 0xff, 0xff, 0xff, 0xff, 0xff, 
    0xff, 0xff, 0xff, 0xff, 0xff, 0xff, 0xff, 0xff, 
    0xff, 0xff, 0xff, 0xff, 0xff, 0xff, 0xff, 0xff, 
    0xff, 0xff, 0xff, 0xff, 0xff, 0xff, 0xff, 0xff, 
    0xff, 0xff, 0x7a, 0x00, 0x00, 0x03, 0xf3, 0xff, 
    0xff, 0xff, 0xff, 0xff, 0xff, 0x5f, 0x00, 0x30, 
    0x5d, 0xfa, 0xff, 0xff, 0xff, 0xff, 0xff, 0xff, 
    0x5f, 0x00, 0x8b, 0xff, 0xff, 0xff, 0xff, 0xff, 
    0xff, 0xff, 0xff, 0x5f, 0x00, 0x8b, 0xff, 0xff, 
    0xff, 0xff, 0xff, 0xff, 0xff, 0xff, 0x5f, 0x00, 
    0x8b, 0xff, 0xff, 0xff, 0xff, 0xff, 0xff, 0xff, 
    0xff, 0x5f, 0x00, 0x8b, 0xff, 0xff, 0xff, 0xff, 
    0xff, 0xff, 0xff, 0xff, 0x5f, 0x00, 0x8b, 0xff, 
    0xff, 0xff, 0xff, 0xff, 0xff, 0xff, 0xff, 0x5f, 
    0x00, 0x8b, 0xff, 0xff, 0xff, 0xff, 0xff, 0xff, 
    0xff, 0xff, 0x5f, 0x00, 0x8b, 0xff, 0xff, 0xff, 
    0xff, 0xff, 0xff, 0xff, 0xff, 0x5f, 0x00, 0x8b, 
    0xff, 0xff, 0xff, 0xff, 0xff, 0xff, 0xff, 0xff, 
    0x5f, 0x00, 0x8b, 0xff, 0xff, 0xff, 0xff, 0xff, 
    0xff, 0xff, 0xff, 0x5f, 0x00, 0x8b, 0xff, 0xff, 
    0xff, 0xff, 0xff, 0xff, 0xff, 0xff, 0x5f, 0x00, 
    0x8b, 0xff, 0xff, 0xff, 0xff, 0xff, 0xff, 0xff, 
    0xff, 0x5f, 0x00, 0x8b, 0xff, 0xff, 0xff, 0xff, 
    0xff, 0xff, 0xff, 0xff, 0x5f, 0x00, 0x32, 0x5f, 
    0xfa, 0xff, 0xff, 0xff, 0xff, 0xff, 0xff, 0x78, 
    0x00, 0x00, 0x05, 0xf3, 0xff, 0xff, 0xff, 0xff, 
    0xff, 0xff, 0xff, 0xff, 0xff, 0xff, 0xff, 0xff, 
    0xff, 0xff, 0xff, 0xff, 0xff, 0xff, 0xff, 0xff, 
    0xff, 0xff, 0xff, 0xff, 0xff, 0xff, 0xff, 0xff, 
    0xff, 0xff, 0xff, 0xff, 0xff, 0xff, 0xff, 0xff, 
    0xff, 0xff, 0xff, 0xff, 0xff, 0xff, 0xff, 0xff, 
    0xff, 0xff, 0xff, 0xff, 0xff, 0xff, 0xff, 0xff, 
    0xff, 0xff, 0xff, 0xff, 0xff, 0xff, 0xff, 0xff, 
    0xff, 0xff, 0xff, 0xff, 0xff, 0xff, 0xff, 0xff, 
    0xff, 0xff, 0xff, 0xff, 0xff, 0xff, 0xff, 0xff, 
    0xff, 0xff, 0xff, 0xff, 0xff, 0xff, 0xff, 0xff, 
    0xff, 0xff, 0xff, 0xff, 0xff, 0xff, 0xff, 0xff, 
    0xff, 0xff, 0xff, 0xff, 0xff, 0xff, 0xff, 0xff, 
    0xff, 0xff, 0xff, 0xff, 0xff, 0xff, 0xff, 0xff, 
    0xff, 0xff, 0xff, 0xff, 0xff, 0xff, 0xff, 0xff, 
    0xff, 0xff, 0xff, 0xff, 0xff, 0xff, 0xff, 0xff, 
    0xff, 0xff, 0xff, 0xff, 0xff, 0xff, 0xff, 0xff, 
    0xff, 0xff, 0xff, 0xff, 0xff, 0xff, 0xff, 0xff, 
    0xff, 0xff, 0xff, 0xff, 0xff, 0xff, 0xff, 0xff, 
    0xff, 0xff, 0xff, 0xff, 0xff, 0xff, 0xff, 0xff, 
    0xff, 0xff, 0xff, 0xff, 0xff, 0xff, 0xff, 0xff, 
    0xff, 0xff, 0xff, 0xff, 0xff, 0xff, 0xff, 0xff, 
    0xff, 0xff, 0xff, 0xff, 0xff, 0xff, 0xff, 0xff, 
    0xff, 0xff, 0xff, 0xff, 0xff, 0xff, 0xff, 0x5d, 
    0x02, 0x8b, 0xff, 0xff, 0xff, 0xff, 0xff, 0xff, 
    0xff, 0xff, 0xff, 0xff, 0xff, 0x9e, 0x00, 0x29, 
    0xff, 0xff, 0xff, 0xff, 0xff, 0xff, 0xff, 0xff, 
    0xff, 0xff, 0xff, 0xf0, 0x07, 0x00, 0xd1, 0xff, 
    0xff, 0xff, 0xff, 0xff, 0xff, 0xff, 0xff, 0xff, 
    0xff, 0xff, 0x4f, 0x00, 0x79, 0xff, 0xff, 0xff, 
    0xff, 0xff, 0xff, 0xff, 0xff, 0xff, 0xff, 0xff, 
    0xa7, 0x00, 0x21, 0xff, 0xff, 0xff, 0xff, 0xff, 
    0xff, 0xff, 0xff, 0xff, 0xff, 0xff, 0xf5, 0x0b, 
    0x00, 0xc8, 0xff, 0xff, 0xff, 0xff, 0xff, 0xff, 
    0xff, 0xff, 0xff, 0xff, 0xff, 0x57, 0x00, 0x6f, 
    0xff, 0xff, 0xff, 0xff, 0xff, 0xff, 0xff, 0xff, 
    0xff, 0xff, 0xff, 0xaf, 0x00, 0x19, 0xfd, 0xff, 
    0xff, 0xff, 0xff, 0xff, 0xff, 0xff, 0xff, 0xff, 
    0xff, 0xf8, 0x0f, 0x00, 0xbe, 0xff, 0xff, 0xff, 
    0xff, 0xff, 0xff, 0xff, 0xff, 0xff, 0xff, 0xff, 
    0x60, 0x00, 0x66, 0xff, 0xff, 0xff, 0xff, 0xff, 
    0xff, 0xff, 0xff, 0xff, 0xff, 0xff, 0xb8, 0x00, 
    0x13, 0xfa, 0xff, 0xff, 0xff, 0xff, 0xff, 0xff, 
    0xff, 0xff, 0xff, 0xff, 0xfb, 0x15, 0x00, 0xb5, 
    0xff, 0xff, 0xff, 0xff, 0xff, 0xff, 0xff, 0xff, 
    0xff, 0xff, 0xff, 0x68, 0x00, 0x5c, 0xff, 0xff, 
    0xff, 0xff, 0xff, 0xff, 0xff, 0xff, 0xff, 0xff, 
    0xff, 0xc0, 0x00, 0x0d, 0xf7, 0xff, 0xff, 0xff, 
    0xff, 0xff, 0xff, 0xff, 0xff, 0xff, 0xff, 0xfe, 
    0x1b, 0x00, 0xac, 0xff, 0xff, 0xff, 0xff, 0xff, 
    0xff, 0xff, 0xff, 0xff, 0xff, 0xff, 0x7a, 0x01, 
    0x69, 0xff, 0xff, 0xff, 0xff, 0xff, 0xff, 0xff, 
    0xff, 0xff, 0xff, 0xff, 0xff, 0xff, 0xff, 0xff, 
    0xff, 0xff, 0xff, 0xff, 0xff, 0xff, 0xff, 0xff, 
    0xff, 0xff, 0xff, 0xff, 0xff, 0xff, 0xff, 0xff, 
    0xff, 0xff, 0xff, 0xff, 0xff, 0xff, 0xff, 0xff, 
    0xff, 0xff, 0xff, 0xff, 0xff, 0xff, 0xff, 0xff, 
    0xff, 0xff, 0xff, 0xff, 0xff, 0xff, 0xff, 0xff, 
    0xff, 0xff, 0xff, 0xff, 0xff, 0xff, 0xff, 0xff, 
    0xff, 0xff, 0xff, 0xff, 0xff, 0xff, 0xff, 0xff, 
    0xff, 0xff, 0xff, 0xff, 0xff, 0xff, 0xff, 0xff, 
    0xff, 0xff, 0xff, 0xff, 0xff, 0xff, 0xff, 0xff, 
    0xff, 0xff, 0xff, 0xff, 0xff, 0xff, 0xff, 0xff, 
    0xff, 0xff, 0xff, 0xff, 0xff, 0xff, 0xff, 0xff, 
    0xff, 0xff, 0xff, 0xff, 0xff, 0xff, 0xff, 0xff, 
    0xff, 0xff, 0xff, 0xff, 0xff, 0xff, 0xff, 0xff, 
    0xff, 0xff, 0xff, 0xff, 0xff, 0xff, 0xff, 0xff, 
    0xff, 0xff, 0xff, 0xff, 0xff, 0xff, 0xff, 0xff, 
    0xff, 0xff, 0xff, 0xff, 0xff, 0xff, 0xff, 0xff, 
    0xff, 0xff, 0xff, 0xff, 0xff, 0xff, 0xff, 0xff, 
    0xff, 0xff, 0xff, 0xff, 0xff, 0xff, 0xff, 0xff, 
    0xff, 0xff, 0xff, 0xff, 0xff, 0xff, 0xff, 0xff, 
    0xff, 0xff, 0xff, 0xff, 0xff, 0xff, 0xff, 0xff, 
    0xcf, 0x00, 0x00, 0x01, 0xa0, 0xff, 0xff, 0xff, 
    0xff, 0xff, 0xff, 0xe4, 0x58, 0x23, 0x00, 0x83, 
    0xff, 0xff, 0xff, 0xff, 0xff, 0xff, 0xff, 0xff, 
    0x67, 0x00, 0x83, 0xff, 0xff, 0xff, 0xff, 0xff, 
    0xff, 0xff, 0xff, 0x67, 0x00, 0x83, 0xff, 0xff, 
    0xff, 0xff, 0xff, 0xff, 0xff, 0xff, 0x67, 0x00, 
    0x83, 0xff, 0xff, 0xff, 0xff, 0xff, 0xff, 0xff, 
    0xff, 0x67, 0x00, 0x83, 0xff, 0xff, 0xff, 0xff, 
    0xff, 0xff, 0xff, 0xff, 0x67, 0x00, 0x83, 0xff, 
    0xff, 0xff, 0xff, 0xff, 0xff, 0xff, 0xff, 0x67, 
    0x00, 0x83, 0xff, 0xff, 0xff, 0xff, 0xff, 0xff, 
    0xff, 0xff, 0x67, 0x00, 0x83, 0xff, 0xff, 0xff, 
    0xff, 0xff, 0xff, 0xff, 0xff, 0x67, 0x00, 0x83, 
    0xff, 0xff, 0xff, 0xff, 0xff, 0xff, 0xff, 0xff, 
    0x67, 0x00, 0x83, 0xff, 0xff, 0xff, 0xff, 0xff, 
    0xff, 0xff, 0xff, 0x67, 0x00, 0x83, 0xff, 0xff, 
    0xff, 0xff, 0xff, 0xff, 0xff, 0xff, 0x67, 0x00, 
    0x83, 0xff, 0xff, 0xff, 0xff, 0xff, 0xff, 0xff, 
    0xff, 0x67, 0x00, 0x83, 0xff, 0xff, 0xff, 0xff, 
    0xff, 0xff, 0xe3, 0x5c, 0x25, 0x00, 0x83, 0xff, 
    0xff, 0xff, 0xff, 0xff, 0xff, 0xd0, 0x00, 0x00, 
    0x00, 0x9d, 0xff, 0xff, 0xff, 0xff, 0xff, 0xff, 
    0xff, 0xff, 0xff, 0xff, 0xff, 0xff, 0xff, 0xff, 
    0xff, 0xff, 0xff, 0xff, 0xff, 0xff, 0xff, 0xff, 
    0xff, 0xff, 0xff, 0xff, 0xff, 0xff, 0xff, 0xff, 
    0xff, 0xff, 0xff, 0xff, 0xff, 0xff, 0xff, 0xff, 
    0xff, 0xff, 0xff, 0xff, 0xff, 0xff, 0xff, 0xff, 
    0xff, 0xff, 0xff, 0xff, 0xff, 0xff, 0xff, 0xff, 
    0xff, 0xff, 0xff, 0xff, 0xff, 0xff, 0xff, 0xff, 
    0xff, 0xff, 0xff, 0xff, 0xff, 0xff, 0xff, 0xff, 
    0xff, 0xff, 0xff, 0xff, 0xff, 0xff, 0xff, 0xff, 
    0xff, 0xff, 0xff, 0xff, 0xff, 0xff, 0xff, 0xff, 
    0xff, 0xff, 0xff, 0xff, 0xff, 0xff, 0xff, 0xff, 
    0xff, 0xff, 0xff, 0xff, 0xff, 0xff, 0xff, 0xff, 
    0xff, 0xff, 0xff, 0xff, 0xff, 0xff, 0xff, 0xff, 
    0xff, 0xff, 0xff, 0xff, 0xff, 0xff, 0xff, 0xff, 
    0xff, 0xff, 0xff, 0xff, 0xff, 0xff, 0xff, 0xff, 
    0xff, 0xff, 0xff, 0xff, 0xff, 0xff, 0xff, 0xff, 
    0xff, 0xff, 0xff, 0xff, 0xff, 0xff, 0xff, 0xff, 
    0xff, 0xff, 0xff, 0xff, 0xff, 0xff, 0xff, 0xff, 
    0xff, 0xff, 0xff, 0xff, 0xff, 0xff, 0xff, 0xff, 
    0xff, 0xff, 0xff, 0xff, 0xff, 0xff, 0xff, 0xff, 
    0xff, 0xff, 0xff, 0xff, 0xff, 0xff, 0xff, 0xff, 
    0xff, 0xff, 0xff, 0xff, 0xff, 0xff, 0xff, 0xff, 
    0xff, 0xff, 0xff, 0xff, 0xff, 0xff, 0xff, 0xff, 
    0xff, 0xff, 0xff, 0xff, 0xff, 0xff, 0xff, 0xff, 
    0xff, 0xa2, 0x83, 0xaf, 0xff, 0xff, 0xff, 0xff, 
    0xff, 0xff, 0xff, 0xff, 0xff, 0xff, 0xff, 0xc1, 
    0x00, 0x00, 0x01, 0xd8, 0xff, 0xff, 0xff, 0xff, 
    0xff, 0xff, 0xff, 0xff, 0xff, 0xff, 0x58, 0x00, 
    0x21, 0x00, 0x6e, 0xff, 0xff, 0xff, 0xff, 0xff, 
    0xff, 0xff, 0xff, 0xff, 0xea, 0x06, 0x09, 0xc7, 
    0x00, 0x0f, 0xf5, 0xff, 0xff, 0xff, 0xff, 0xff, 
    0xff, 0xff, 0xff, 0x87, 0x00, 0x59, 0xff, 0x35, 
    0x00, 0x9a, 0xff, 0xff, 0xff, 0xff, 0xff, 0xff, 
    0xff, 0xfe, 0x22, 0x00, 0xb6, 0xff, 0x96, 0x00, 
    0x2f, 0xff, 0xff, 0xff, 0xff, 0xff, 0xff, 0xff, 
    0xb7, 0x00, 0x17, 0xfc, 0xff, 0xef, 0x08, 0x00, 
    0xc5, 0xff, 0xff, 0xff, 0xff, 0xff, 0xff, 0x65, 
    0x02, 0x7e, 0xff, 0xff, 0xff, 0x67, 0x01, 0x75, 
    0xff, 0xff, 0xff, 0xff, 0xff, 0xff, 0xff, 0xff, 
    0xff, 0xff, 0xff, 0xff, 0xff, 0xff, 0xff, 0xff, 
    0xff, 0xff, 0xff, 0xff, 0xff, 0xff, 0xff, 0xff, 
    0xff, 0xff, 0xff, 0xff, 0xff, 0xff, 0xff, 0xff, 
    0xff, 0xff, 0xff, 0xff, 0xff, 0xff, 0xff, 0xff, 
    0xff, 0xff, 0xff, 0xff, 0xff, 0xff, 0xff, 0xff, 
    0xff, 0xff, 0xff, 0xff, 0xff, 0xff, 0xff, 0xff, 
    0xff, 0xff, 0xff, 0xff, 0xff, 0xff, 0xff, 0xff, 
    0xff, 0xff, 0xff, 0xff, 0xff, 0xff, 0xff, 0xff, 
    0xff, 0xff, 0xff, 0xff, 0xff, 0xff, 0xff, 0xff, 
    0xff, 0xff, 0xff, 0xff, 0xff, 0xff, 0xff, 0xff, 
    0xff, 0xff, 0xff, 0xff, 0xff, 0xff, 0xff, 0xff, 
    0xff, 0xff, 0xff, 0xff, 0xff, 0xff, 0xff, 0xff, 
    0xff, 0xff, 0xff, 0xff, 0xff, 0xff, 0xff, 0xff, 
    0xff, 0xff, 0xff, 0xff, 0xff, 0xff, 0xff, 0xff, 
    0xff, 0xff, 0xff, 0xff, 0xff, 0xff, 0xff, 0xff, 
    0xff, 0xff, 0xff, 0xff, 0xff, 0xff, 0xff, 0xff, 
    0xff, 0xff, 0xff, 0xff, 0xff, 0xff, 0xff, 0xff, 
    0xff, 0xff, 0xff, 0xff, 0xff, 0xff, 0xff, 0xff, 
    0xff, 0xff, 0xff, 0xff, 0xff, 0xff, 0xff, 0xff, 
    0xff, 0xff, 0xff, 0xff, 0xff, 0xff, 0xff, 0xff, 
    0xff, 0xff, 0xff, 0xff, 0xff, 0xff, 0xff, 0xff, 
    0xff, 0xff, 0xff, 0xff, 0xff, 0xff, 0xff, 0xff, 
    0xff, 0xff, 0xff, 0xff, 0xff, 0xff, 0xff, 0xff, 
    0xff, 0xff, 0xff, 0xff, 0xff, 0xff, 0xff, 0xff, 
    0xff, 0xff, 0xff, 0xff, 0xff, 0xff, 0xff, 0xff, 
    0xff, 0xff, 0xff, 0xff, 0xff, 0xff, 0xff, 0xff, 
    0xff, 0xff, 0xff, 0xff, 0xff, 0xff, 0xff, 0xff, 
    0xff, 0xff, 0xff, 0xff, 0xff, 0xff, 0xff, 0xff, 
    0xff, 0xff, 0xff, 0xff, 0xff, 0xff, 0xff, 0xff, 
    0xff, 0xff, 0xff, 0xff, 0xff, 0xff, 0xff, 0xff, 
    0xff, 0xff, 0xff, 0xff, 0xff, 0xff, 0xff, 0xff, 
    0xff, 0xff, 0xff, 0xff, 0xff, 0xff, 0xff, 0xff, 
    0xff, 0xff, 0xff, 0xff, 0xff, 0xff, 0xff, 0xff, 
    0xff, 0xff, 0xff, 0xff, 0xff, 0xff, 0xff, 0xff, 
    0xff, 0xff, 0xff, 0xff, 0xff, 0xff, 0xff, 0xff, 
    0xff, 0xff, 0xff, 0xff, 0xff, 0xff, 0xff, 0xff, 
    0xff, 0xff, 0xff, 0xff, 0xff, 0xff, 0xff, 0xff, 
    0xff, 0xff, 0xff, 0xff, 0xff, 0xff, 0xff, 0xff, 
    0xff, 0xff, 0xff, 0xff, 0xff, 0xff, 0xff, 0xff, 
    0xff, 0xff, 0xff, 0xff, 0xff, 0xff, 0xff, 0xff, 
    0xff, 0xff, 0xff, 0xff, 0xff, 0xff, 0xff, 0xff, 
    0xff, 0xff, 0xff, 0xff, 0xff, 0xff, 0xff, 0xff, 
    0xff, 0xff, 0xff, 0xff, 0xff, 0xff, 0xff, 0xff, 
    0xff, 0xff, 0xff, 0xff, 0xff, 0xff, 0xff, 0xff, 
    0xff, 0xff, 0xff, 0xff, 0xff, 0xff, 0xff, 0xff, 
    0xff, 0xff, 0xff, 0xff, 0xff, 0xff, 0xff, 0xff, 
    0xff, 0xff, 0xff, 0xff, 0xff, 0xff, 0xff, 0xff, 
    0xff, 0xff, 0xff, 0xff, 0xff, 0xff, 0xff, 0xff, 
    0xff, 0xff, 0xff, 0xff, 0xff, 0xff, 0xff, 0xff, 
    0xff, 0xff, 0xff, 0xff, 0xff, 0xff, 0xff, 0xff, 
    0xff, 0xff, 0xff, 0xff, 0xff, 0xff, 0xff, 0xff, 
    0xff, 0xff, 0xff, 0xff, 0xff, 0xff, 0xff, 0xff, 
    0xff, 0xff, 0xff, 0xff, 0xff, 0xff, 0xff, 0xff, 
    0xff, 0xff, 0xff, 0xff, 0xff, 0xff, 0xff, 0xff, 
    0xff, 0xff, 0xff, 0xff, 0xff, 0xff, 0xff, 0xff, 
    0xff, 0xff, 0xff, 0xff, 0xff, 0xff, 0xff, 0xff, 
    0xff, 0xff, 0xff, 0xff, 0xff, 0xff, 0xff, 0xff, 
    0xff, 0xff, 0xff, 0xff, 0xff, 0xff, 0xff, 0xff, 
    0xff, 0xff, 0xff, 0xff, 0xff, 0xff, 0xff, 0xff, 
    0xff, 0xff, 0xff, 0xff, 0xff, 0xff, 0xff, 0xff, 
    0xff, 0xff, 0xff, 0xff, 0xff, 0xff, 0xff, 0xff, 
    0xff, 0xff, 0xff, 0xff, 0xff, 0xff, 0xff, 0xff, 
    0xff, 0xff, 0xff, 0xff, 0xff, 0xff, 0xff, 0xff, 
    0xff, 0xff, 0xff, 0xff, 0xff, 0xff, 0xff, 0xff, 
    0xff, 0xff, 0xff, 0xff, 0xff, 0xff, 0xff, 0xff, 
    0xff, 0xff, 0xff, 0xff, 0xff, 0xff, 0xff, 0xff, 
    0xff, 0xff, 0xff, 0xff, 0xff, 0xff, 0xff, 0xff, 
    0xff, 0xff, 0xff, 0xff, 0xff, 0xff, 0xff, 0xff, 
    0xff, 0xff, 0xff, 0xff, 0xff, 0xff, 0xff, 0xff, 
    0xff, 0xff, 0xff, 0xff, 0xff, 0xff, 0xff, 0xff, 
    0xff, 0xff, 0xff, 0xff, 0xff, 0xff, 0xff, 0xff, 
    0xff, 0xff, 0xff, 0xff, 0xff, 0xff, 0xff, 0xff, 
    0xff, 0xff, 0xff, 0xff, 0xff, 0xff, 0xff, 0xff, 
    0xfd, 0x54, 0x4b, 0x4b, 0x4b, 0x4b, 0x4b, 0x4b, 
    0x4b, 0x59, 0xff, 0xff, 0xff, 0xff, 0xff, 0xff, 
    0xff, 0xf7, 0x08, 0x00, 0x00, 0x00, 0x00, 0x00, 
    0x00, 0x00, 0x0f, 0xff, 0xff, 0xff, 0xff, 0xff, 
    0xff, 0xff, 0xff, 0xff, 0xff, 0xff, 0xff, 0xff, 
    0xff, 0xff, 0xff, 0xff, 0xff, 0xff, 0xff, 0xff, 
    0xff, 0xff, 0xff, 0xff, 0xff, 0xff, 0xff, 0xff, 
    0xff, 0xff, 0xff, 0xff, 0xff, 0xff, 0xff, 0xff, 
    0xff, 0xff, 0xff, 0xff, 0xff, 0xff, 0xff, 0xff, 
    0xff, 0xff, 0xff, 0xff, 0xff, 0xff, 0xff, 0xff, 
    0xff, 0xff, 0xff, 0xff, 0xff, 0xff, 0xff, 0xff, 
    0xff, 0xff, 0xff, 0xff, 0xff, 0xff, 0xff, 0xff, 
    0xff, 0xff, 0xff, 0xff, 0xff, 0xff, 0xff, 0xff, 
    0xff, 0xff, 0xff, 0xff, 0xff, 0xff, 0xff, 0xff, 
    0xff, 0xff, 0xff, 0xff, 0xff, 0xff, 0xff, 0xff, 
    0xff, 0xff, 0xff, 0xff, 0xff, 0xff, 0xff, 0xff, 
    0xff, 0xff, 0xff, 0xff, 0xff, 0xff, 0xff, 0xff, 
    0xff, 0xff, 0xff, 0xff, 0xff, 0xff, 0xff, 0xff, 
    0xff, 0xff, 0xff, 0xff, 0xff, 0xff, 0xff, 0xff, 
    0xff, 0xff, 0xff, 0xff, 0xff, 0xff, 0xff, 0xff, 
    0xff, 0xff, 0xff, 0xff, 0xff, 0xff, 0xff, 0xff, 
    0xff, 0xff, 0xff, 0xff, 0xff, 0xff, 0xff, 0xff, 
    0xff, 0xff, 0xff, 0xff, 0xff, 0xff, 0xff, 0xff, 
    0xff, 0xff, 0xff, 0xff, 0xff, 0xff, 0xff, 0xff, 
    0xff, 0xff, 0xff, 0xff, 0xff, 0xff, 0xff, 0xff, 
    0xff, 0xff, 0xff, 0xff, 0xff, 0xff, 0xff, 0xff, 
    0xff, 0xff, 0xff, 0xff, 0xff, 0xff, 0xff, 0xff, 
    0xff, 0xff, 0xfa, 0x22, 0x0d, 0xc4, 0xff, 0xff, 
    0xff, 0xff, 0xff, 0xff, 0xff, 0xff, 0xbf, 0x03, 
    0x31, 0xfd, 0xff, 0xff, 0xff, 0xff, 0xff, 0xff, 
    0xff, 0xff, 0x8e, 0x04, 0xa9, 0xff, 0xff, 0xff, 
    0xff, 0xff, 0xff, 0xff, 0xff, 0xff, 0xff, 0xff, 
    0xff, 0xff, 0xff, 0xff, 0xff, 0xff, 0xff, 0xff, 
    0xff, 0xff, 0xff, 0xff, 0xff, 0xff, 0xff, 0xff, 
    0xff, 0xff, 0xff, 0xff, 0xff, 0xff, 0xff, 0xff, 
    0xff, 0xff, 0xff, 0xff, 0xff, 0xff, 0xff, 0xff, 
    0xff, 0xff, 0xff, 0xff, 0xff, 0xff, 0xff, 0xff, 
    0xff, 0xff, 0xff, 0xff, 0xff, 0xff, 0xff, 0xff, 
    0xff, 0xff, 0xff, 0xff, 0xff, 0xff, 0xff, 0xff, 
    0xff, 0xff, 0xff, 0xff, 0xff, 0xff, 0xff, 0xff, 
    0xff, 0xff, 0xff, 0xff, 0xff, 0xff, 0xff, 0xff, 
    0xff, 0xff, 0xff, 0xff, 0xff, 0xff, 0xff, 0xff, 
    0xff, 0xff, 0xff, 0xff, 0xff, 0xff, 0xff, 0xff, 
    0xff, 0xff, 0xff, 0xff, 0xff, 0xff, 0xff, 0xff, 
    0xff, 0xff, 0xff, 0xff, 0xff, 0xff, 0xff, 0xff, 
    0xff, 0xff, 0xff, 0xff, 0xff, 0xff, 0xff, 0xff, 
    0xff, 0xff, 0xff, 0xff, 0xff, 0xff, 0xff, 0xff, 
    0xff, 0xff, 0xff, 0xff, 0xff, 0xff, 0xff, 0xff, 
    0xff, 0xff, 0xff, 0xff, 0xff, 0xff, 0xff, 0xff, 
    0xff, 0xff, 0xff, 0xff, 0xff, 0xff, 0xff, 0xff, 
    0xff, 0xff, 0xff, 0xff, 0xff, 0xff, 0xff, 0xff, 
    0xff, 0xff, 0xff, 0xff, 0xff, 0xff, 0xff, 0xff, 
    0xff, 0xff, 0xff, 0xff, 0xff, 0xff, 0xff, 0xff, 
    0xff, 0xff, 0xff, 0xff, 0xff, 0xff, 0xff, 0xff, 
    0xff, 0xff, 0xff, 0xff, 0xff, 0xff, 0xff, 0xff, 
    0xff, 0xff, 0xff, 0xff, 0xff, 0xff, 0xff, 0xff, 
    0xff, 0xff, 0xff, 0xff, 0xff, 0xff, 0xff, 0xff, 
    0xff, 0xff, 0xff, 0xff, 0xff, 0xff, 0xff, 0xff, 
    0xff, 0xff, 0xff, 0xff, 0xff, 0xff, 0xff, 0xff, 
    0xff, 0xff, 0xff, 0xff, 0xff, 0xff, 0xff, 0xff, 
    0xff, 0xff, 0xff, 0xff, 0xff, 0xff, 0xff, 0xff, 
    0xff, 0xff, 0xff, 0xff, 0xff, 0xff, 0xff, 0xff, 
    0xff, 0xff, 0xff, 0xff, 0xff, 0xff, 0xff, 0xff, 
    0xff, 0xff, 0xff, 0xff, 0xff, 0xff, 0xff, 0xff, 
    0xff, 0xff, 0xff, 0xff, 0xff, 0xff, 0xff, 0xff, 
    0xff, 0xff, 0xff, 0xff, 0xff, 0xff, 0xff, 0xff, 
    0xff, 0xff, 0xff, 0xff, 0xff, 0xff, 0xff, 0xff, 
    0xff, 0xff, 0xff, 0xff, 0xff, 0xff, 0xff, 0xff, 
    0xff, 0xff, 0xff, 0xff, 0xff, 0xff, 0xff, 0xff, 
    0xff, 0xff, 0xff, 0xff, 0xff, 0xff, 0xff, 0xff, 
    0xff, 0xff, 0xff, 0xff, 0xff, 0xff, 0xff, 0xff, 
    0xff, 0xff, 0xff, 0xff, 0xff, 0xff, 0xff, 0xff, 
    0xff, 0xff, 0xff, 0xff, 0xff, 0xff, 0xff, 0xff, 
    0xff, 0xff, 0xff, 0xff, 0xff, 0xff, 0xff, 0xff, 
    0xff, 0xff, 0xff, 0xff, 0xff, 0xff, 0xff, 0xff, 
    0xff, 0xff, 0xff, 0xff, 0xff, 0xff, 0xff, 0xff, 
    0xff, 0xff, 0xff, 0xff, 0xff, 0xff, 0xff, 0xff, 
    0xff, 0xff, 0xff, 0xff, 0xff, 0xff, 0xff, 0xff, 
    0xff, 0xff, 0xff, 0xff, 0xff, 0xff, 0xff, 0xff, 
    0xc3, 0x4e, 0x15, 0x04, 0x1c, 0x81, 0xfc, 0xff, 
    0xff, 0xff, 0xff, 0xff, 0xff, 0xff, 0x17, 0x01, 
    0x28, 0x2e, 0x00, 0x00, 0x95, 0xff, 0xff, 0xff, 
    0xff, 0xff, 0xff, 0xff, 0x8c, 0xd8, 0xff, 0xff, 
    0x6c, 0x00, 0x4f, 0xff, 0xff, 0xff, 0xff, 0xff, 
    0xff, 0xff, 0xff, 0xff, 0xfb, 0xe8, 0x86, 0x00, 
    0x38, 0xff, 0xff, 0xff, 0xff, 0xff, 0xff, 0xff, 
    0xad, 0x2e, 0x01, 0x00, 0x00, 0x00, 0x37, 0xff, 
    0xff, 0xff, 0xff, 0xff, 0xff, 0xd6, 0x02, 0x02, 
    0x75, 0xa9, 0x6b, 0x00, 0x37, 0xff, 0xff, 0xff, 
    0xff, 0xff, 0xff, 0xa9, 0x00, 0x2a, 0xff, 0xff, 
    0x85, 0x00, 0x37, 0xff, 0xff, 0xff, 0xff, 0xff, 
    0xff, 0xd8, 0x03, 0x01, 0x67, 0x5c, 0x02, 0x00, 
    0x37, 0xff, 0xff, 0xff, 0xff, 0xff, 0xff, 0xff, 
    0xa6, 0x27, 0x06, 0x2a, 0xaa, 0x09, 0x45, 0xff, 
    0xff, 0xff, 0xff, 0xff, 0xff, 0xff, 0xff, 0xff, 
    0xff, 0xff, 0xff, 0xff, 0xff, 0xff, 0xff, 0xff, 
    0xff, 0xff, 0xff, 0xff, 0xff, 0xff, 0xff, 0xff, 
    0xff, 0xff, 0xff, 0xff, 0xff, 0xff, 0xff, 0xff, 
    0xff, 0xff, 0xff, 0xff, 0xff, 0xff, 0xff, 0xff, 
    0xff, 0xff, 0xff, 0xff, 0xff, 0xff, 0xff, 0xff, 
    0xff, 0xff, 0xff, 0xff, 0xff, 0xff, 0xff, 0xff, 
    0xff, 0xff, 0xff, 0xff, 0xff, 0xff, 0xff, 0xff, 
    0xff, 0xff, 0xff, 0xff, 0xff, 0xff, 0xff, 0xff, 
    0xff, 0xff, 0xff, 0xff, 0xff, 0xff, 0xff, 0xff, 
    0xff, 0xff, 0xff, 0xff, 0xff, 0xff, 0xff, 0xff, 
    0xff, 0xff, 0xff, 0xff, 0xff, 0xff, 0xff, 0xff, 
    0xff, 0xff, 0xff, 0xff, 0xff, 0xff, 0xff, 0xff, 
    0xff, 0xff, 0xff, 0xff, 0xff, 0xff, 0xff, 0xff, 
    0xff, 0xff, 0xff, 0xff, 0xff, 0xff, 0xff, 0xff, 
    0xff, 0xff, 0xff, 0xff, 0xff, 0xff, 0xff, 0xff, 
    0xff, 0xff, 0xff, 0xff, 0xff, 0xff, 0xff, 0xff, 
    0xff, 0xff, 0xff, 0xff, 0xff, 0xff, 0xff, 0xff, 
    0xff, 0xff, 0xff, 0xff, 0xff, 0xff, 0xff, 0xff, 
    0xff, 0xff, 0xff, 0xff, 0xff, 0xff, 0xff, 0xff, 
    0xff, 0xff, 0xff, 0xff, 0xff, 0xff, 0xff, 0xff, 
    0xff, 0xff, 0xff, 0xff, 0xff, 0xff, 0xff, 0xff, 
    0xff, 0xff, 0xff, 0xff, 0xff, 0xff, 0xff, 0xff, 
    0xff, 0xff, 0xff, 0xff, 0xff, 0xff, 0xff, 0xff, 
    0xff, 0xff, 0xff, 0xff, 0xff, 0xff, 0xff, 0xff, 
    0xff, 0xff, 0xff, 0xff, 0xff, 0xff, 0xff, 0xff, 
    0xff, 0xff, 0xff, 0xff, 0xff, 0xff, 0xff, 0xff, 
    0xff, 0xff, 0xff, 0xff, 0xff, 0xff, 0xff, 0xff, 
    0xff, 0xff, 0xff, 0xff, 0xff, 0xff, 0xff, 0xff, 
    0xff, 0xff, 0xff, 0xff, 0xff, 0xff, 0xff, 0xff, 
    0xff, 0xff, 0xff, 0x30, 0x06, 0xbb, 0xff, 0xff, 
    0xff, 0xff, 0xff, 0xff, 0xff, 0xff, 0xff, 0xff, 
    0xff, 0x1b, 0x00, 0xab, 0xff, 0xff, 0xff, 0xff, 
    0xff, 0xff, 0xff, 0xff, 0xff, 0xff, 0xff, 0x1b, 
    0x00, 0xab, 0xff, 0xff, 0xff, 0xff, 0xff, 0xff, 
    0xff, 0xff, 0xff, 0xff, 0xff, 0x1b, 0x00, 0xab, 
    0xff, 0xff, 0xff, 0xff, 0xff, 0xff, 0xff, 0xff, 
    0xff, 0xff, 0xff, 0x1b, 0x00, 0x8f, 0x4e, 0x08, 
    0x19, 0x8b, 0xff, 0xff, 0xff, 0xff, 0xff, 0xff, 
    0xff, 0x1b, 0x00, 0x03, 0x00, 0x01, 0x00, 0x00, 
    0xad, 0xff, 0xff, 0xff, 0xff, 0xff, 0xff, 0x1b, 
    0x00, 0x22, 0xd4, 0xe9, 0x2d, 0x00, 0x44, 0xff, 
    0xff, 0xff, 0xff, 0xff, 0xff, 0x1b, 0x00, 0xa6, 
    0xff, 0xff, 0x93, 0x00, 0x17, 0xff, 0xff, 0xff, 
    0xff, 0xff, 0xff, 0x1b, 0x00, 0xab, 0xff, 0xff, 
    0xad, 0x00, 0x08, 0xff, 0xff, 0xff, 0xff, 0xff, 
    0xff, 0x1b, 0x00, 0xa8, 0xff, 0xff, 0x90, 0x00, 
    0x23, 0xff, 0xff, 0xff, 0xff, 0xff, 0xff, 0x1b, 
    0x00, 0x25, 0xd8, 0xe4, 0x27, 0x00, 0x56, 0xff, 
    0xff, 0xff, 0xff, 0xff, 0xff, 0x1b, 0x00, 0x15, 
    0x00, 0x01, 0x00, 0x01, 0xc8, 0xff, 0xff, 0xff, 
    0xff, 0xff, 0xff, 0x2a, 0x15, 0xd5, 0x3c, 0x07, 
    0x24, 0xa7, 0xff, 0xff, 0xff, 0xff, 0xff, 0xff, 
    0xff, 0xff, 0xff, 0xff, 0xff, 0xff, 0xff, 0xff, 
    0xff, 0xff, 0xff, 0xff, 0xff, 0xff, 0xff, 0xff, 
    0xff, 0xff, 0xff, 0xff, 0xff, 0xff, 0xff, 0xff, 
    0xff, 0xff, 0xff, 0xff, 0xff, 0xff, 0xff, 0xff, 
    0xff, 0xff, 0xff, 0xff, 0xff, 0xff, 0xff, 0xff, 
    0xff, 0xff, 0xff, 0xff, 0xff, 0xff, 0xff, 0xff, 
    0xff, 0xff, 0xff, 0xff, 0xff, 0xff, 0xff, 0xff, 
    0xff, 0xff, 0xff, 0xff, 0xff, 0xff, 0xff, 0xff, 
    0xff, 0xff, 0xff, 0xff, 0xff, 0xff, 0xff, 0xff, 
    0xff, 0xff, 0xff, 0xff, 0xff, 0xff, 0xff, 0xff, 
    0xff, 0xff, 0xff, 0xff, 0xff, 0xff, 0xff, 0xff, 
    0xff, 0xff, 0xff, 0xff, 0xff, 0xff, 0xff, 0xff, 
    0xff, 0xff, 0xff, 0xff, 0xff, 0xff, 0xff, 0xff, 
    0xff, 0xff, 0xff, 0xff, 0xff, 0xff, 0xff, 0xff, 
    0xff, 0xff, 0xff, 0xff, 0xff, 0xff, 0xff, 0xff, 
    0xff, 0xff, 0xff, 0xff, 0xff, 0xff, 0xff, 0xff, 
    0xff, 0xff, 0xff, 0xff, 0xff, 0xff, 0xff, 0xff, 
    0xff, 0xff, 0xff, 0xff, 0xff, 0xff, 0xff, 0xff, 
    0xff, 0xff, 0xff, 0xff, 0xff, 0xff, 0xff, 0xff, 
    0xff, 0xff, 0xff, 0xff, 0xff, 0xff, 0xff, 0xff, 
    0xff, 0xff, 0xff, 0xff, 0xff, 0xff, 0xff, 0xff, 
    0xff, 0xff, 0xff, 0xff, 0xff, 0xff, 0xff, 0xff, 
    0xff, 0xff, 0xff, 0xff, 0xff, 0xff, 0xff, 0xff, 
    0xff, 0xff, 0xff, 0xff, 0xff, 0xff, 0xff, 0xff, 
    0xff, 0xff, 0xff, 0xff, 0xff, 0xff, 0xff, 0xff, 
    0xff, 0xff, 0xff, 0xff, 0xff, 0xff, 0xff, 0xff, 
    0xff, 0xff, 0xff, 0xff, 0xff, 0xff, 0xff, 0xff, 
    0xff, 0xff, 0xff, 0xff, 0xff, 0xff, 0xff, 0xff, 
    0xff, 0xff, 0xff, 0xff, 0xff, 0xff, 0xff, 0xff, 
    0xff, 0xff, 0xff, 0xff, 0xff, 0xff, 0xff, 0xff, 
    0xff, 0xff, 0xff, 0xff, 0xff, 0xff, 0xff, 0xff, 
    0xff, 0xff, 0xff, 0xff, 0xff, 0xff, 0xff, 0xff, 
    0xff, 0xff, 0xff, 0xff, 0xff, 0xff, 0xff, 0xff, 
    0xff, 0xff, 0xff, 0xff, 0xff, 0xff, 0xff, 0xff, 
    0xff, 0xff, 0xff, 0xff, 0xff, 0xff, 0xff, 0xff, 
    0xff, 0xff, 0xff, 0xff, 0xff, 0xff, 0xff, 0xff, 
    0xff, 0xff, 0xff, 0xff, 0xff, 0xff, 0xff, 0xff, 
    0xfe, 0x8e, 0x25, 0x05, 0x21, 0x93, 0xff, 0xff, 
    0xff, 0xff, 0xff, 0xff, 0xff, 0xff, 0x7c, 0x00, 
    0x00, 0x14, 0x05, 0x04, 0xff, 0xff, 0xff, 0xff, 
    0xff, 0xff, 0xff, 0xf0, 0x09, 0x00, 0x87, 0xff, 
    0xec, 0x83, 0xff, 0xff, 0xff, 0xff, 0xff, 0xff, 
    0xff, 0xbc, 0x00, 0x02, 0xf7, 0xff, 0xff, 0xff, 
    0xff, 0xff, 0xff, 0xff, 0xff, 0xff, 0xff, 0xa9, 
    0x00, 0x11, 0xff, 0xff, 0xff, 0xff, 0xff, 0xff, 
    0xff, 0xff, 0xff, 0xff, 0xff, 0xbe, 0x00, 0x02, 
    0xf6, 0xff, 0xff, 0xff, 0xff, 0xff, 0xff, 0xff, 
    0xff, 0xff, 0xff, 0xe7, 0x04, 0x00, 0x80, 0xfd, 
    0xe2, 0x60, 0xfe, 0xff, 0xff, 0xff, 0xff, 0xff, 
    0xff, 0xff, 0x65, 0x00, 0x00, 0x08, 0x00, 0x01, 
    0xf9, 0xff, 0xff, 0xff, 0xff, 0xff, 0xff, 0xff, 
    0xf7, 0x70, 0x18, 0x05, 0x2a, 0x9b, 0xff, 0xff, 
    0xff, 0xff, 0xff, 0xff, 0xff, 0xff, 0xff, 0xff, 
    0xff, 0xff, 0xff, 0xff, 0xff, 0xff, 0xff, 0xff, 
    0xff, 0xff, 0xff, 0xff, 0xff, 0xff, 0xff, 0xff, 
    0xff, 0xff, 0xff, 0xff, 0xff, 0xff, 0xff, 0xff, 
    0xff, 0xff, 0xff, 0xff, 0xff, 0xff, 0xff, 0xff, 
    0xff, 0xff, 0xff, 0xff, 0xff, 0xff, 0xff, 0xff, 
    0xff, 0xff, 0xff, 0xff, 0xff, 0xff, 0xff, 0xff, 
    0xff, 0xff, 0xff, 0xff, 0xff, 0xff, 0xff, 0xff, 
    0xff, 0xff, 0xff, 0xff, 0xff, 0xff, 0xff, 0xff, 
    0xff, 0xff, 0xff, 0xff, 0xff, 0xff, 0xff, 0xff, 
    0xff, 0xff, 0xff, 0xff, 0xff, 0xff, 0xff, 0xff, 
    0xff, 0xff, 0xff, 0xff, 0xff, 0xff, 0xff, 0xff, 
    0xff, 0xff, 0xff, 0xff, 0xff, 0xff, 0xff, 0xff, 
    0xff, 0xff, 0xff, 0xff, 0xff, 0xff, 0xff, 0xff, 
    0xff, 0xff, 0xff, 0xff, 0xff, 0xff, 0xff, 0xff, 
    0xff, 0xff, 0xff, 0xff, 0xff, 0xff, 0xff, 0xff, 
    0xff, 0xff, 0xff, 0xff, 0xff, 0xff, 0xff, 0xff, 
    0xff, 0xff, 0xff, 0xff, 0xff, 0xff, 0xff, 0xff, 
    0xff, 0xff, 0xff, 0xff, 0xff, 0xff, 0xff, 0xff, 
    0xff, 0xff, 0xff, 0xff, 0xff, 0xff, 0xff, 0xff, 
    0xff, 0xff, 0xff, 0xff, 0xff, 0xff, 0xff, 0xff, 
    0xff, 0xff, 0xff, 0xff, 0xff, 0xff, 0xff, 0xff, 
    0xff, 0xff, 0xff, 0xff, 0xff, 0xff, 0xff, 0xff, 
    0xff, 0xff, 0xff, 0xff, 0xff, 0xff, 0xff, 0xff, 
    0xff, 0xff, 0xff, 0xff, 0xff, 0xff, 0xff, 0xff, 
    0xff, 0xff, 0xff, 0xff, 0xff, 0xff, 0xff, 0xff, 
    0xff, 0xff, 0xff, 0xff, 0xff, 0xff, 0xff, 0xff, 
    0xff, 0xff, 0xff, 0xff, 0xff, 0xff, 0xff, 0xff, 
    0xff, 0xff, 0xff, 0xff, 0xff, 0xff, 0xff, 0xff, 
    0xff, 0xff, 0xff, 0xff, 0xff, 0xff, 0xff, 0xff, 
    0xff, 0xff, 0xff, 0xff, 0xff, 0xff, 0xff, 0xff, 
    0xff, 0xff, 0xff, 0xff, 0xff, 0xff, 0xff, 0xff, 
    0xff, 0xff, 0x6a, 0x03, 0x86, 0xff, 0xff, 0xff, 
    0xff, 0xff, 0xff, 0xff, 0xff, 0xff, 0xff, 0xff, 
    0xff, 0x57, 0x00, 0x73, 0xff, 0xff, 0xff, 0xff, 
    0xff, 0xff, 0xff, 0xff, 0xff, 0xff, 0xff, 0xff, 
    0x57, 0x00, 0x73, 0xff, 0xff, 0xff, 0xff, 0xff, 
    0xff, 0xff, 0xff, 0xff, 0xff, 0xff, 0xff, 0x57, 
    0x00, 0x73, 0xff, 0xff, 0xff, 0xff, 0xff, 0xff, 
    0xff, 0xf7, 0x6c, 0x12, 0x0e, 0x77, 0x53, 0x00, 
    0x73, 0xff, 0xff, 0xff, 0xff, 0xff, 0xff, 0xff, 
    0x6e, 0x00, 0x00, 0x02, 0x00, 0x01, 0x00, 0x73, 
    0xff, 0xff, 0xff, 0xff, 0xff, 0xff, 0xf0, 0x09, 
    0x00, 0x73, 0xf9, 0xa1, 0x03, 0x00, 0x73, 0xff, 
    0xff, 0xff, 0xff, 0xff, 0xff, 0xc7, 0x00, 0x02, 
    0xf0, 0xff, 0xff, 0x52, 0x00, 0x73, 0xff, 0xff, 
    0xff, 0xff, 0xff, 0xff, 0xaf, 0x00, 0x12, 0xff, 
    0xff, 0xff, 0x57, 0x00, 0x73, 0xff, 0xff, 0xff, 
    0xff, 0xff, 0xff, 0xbe, 0x00, 0x05, 0xf9, 0xff, 
    0xff, 0x56, 0x00, 0x73, 0xff, 0xff, 0xff, 0xff, 
    0xff, 0xff, 0xe9, 0x04, 0x00, 0x9e, 0xff, 0xbf, 
    0x09, 0x00, 0x73, 0xff, 0xff, 0xff, 0xff, 0xff, 
    0xff, 0xff, 0x5b, 0x00, 0x01, 0x22, 0x01, 0x0d, 
    0x00, 0x73, 0xff, 0xff, 0xff, 0xff, 0xff, 0xff, 
    0xff, 0xf7, 0x5e, 0x0c, 0x13, 0x73, 0xb0, 0x02, 
    0x81, 0xff, 0xff, 0xff, 0xff, 0xff, 0xff, 0xff, 
    0xff, 0xff, 0xff, 0xff, 0xff, 0xff, 0xff, 0xff, 
    0xff, 0xff, 0xff, 0xff, 0xff, 0xff, 0xff, 0xff, 
    0xff, 0xff, 0xff, 0xff, 0xff, 0xff, 0xff, 0xff, 
    0xff, 0xff, 0xff, 0xff, 0xff, 0xff, 0xff, 0xff, 
    0xff, 0xff, 0xff, 0xff, 0xff, 0xff, 0xff, 0xff, 
    0xff, 0xff, 0xff, 0xff, 0xff, 0xff, 0xff, 0xff, 
    0xff, 0xff, 0xff, 0xff, 0xff, 0xff, 0xff, 0xff, 
    0xff, 0xff, 0xff, 0xff, 0xff, 0xff, 0xff, 0xff, 
    0xff, 0xff, 0xff, 0xff, 0xff, 0xff, 0xff, 0xff, 
    0xff, 0xff, 0xff, 0xff, 0xff, 0xff, 0xff, 0xff, 
    0xff, 0xff, 0xff, 0xff, 0xff, 0xff, 0xff, 0xff, 
    0xff, 0xff, 0xff, 0xff, 0xff, 0xff, 0xff, 0xff, 
    0xff, 0xff, 0xff, 0xff, 0xff, 0xff, 0xff, 0xff, 
    0xff, 0xff, 0xff, 0xff, 0xff, 0xff, 0xff, 0xff, 
    0xff, 0xff, 0xff, 0xff, 0xff, 0xff, 0xff, 0xff, 
    0xff, 0xff, 0xff, 0xff, 0xff, 0xff, 0xff, 0xff, 
    0xff, 0xff, 0xff, 0xff, 0xff, 0xff, 0xff, 0xff, 
    0xff, 0xff, 0xff, 0xff, 0xff, 0xff, 0xff, 0xff, 
    0xff, 0xff, 0xff, 0xff, 0xff, 0xff, 0xff, 0xff, 
    0xff, 0xff, 0xff, 0xff, 0xff, 0xff, 0xff, 0xff, 
    0xff, 0xff, 0xff, 0xff, 0xff, 0xff, 0xff, 0xff, 
    0xff, 0xff, 0xff, 0xff, 0xff, 0xff, 0xff, 0xff, 
    0xff, 0xff, 0xff, 0xff, 0xff, 0xff, 0xff, 0xff, 
    0xff, 0xff, 0xff, 0xff, 0xff, 0xff, 0xff, 0xff, 
    0xff, 0xff, 0xff, 0xff, 0xff, 0xff, 0xff, 0xff, 
    0xff, 0xff, 0xff, 0xff, 0xff, 0xff, 0xff, 0xff, 
    0xff, 0xff, 0xff, 0xff, 0xff, 0xff, 0xff, 0xff, 
    0xff, 0xff, 0xff, 0xff, 0xff, 0xff, 0xff, 0xff, 
    0xff, 0xff, 0xff, 0xff, 0xff, 0xff, 0xff, 0xff, 
    0xff, 0xff, 0xff, 0xff, 0xff, 0xff, 0xff, 0xff, 
    0xff, 0xff, 0xff, 0xff, 0xff, 0xff, 0xff, 0xff, 
    0xff, 0xff, 0xff, 0xff, 0xff, 0xff, 0xff, 0xff, 
    0xff, 0xff, 0xff, 0xff, 0xff, 0xff, 0xff, 0xff, 
    0xff, 0xff, 0xff, 0xff, 0xff, 0xff, 0xff, 0xff, 
    0xff, 0xff, 0xff, 0xff, 0xff, 0xff, 0xff, 0xff, 
    0xff, 0xff, 0xff, 0xff, 0xff, 0xff, 0xff, 0xff, 
    0xff, 0xff, 0xff, 0xff, 0xff, 0xff, 0xff, 0xff, 
    0xff, 0xff, 0xff, 0xff, 0xff, 0xff, 0xff, 0xff, 
    0xff, 0xff, 0xff, 0xff, 0xff, 0xff, 0xff, 0xff, 
    0xff, 0xff, 0xff, 0xff, 0x97, 0x29, 0x06, 0x18, 
    0x6d, 0xf5, 0xff, 0xff, 0xff, 0xff, 0xff, 0xff, 
    0xff, 0xff, 0x89, 0x00, 0x0c, 0x4f, 0x1c, 0x00, 
    0x5f, 0xff, 0xff, 0xff, 0xff, 0xff, 0xff, 0xff, 
    0xf4, 0x0d, 0x00, 0xba, 0xff, 0xe4, 0x06, 0x03, 
    0xe6, 0xff, 0xff, 0xff, 0xff, 0xff, 0xff, 0xc0, 
    0x00, 0x07, 0xdb, 0xdb, 0xdb, 0x24, 0x00, 0xbc, 
    0xff, 0xff, 0xff, 0xff, 0xff, 0xff, 0xab, 0x00, 
    0x00, 0x00, 0x00, 0x00, 0x00, 0x00, 0xb2, 0xff, 
    0xff, 0xff, 0xff, 0xff, 0xff, 0xb8, 0x00, 0x08, 
    0xab, 0xab, 0xab, 0xab, 0xb1, 0xf9, 0xff, 0xff, 
    0xff, 0xff, 0xff, 0xff, 0xe8, 0x03, 0x00, 0xb6, 
    0xff, 0xff, 0xff, 0xdd, 0xff, 0xff, 0xff, 0xff, 
    0xff, 0xff, 0xff, 0xff, 0x64, 0x00, 0x01, 0x2e, 
    0x38, 0x16, 0x07, 0xff, 0xff, 0xff, 0xff, 0xff, 
    0xff, 0xff, 0xff, 0xfd, 0x92, 0x26, 0x06, 0x0b, 
    0x30, 0x84, 0xff, 0xff, 0xff, 0xff, 0xff, 0xff, 
    0xff, 0xff, 0xff, 0xff, 0xff, 0xff, 0xff, 0xff, 
    0xff, 0xff, 0xff, 0xff, 0xff, 0xff, 0xff, 0xff, 
    0xff, 0xff, 0xff, 0xff, 0xff, 0xff, 0xff, 0xff, 
    0xff, 0xff, 0xff, 0xff, 0xff, 0xff, 0xff, 0xff, 
    0xff, 0xff, 0xff, 0xff, 0xff, 0xff, 0xff, 0xff, 
    0xff, 0xff, 0xff, 0xff, 0xff, 0xff, 0xff, 0xff, 
    0xff, 0xff, 0xff, 0xff, 0xff, 0xff, 0xff, 0xff, 
    0xff, 0xff, 0xff, 0xff, 0xff, 0xff, 0xff, 0xff, 
    0xff, 0xff, 0xff, 0xff, 0xff, 0xff, 0xff, 0xff, 
    0xff, 0xff, 0xff, 0xff, 0xff, 0xff, 0xff, 0xff, 
    0xff, 0xff, 0xff, 0xff, 0xff, 0xff, 0xff, 0xff, 
    0xff, 0xff, 0xff, 0xff, 0xff, 0xff, 0xff, 0xff, 
    0xff, 0xff, 0xff, 0xff, 0xff, 0xff, 0xff, 0xff, 
    0xff, 0xff, 0xff, 0xff, 0xff, 0xff, 0xff, 0xff, 
    0xff, 0xff, 0xff, 0xff, 0xff, 0xff, 0xff, 0xff, 
    0xff, 0xff, 0xff, 0xff, 0xff, 0xff, 0xff, 0xff, 
    0xff, 0xff, 0xff, 0xff, 0xff, 0xff, 0xff, 0xff, 
    0xff, 0xff, 0xff, 0xff, 0xff, 0xff, 0xff, 0xff, 
    0xff, 0xff, 0xff, 0xff, 0xff, 0xff, 0xff, 0xff, 
    0xff, 0xff, 0xff, 0xff, 0xff, 0xff, 0xff, 0xff, 
    0xff, 0xff, 0xff, 0xff, 0xff, 0xff, 0xff, 0xff, 
    0xff, 0xff, 0xff, 0xff, 0xff, 0xff, 0xff, 0xff, 
    0xff, 0xff, 0xff, 0xff, 0xff, 0xff, 0xff, 0xff, 
    0xff, 0xff, 0xff, 0xff, 0xff, 0xff, 0xff, 0xff, 
    0xff, 0xff, 0xff, 0xff, 0xff, 0xff, 0xff, 0xff, 
    0xff, 0xff, 0xff, 0xff, 0xff, 0xff, 0xff, 0xff, 
    0xff, 0xff, 0xff, 0xff, 0xff, 0xff, 0xff, 0xff, 
    0xff, 0xff, 0xff, 0xff, 0xff, 0xff, 0xff, 0xff, 
    0xff, 0xff, 0xff, 0xff, 0xff, 0xff, 0xff, 0xa0, 
    0x24, 0x08, 0x63, 0xff, 0xff, 0xff, 0xff, 0xff, 
    0xff, 0xff, 0xdc, 0x03, 0x00, 0x16, 0x35, 0xff, 
    0xff, 0xff, 0xff, 0xff, 0xff, 0xff, 0x9d, 0x00, 
    0x23, 0xfc, 0xfc, 0xff, 0xff, 0xff, 0xff, 0xff, 
    0xff, 0xff, 0x89, 0x00, 0x3f, 0xff, 0xff, 0xff, 
    0xff, 0xff, 0xff, 0xff, 0xff, 0x44, 0x00, 0x00, 
    0x00, 0x00, 0x8b, 0xff, 0xff, 0xff, 0xff, 0xff, 
    0xff, 0x63, 0x13, 0x00, 0x08, 0x23, 0x9f, 0xff, 
    0xff, 0xff, 0xff, 0xff, 0xff, 0xff, 0x87, 0x00, 
    0x3f, 0xff, 0xff, 0xff, 0xff, 0xff, 0xff, 0xff, 
    0xff, 0xff, 0x87, 0x00, 0x3f, 0xff, 0xff, 0xff, 
    0xff, 0xff, 0xff, 0xff, 0xff, 0xff, 0x87, 0x00, 
    0x3f, 0xff, 0xff, 0xff, 0xff, 0xff, 0xff, 0xff, 
    0xff, 0xff, 0x87, 0x00, 0x3f, 0xff, 0xff, 0xff, 
    0xff, 0xff, 0xff, 0xff, 0xff, 0xff, 0x87, 0x00, 
    0x3f, 0xff, 0xff, 0xff, 0xff, 0xff, 0xff, 0xff, 
    0xff, 0xff, 0x87, 0x00, 0x3f, 0xff, 0xff, 0xff, 
    0xff, 0xff, 0xff, 0xff, 0xff, 0xff, 0x96, 0x02, 
    0x50, 0xff, 0xff, 0xff, 0xff, 0xff, 0xff, 0xff, 
    0xff, 0xff, 0xff, 0xff, 0xff, 0xff, 0xff, 0xff, 
    0xff, 0xff, 0xff, 0xff, 0xff, 0xff, 0xff, 0xff, 
    0xff, 0xff, 0xff, 0xff, 0xff, 0xff, 0xff, 0xff, 
    0xff, 0xff, 0xff, 0xff, 0xff, 0xff, 0xff, 0xff, 
    0xff, 0xff, 0xff, 0xff, 0xff, 0xff, 0xff, 0xff, 
    0xff, 0xff, 0xff, 0xff, 0xff, 0xff, 0xff, 0xff, 
    0xff, 0xff, 0xff, 0xff, 0xff, 0xff, 0xff, 0xff, 
    0xff, 0xff, 0xff, 0xff, 0xff, 0xff, 0xff, 0xff, 
    0xff, 0xff, 0xff, 0xff, 0xff, 0xff, 0xff, 0xff, 
    0xff, 0xff, 0xff, 0xff, 0xff, 0xff, 0xff, 0xff, 
    0xff, 0xff, 0xff, 0xff, 0xff, 0xff, 0xff, 0xff, 
    0xff, 0xff, 0xff, 0xff, 0xff, 0xff, 0xff, 0xff, 
    0xff, 0xff, 0xff, 0xff, 0xff, 0xff, 0xff, 0xff, 
    0xff, 0xff, 0xff, 0xff, 0xff, 0xff, 0xff, 0xff, 
    0xff, 0xff, 0xff, 0xff, 0xff, 0xff, 0xff, 0xff, 
    0xff, 0xff, 0xff, 0xff, 0xff, 0xff, 0xff, 0xff, 
    0xff, 0xff, 0xff, 0xff, 0xff, 0xff, 0xff, 0xff, 
    0xff, 0xff, 0xff, 0xff, 0xff, 0xff, 0xff, 0xff, 
    0xff, 0xff, 0xff, 0xff, 0xff, 0xff, 0xff, 0xff, 
    0xff, 0xff, 0xff, 0xff, 0xff, 0xff, 0xff, 0xff, 
    0xff, 0xff, 0xff, 0xff, 0xff, 0xff, 0xff, 0xff, 
    0xff, 0xff, 0xff, 0xff, 0xff, 0xff, 0xff, 0xff, 
    0xff, 0xff, 0xff, 0xff, 0xff, 0xff, 0xff, 0xff, 
    0xff, 0xff, 0xff, 0xff, 0xff, 0xff, 0xff, 0xff, 
    0xff, 0xff, 0xff, 0xff, 0xff, 0xff, 0xff, 0xff, 
    0xff, 0xff, 0xff, 0xff, 0xff, 0xff, 0xff, 0xff, 
    0xff, 0xff, 0xff, 0xff, 0xff, 0xff, 0xff, 0xff, 
    0xff, 0xff, 0xff, 0xff, 0xff, 0xff, 0xff, 0xff, 
    0xff, 0xff, 0xff, 0xff, 0xff, 0xff, 0xff, 0xff, 
    0xff, 0xff, 0xff, 0xff, 0xff, 0xff, 0xff, 0xff, 
    0xff, 0xff, 0xff, 0xff, 0xff, 0xff, 0xff, 0xff, 
    0xff, 0xff, 0xff, 0xff, 0xff, 0xff, 0xff, 0xff, 
    0xff, 0xff, 0xff, 0xff, 0xff, 0xff, 0xff, 0xff, 
    0xff, 0xff, 0xff, 0xff, 0xff, 0xff, 0xff, 0xff, 
    0xff, 0xff, 0xff, 0xff, 0xff, 0xff, 0xff, 0xff, 
    0xff, 0xff, 0xff, 0xff, 0xff, 0xff, 0xff, 0xff, 
    0xff, 0xff, 0xff, 0xff, 0xff, 0xdb, 0x52, 0x14, 
    0x00, 0x00, 0x00, 0x03, 0xe2, 0xff, 0xff, 0xff, 
    0xff, 0xff, 0xff, 0xfa, 0x23, 0x00, 0x45, 0x49, 
    0x00, 0x01, 0x17, 0xe9, 0xff, 0xff, 0xff, 0xff, 
    0xff, 0xff, 0xd1, 0x00, 0x38, 0xff, 0xff, 0x3e, 
    0x00, 0xd2, 0xff, 0xff, 0xff, 0xff, 0xff, 0xff, 
    0xff, 0xe1, 0x00, 0x1e, 0xe2, 0xe2, 0x1e, 0x00, 
    0xd6, 0xff, 0xff, 0xff, 0xff, 0xff, 0xff, 0xff, 
    0xff, 0x44, 0x00, 0x00, 0x00, 0x00, 0x4d, 0xfe, 
    0xff, 0xff, 0xff, 0xff, 0xff, 0xff, 0xff, 0xdc, 
    0x04, 0x40, 0x78, 0x73, 0xa8, 0xfd, 0xff, 0xff, 
    0xff, 0xff, 0xff, 0xff, 0xff, 0xff, 0xa2, 0x00, 
    0x6d, 0xff, 0xff, 0xff, 0xff, 0xff, 0xff, 0xff, 
    0xff, 0xff, 0xff, 0xff, 0xff, 0xbf, 0x00, 0x0c, 
    0x54, 0x57, 0x61, 0x8f, 0xf2, 0xff, 0xff, 0xff, 
    0xff, 0xff, 0xff, 0xff, 0xf4, 0x22, 0x00, 0x00, 
    0x00, 0x00, 0x00, 0x3d, 0xff, 0xff, 0xff, 0xff, 
    0xff, 0xff, 0xff, 0x6b, 0x00, 0x70, 0xff, 0xfd, 
    0xab, 0x00, 0x03, 0xfb, 0xff, 0xff, 0xff, 0xff, 
    0xff, 0xff, 0x57, 0x00, 0x1c, 0x61, 0x63, 0x1f, 
    0x00, 0x48, 0xff, 0xff, 0xff, 0xff, 0xff, 0xff, 
    0xff, 0xe9, 0x64, 0x1d, 0x04, 0x07, 0x28, 0x7a, 
    0xf3, 0xff, 0xff, 0xff, 0xff, 0xff, 0xff, 0xff, 
    0xff, 0xff, 0xff, 0xff, 0xff, 0xff, 0xff, 0xff, 
    0xff, 0xff, 0xff, 0xff, 0xff, 0xff, 0xff, 0xff, 
    0xff, 0xff, 0xff, 0xff, 0xff, 0xff, 0xff, 0xff, 
    0xff, 0xff, 0xff, 0xff, 0xff, 0xff, 0xff, 0xff, 
    0xff, 0xff, 0xff, 0xff, 0xff, 0xff, 0xff, 0xff, 
    0xff, 0xff, 0xff, 0xff, 0xff, 0xff, 0xff, 0xff, 
    0xff, 0xff, 0xff, 0xff, 0xff, 0xff, 0xff, 0xff, 
    0xff, 0xff, 0xff, 0xff, 0xff, 0xff, 0xff, 0xff, 
    0xff, 0xff, 0xff, 0xff, 0xff, 0xff, 0xff, 0xff, 
    0xff, 0xff, 0xff, 0xff, 0xff, 0xff, 0xff, 0xff, 
    0xff, 0xff, 0xff, 0xff, 0xff, 0xff, 0xff, 0xff, 
    0xff, 0xff, 0xff, 0xff, 0xff, 0xff, 0xff, 0xff, 
    0xff, 0xff, 0xff, 0xff, 0xff, 0xff, 0xff, 0xff, 
    0xff, 0xff, 0xff, 0xff, 0xff, 0xff, 0xff, 0xff, 
    0xff, 0xff, 0xff, 0xff, 0xff, 0xff, 0xff, 0xff, 
    0xff, 0xff, 0xff, 0xff, 0xff, 0xff, 0xff, 0xff, 
    0xff, 0xff, 0xff, 0xff, 0xff, 0xff, 0xff, 0xff, 
    0xff, 0xff, 0xff, 0xff, 0xff, 0xff, 0xff, 0xff, 
    0xff, 0xff, 0xff, 0xff, 0xff, 0xff, 0xff, 0xff, 
    0xff, 0xff, 0xff, 0xff, 0xff, 0xff, 0xff, 0xff, 
    0xff, 0xff, 0xff, 0xff, 0xff, 0xff, 0xff, 0xff, 
    0xff, 0xff, 0xff, 0xff, 0xff, 0xff, 0xff, 0xff, 
    0xff, 0xff, 0xff, 0xff, 0xff, 0xff, 0xff, 0xff, 
    0xff, 0xff, 0xff, 0xff, 0xff, 0xff, 0xff, 0xff, 
    0xff, 0xff, 0xff, 0xff, 0xff, 0xff, 0xff, 0xff, 
    0xff, 0x30, 0x06, 0xbb, 0xff, 0xff, 0xff, 0xff, 
    0xff, 0xff, 0xff, 0xff, 0xff, 0xff, 0xff, 0x1b, 
    0x00, 0xab, 0xff, 0xff, 0xff, 0xff, 0xff, 0xff, 
    0xff, 0xff, 0xff, 0xff, 0xff, 0x1b, 0x00, 0xab, 
    0xff, 0xff, 0xff, 0xff, 0xff, 0xff, 0xff, 0xff, 
    0xff, 0xff, 0xff, 0x1b, 0x00, 0xab, 0xff, 0xff, 
    0xff, 0xff, 0xff, 0xff, 0xff, 0xff, 0xff, 0xff, 
    0xff, 0x1b, 0x00, 0x91, 0x52, 0x09, 0x1c, 0xa4, 
    0xff, 0xff, 0xff, 0xff, 0xff, 0xff, 0xff, 0x1b, 
    0x00, 0x04, 0x00, 0x00, 0x00, 0x00, 0xd5, 0xff, 
    0xff, 0xff, 0xff, 0xff, 0xff, 0x1b, 0x00, 0x1c, 
    0xc9, 0xd7, 0x14, 0x00, 0x87, 0xff, 0xff, 0xff, 
    0xff, 0xff, 0xff, 0x1b, 0x00, 0xa4, 0xff, 0xff, 
    0x59, 0x00, 0x6d, 0xff, 0xff, 0xff, 0xff, 0xff, 
    0xff, 0x1b, 0x00, 0xab, 0xff, 0xff, 0x63, 0x00, 
    0x67, 0xff, 0xff, 0xff, 0xff, 0xff, 0xff, 0x1b, 
    0x00, 0xab, 0xff, 0xff, 0x63, 0x00, 0x67, 0xff, 
    0xff, 0xff, 0xff, 0xff, 0xff, 0x1b, 0x00, 0xab, 
    0xff, 0xff, 0x63, 0x00, 0x67, 0xff, 0xff, 0xff, 
    0xff, 0xff, 0xff, 0x1b, 0x00, 0xab, 0xff, 0xff, 
    0x63, 0x00, 0x67, 0xff, 0xff, 0xff, 0xff, 0xff, 
    0xff, 0x2c, 0x03, 0xb8, 0xff, 0xff, 0x72, 0x01, 
    0x77, 0xff, 0xff, 0xff, 0xff, 0xff, 0xff, 0xff, 
    0xff, 0xff, 0xff, 0xff, 0xff, 0xff, 0xff, 0xff, 
    0xff, 0xff, 0xff, 0xff, 0xff, 0xff, 0xff, 0xff, 
    0xff, 0xff, 0xff, 0xff, 0xff, 0xff, 0xff, 0xff, 
    0xff, 0xff, 0xff, 0xff, 0xff, 0xff, 0xff, 0xff, 
    0xff, 0xff, 0xff, 0xff, 0xff, 0xff, 0xff, 0xff, 
    0xff, 0xff, 0xff, 0xff, 0xff, 0xff, 0xff, 0xff, 
    0xff, 0xff, 0xff, 0xff, 0xff, 0xff, 0xff, 0xff, 
    0xff, 0xff, 0xff, 0xff, 0xff, 0xff, 0xff, 0xff, 
    0xff, 0xff, 0xff, 0xff, 0xff, 0xff, 0xff, 0xff, 
    0xff, 0xff, 0xff, 0xff, 0xff, 0xff, 0xff, 0xff, 
    0xff, 0xff, 0xff, 0xff, 0xff, 0xff, 0xff, 0xff, 
    0xff, 0xff, 0xff, 0xff, 0xff, 0xff, 0xff, 0xff, 
    0xff, 0xff, 0xff, 0xff, 0xff, 0xff, 0xff, 0xff, 
    0xff, 0xff, 0xff, 0xff, 0xff, 0xff, 0xff, 0xff, 
    0xff, 0xff, 0xff, 0xff, 0xff, 0xff, 0xff, 0xff, 
    0xff, 0xff, 0xff, 0xff, 0xff, 0xff, 0xff, 0xff, 
    0xff, 0xff, 0xff, 0xff, 0xff, 0xff, 0xff, 0xff, 
    0xff, 0xff, 0xff, 0xff, 0xff, 0xff, 0xff, 0xff, 
    0xff, 0xff, 0xff, 0xff, 0xff, 0xff, 0xff, 0xff, 
    0xff, 0xff, 0xff, 0xff, 0xff, 0xff, 0xff, 0xff, 
    0xff, 0xff, 0xff, 0xff, 0xff, 0xff, 0xff, 0xff, 
    0xff, 0xff, 0xff, 0xff, 0xff, 0xff, 0xff, 0xff, 
    0xff, 0xff, 0xff, 0xff, 0xff, 0xff, 0xff, 0xff, 
    0xff, 0xff, 0xff, 0xff, 0xff, 0xff, 0xff, 0xff, 
    0xff, 0xff, 0xff, 0xff, 0xff, 0xff, 0xff, 0xff, 
    0xff, 0xfe, 0x2f, 0x0a, 0xb5, 0xff, 0xff, 0xff, 
    0xff, 0xff, 0xff, 0xf8, 0x02, 0x00, 0x91, 0xff, 
    0xff, 0xff, 0xff, 0xff, 0xff, 0xff, 0xba, 0x9e, 
    0xf3, 0xff, 0xff, 0xff, 0xff, 0xff, 0xff, 0xff, 
    0xff, 0xff, 0xff, 0xff, 0xff, 0xff, 0xff, 0xff, 
    0xff, 0xff, 0x2f, 0x06, 0xba, 0xff, 0xff, 0xff, 
    0xff, 0xff, 0xff, 0xff, 0x1b, 0x00, 0xab, 0xff, 
    0xff, 0xff, 0xff, 0xff, 0xff, 0xff, 0x1b, 0x00, 
    0xab, 0xff, 0xff, 0xff, 0xff, 0xff, 0xff, 0xff, 
    0x1b, 0x00, 0xab, 0xff, 0xff, 0xff, 0xff, 0xff, 
    0xff, 0xff, 0x1b, 0x00, 0xab, 0xff, 0xff, 0xff, 
    0xff, 0xff, 0xff, 0xff, 0x1b, 0x00, 0xab, 0xff, 
    0xff, 0xff, 0xff, 0xff, 0xff, 0xff, 0x1b, 0x00, 
    0xab, 0xff, 0xff, 0xff, 0xff, 0xff, 0xff, 0xff, 
    0x1b, 0x00, 0xab, 0xff, 0xff, 0xff, 0xff, 0xff, 
    0xff, 0xff, 0x2c, 0x03, 0xb9, 0xff, 0xff, 0xff, 
    0xff, 0xff, 0xff, 0xff, 0xff, 0xff, 0xff, 0xff, 
    0xff, 0xff, 0xff, 0xff, 0xff, 0xff, 0xff, 0xff, 
    0xff, 0xff, 0xff, 0xff, 0xff, 0xff, 0xff, 0xff, 
    0xff, 0xff, 0xff, 0xff, 0xff, 0xff, 0xff, 0xff, 
    0xff, 0xff, 0xff, 0xff, 0xff, 0xff, 0xff, 0xff, 
    0xff, 0xff, 0xff, 0xff, 0xff, 0xff, 0xff, 0xff, 
    0xff, 0xff, 0xff, 0xff, 0xff, 0xff, 0xff, 0xff, 
    0xff, 0xff, 0xff, 0xff, 0xff, 0xff, 0xff, 0xff, 
    0xff, 0xff, 0xff, 0xff, 0xff, 0xff, 0xff, 0xff, 
    0xff, 0xff, 0xff, 0xff, 0xff, 0xff, 0xff, 0xff, 
    0xff, 0xff, 0xff, 0xff, 0xff, 0xff, 0xff, 0xff, 
    0xff, 0xff, 0xff, 0xff, 0xff, 0xff, 0xff, 0xff, 
    0xff, 0xff, 0xff, 0xff, 0xff, 0xff, 0xff, 0xff, 
    0xff, 0xff, 0xff, 0xff, 0xff, 0xff, 0xff, 0xff, 
    0xff, 0xff, 0xff, 0xff, 0xff, 0xff, 0xff, 0xff, 
    0xff, 0xff, 0xff, 0xff, 0xff, 0xff, 0xff, 0xff, 
    0xff, 0xff, 0xff, 0xff, 0xff, 0xff, 0xff, 0xff, 
    0xff, 0xff, 0xff, 0xff, 0xff, 0xff, 0xff, 0xff, 
    0xff, 0xff, 0xff, 0xff, 0xff, 0xff, 0xff, 0xff, 
    0xff, 0xff, 0xff, 0xff, 0xff, 0xff, 0xff, 0xff, 
    0xff, 0xff, 0xff, 0xff, 0xff, 0xff, 0xff, 0xff, 
    0xff, 0xff, 0xff, 0xff, 0xff, 0xff, 0xff, 0xff, 
    0xff, 0xff, 0xff, 0xff, 0xff, 0xff, 0xff, 0xff, 
    0x58, 0x07, 0x8d, 0xff, 0xff, 0xff, 0xff, 0xff, 
    0xff, 0xff, 0xff, 0x27, 0x00, 0x64, 0xff, 0xff, 
    0xff, 0xff, 0xff, 0xff, 0xff, 0xff, 0xcc, 0x9a, 
    0xe4, 0xff, 0xff, 0xff, 0xff, 0xff, 0xff, 0xff, 
    0xff, 0xff, 0xff, 0xff, 0xff, 0xff, 0xff, 0xff, 
    0xff, 0xff, 0xff, 0xff, 0x5a, 0x04, 0x95, 0xff, 
    0xff, 0xff, 0xff, 0xff, 0xff, 0xff, 0xff, 0x47, 
    0x00, 0x83, 0xff, 0xff, 0xff, 0xff, 0xff, 0xff, 
    0xff, 0xff, 0x47, 0x00, 0x83, 0xff, 0xff, 0xff, 
    0xff, 0xff, 0xff, 0xff, 0xff, 0x47, 0x00, 0x83, 
    0xff, 0xff, 0xff, 0xff, 0xff, 0xff, 0xff, 0xff, 
    0x47, 0x00, 0x83, 0xff, 0xff, 0xff, 0xff, 0xff, 
    0xff, 0xff, 0xff, 0x47, 0x00, 0x83, 0xff, 0xff, 
    0xff, 0xff, 0xff, 0xff, 0xff, 0xff, 0x47, 0x00, 
    0x83, 0xff, 0xff, 0xff, 0xff, 0xff, 0xff, 0xff, 
    0xff, 0x47, 0x00, 0x83, 0xff, 0xff, 0xff, 0xff, 
    0xff, 0xff, 0xff, 0xff, 0x47, 0x00, 0x84, 0xff, 
    0xff, 0xff, 0xff, 0xff, 0xff, 0xff, 0xfc, 0x27, 
    0x00, 0x91, 0xff, 0xff, 0xff, 0xff, 0xff, 0xff, 
    0xb9, 0x0e, 0x00, 0x00, 0xd0, 0xff, 0xff, 0xff, 
    0xff, 0xff, 0xff, 0xc1, 0x0a, 0x19, 0x8d, 0xff, 
    0xff, 0xff, 0xff, 0xff, 0xff, 0xff, 0xff, 0xff, 
    0xff, 0xff, 0xff, 0xff, 0xff, 0xff, 0xff, 0xff, 
    0xff, 0xff, 0xff, 0xff, 0xff, 0xff, 0xff, 0xff, 
    0xff, 0xff, 0xff, 0xff, 0xff, 0xff, 0xff, 0xff, 
    0xff, 0xff, 0xff, 0xff, 0xff, 0xff, 0xff, 0xff, 
    0xff, 0xff, 0xff, 0xff, 0xff, 0xff, 0xff, 0xff, 
    0xff, 0xff, 0xff, 0xff, 0xff, 0xff, 0xff, 0xff, 
    0xff, 0xff, 0xff, 0xff, 0xff, 0xff, 0xff, 0xff, 
    0xff, 0xff, 0xff, 0xff, 0xff, 0xff, 0xff, 0xff, 
    0xff, 0xff, 0xff, 0xff, 0xff, 0xff, 0xff, 0xff, 
    0xff, 0xff, 0xff, 0xff, 0xff, 0xff, 0xff, 0xff, 
    0xff, 0xff, 0xff, 0xff, 0xff, 0xff, 0xff, 0xff, 
    0xff, 0xff, 0xff, 0xff, 0xff, 0xff, 0xff, 0xff, 
    0xff, 0xff, 0xff, 0xff, 0xff, 0xff, 0xff, 0xff, 
    0xff, 0xff, 0xff, 0xff, 0xff, 0xff, 0xff, 0xff, 
    0xff, 0xff, 0xff, 0xff, 0xff, 0xff, 0xff, 0xff, 
    0xff, 0xff, 0xff, 0xff, 0xff, 0xff, 0xff, 0xff, 
    0xff, 0xff, 0xff, 0xff, 0xff, 0xff, 0xff, 0xff, 
    0xff, 0xff, 0xff, 0xff, 0xff, 0xff, 0xff, 0xff, 
    0xff, 0xff, 0xff, 0xff, 0xff, 0xff, 0xff, 0xff, 
    0xff, 0xff, 0xff, 0xff, 0xff, 0xff, 0xff, 0xff, 
    0xff, 0xff, 0xff, 0xff, 0xff, 0xff, 0xff, 0xff, 
    0xff, 0xff, 0xff, 0xff, 0xff, 0xff, 0xff, 0xff, 
    0xff, 0xff, 0xff, 0x2f, 0x06, 0xba, 0xff, 0xff, 
    0xff, 0xff, 0xff, 0xff, 0xff, 0xff, 0xff, 0xff, 
    0xff, 0x1b, 0x00, 0xab, 0xff, 0xff, 0xff, 0xff, 
    0xff, 0xff, 0xff, 0xff, 0xff, 0xff, 0xff, 0x1b, 
    0x00, 0xab, 0xff, 0xff, 0xff, 0xff, 0xff, 0xff, 
    0xff, 0xff, 0xff, 0xff, 0xff, 0x1b, 0x00, 0xab, 
    0xff, 0xff, 0xff, 0xff, 0xff, 0xff, 0xff, 0xff, 
    0xff, 0xff, 0xff, 0x1b, 0x00, 0xab, 0xff, 0x99, 
    0x08, 0x13, 0xf8, 0xff, 0xff, 0xff, 0xff, 0xff, 
    0xff, 0x1b, 0x00, 0xab, 0xd6, 0x09, 0x00, 0x94, 
    0xff, 0xff, 0xff, 0xff, 0xff, 0xff, 0xff, 0x1b, 
    0x00, 0xa6, 0x31, 0x00, 0x6b, 0xff, 0xff, 0xff, 
    0xff, 0xff, 0xff, 0xff, 0xff, 0x1b, 0x00, 0x2c, 
    0x00, 0x3a, 0xfb, 0xff, 0xff, 0xff, 0xff, 0xff, 
    0xff, 0xff, 0xff, 0x1b, 0x00, 0x29, 0x00, 0x14, 
    0xed, 0xff, 0xff, 0xff, 0xff, 0xff, 0xff, 0xff, 
    0xff, 0x1b, 0x00, 0xa0, 0x1c, 0x00, 0x64, 0xff, 
    0xff, 0xff, 0xff, 0xff, 0xff, 0xff, 0xff, 0x1b, 
    0x00, 0xab, 0xaa, 0x00, 0x01, 0xc5, 0xff, 0xff, 
    0xff, 0xff, 0xff, 0xff, 0xff, 0x1b, 0x00, 0xab, 
    0xff, 0x45, 0x00, 0x2d, 0xfb, 0xff, 0xff, 0xff, 
    0xff, 0xff, 0xff, 0x2c, 0x03, 0xb9, 0xff, 0xd8, 
    0x12, 0x02, 0xb9, 0xff, 0xff, 0xff, 0xff, 0xff, 
    0xff, 0xff, 0xff, 0xff, 0xff, 0xff, 0xff, 0xff, 
    0xff, 0xff, 0xff, 0xff, 0xff, 0xff, 0xff, 0xff, 
    0xff, 0xff, 0xff, 0xff, 0xff, 0xff, 0xff, 0xff, 
    0xff, 0xff, 0xff, 0xff, 0xff, 0xff, 0xff, 0xff, 
    0xff, 0xff, 0xff, 0xff, 0xff, 0xff, 0xff, 0xff, 
    0xff, 0xff, 0xff, 0xff, 0xff, 0xff, 0xff, 0xff, 
    0xff, 0xff, 0xff, 0xff, 0xff, 0xff, 0xff, 0xff, 
    0xff, 0xff, 0xff, 0xff, 0xff, 0xff, 0xff, 0xff, 
    0xff, 0xff, 0xff, 0xff, 0xff, 0xff, 0xff, 0xff, 
    0xff, 0xff, 0xff, 0xff, 0xff, 0xff, 0xff, 0xff, 
    0xff, 0xff, 0xff, 0xff, 0xff, 0xff, 0xff, 0xff, 
    0xff, 0xff, 0xff, 0xff, 0xff, 0xff, 0xff, 0xff, 
    0xff, 0xff, 0xff, 0xff, 0xff, 0xff, 0xff, 0xff, 
    0xff, 0xff, 0xff, 0xff, 0xff, 0xff, 0xff, 0xff, 
    0xff, 0xff, 0xff, 0xff, 0xff, 0xff, 0xff, 0xff, 
    0xff, 0xff, 0xff, 0xff, 0xff, 0xff, 0xff, 0xff, 
    0xff, 0xff, 0xff, 0xff, 0xff, 0xff, 0xff, 0xff, 
    0xff, 0xff, 0xff, 0xff, 0xff, 0xff, 0xff, 0xff, 
    0xff, 0xff, 0xff, 0xff, 0xff, 0xff, 0xff, 0xff, 
    0xff, 0xff, 0xff, 0xff, 0xff, 0xff, 0xff, 0xff, 
    0xff, 0xff, 0xff, 0xff, 0xff, 0xff, 0xff, 0xff, 
    0xff, 0xff, 0xff, 0xff, 0xff, 0xff, 0xff, 0xff, 
    0xff, 0xff, 0xff, 0xff, 0xff, 0xff, 0xff, 0xff, 
    0xff, 0xff, 0xff, 0xff, 0xff, 0xff, 0xff, 0xff, 
    0xff, 0xff, 0x2f, 0x06, 0xba, 0xff, 0xff, 0xff, 
    0xff, 0xff, 0xff, 0x1b, 0x00, 0xab, 0xff, 0xff, 
    0xff, 0xff, 0xff, 0xff, 0x1b, 0x00, 0xab, 0xff, 
    0xff, 0xff, 0xff, 0xff, 0xff, 0x1b, 0x00, 0xab, 
    0xff, 0xff, 0xff, 0xff, 0xff, 0xff, 0x1b, 0x00, 
    0xab, 0xff, 0xff, 0xff, 0xff, 0xff, 0xff, 0x1b, 
    0x00, 0xab, 0xff, 0xff, 0xff, 0xff, 0xff, 0xff, 
    0x1b, 0x00, 0xab, 0xff, 0xff, 0xff, 0xff, 0xff, 
    0xff, 0x1b, 0x00, 0xab, 0xff, 0xff, 0xff, 0xff, 
    0xff, 0xff, 0x1b, 0x00, 0xab, 0xff, 0xff, 0xff, 
    0xff, 0xff, 0xff, 0x1b, 0x00, 0xab, 0xff, 0xff, 
    0xff, 0xff, 0xff, 0xff, 0x1b, 0x00, 0xab, 0xff, 
    0xff, 0xff, 0xff, 0xff, 0xff, 0x1b, 0x00, 0xab, 
    0xff, 0xff, 0xff, 0xff, 0xff, 0xff, 0x2c, 0x03, 
    0xb9, 0xff, 0xff, 0xff, 0xff, 0xff, 0xff, 0xff, 
    0xff, 0xff, 0xff, 0xff, 0xff, 0xff, 0xff, 0xff, 
    0xff, 0xff, 0xff, 0xff, 0xff, 0xff, 0xff, 0xff, 
    0xff, 0xff, 0xff, 0xff, 0xff, 0xff, 0xff, 0xff, 
    0xff, 0xff, 0xff, 0xff, 0xff, 0xff, 0xff, 0xff, 
    0xff, 0xff, 0xff, 0xff, 0xff, 0xff, 0xff, 0xff, 
    0xff, 0xff, 0xff, 0xff, 0xff, 0xff, 0xff, 0xff, 
    0xff, 0xff, 0xff, 0xff, 0xff, 0xff, 0xff, 0xff, 
    0xff, 0xff, 0xff, 0xff, 0xff, 0xff, 0xff, 0xff, 
    0xff, 0xff, 0xff, 0xff, 0xff, 0xff, 0xff, 0xff, 
    0xff, 0xff, 0xff, 0xff, 0xff, 0xff, 0xff, 0xff, 
    0xff, 0xff, 0xff, 0xff, 0xff, 0xff, 0xff, 0xff, 
    0xff, 0xff, 0xff, 0xff, 0xff, 0xff, 0xff, 0xff, 
    0xff, 0xff, 0xff, 0xff, 0xff, 0xff, 0xff, 0xff, 
    0xff, 0xff, 0xff, 0xff, 0xff, 0xff, 0xff, 0xff, 
    0xff, 0xff, 0xff, 0xff, 0xff, 0xff, 0xff, 0xff, 
    0xff, 0xff, 0xff, 0xff, 0xff, 0xff, 0xff, 0xff, 
    0xff, 0xff, 0xff, 0xff, 0xff, 0xff, 0xff, 0xff, 
    0xff, 0xff, 0xff, 0xff, 0xff, 0xff, 0xff, 0xff, 
    0xff, 0xff, 0xff, 0xff, 0xff, 0xff, 0xff, 0xff, 
    0xff, 0xff, 0xff, 0xff, 0xff, 0xff, 0xff, 0xff, 
    0xff, 0xff, 0xff, 0xff, 0xff, 0xff, 0xff, 0xff, 
    0xff, 0xff, 0xff, 0xff, 0xff, 0xff, 0xff, 0xff, 
    0xff, 0xff, 0xff, 0xff, 0xff, 0xff, 0xff, 0xff, 
    0xff, 0xff, 0xff, 0xff, 0xff, 0xff, 0xff, 0xff, 
    0xff, 0xff, 0xff, 0xff, 0xff, 0xff, 0xff, 0xff, 
    0xff, 0xff, 0xff, 0xff, 0xff, 0xff, 0xff, 0xff, 
    0xff, 0xff, 0xff, 0xff, 0xff, 0xff, 0xff, 0xff, 
    0xff, 0xff, 0xff, 0xff, 0xff, 0xff, 0xff, 0xff, 
    0xff, 0xff, 0xff, 0xff, 0xff, 0xff, 0xff, 0xff, 
    0xff, 0xff, 0xff, 0xff, 0xff, 0xff, 0xff, 0xff, 
    0xff, 0xff, 0xff, 0xff, 0xff, 0xff, 0xff, 0xff, 
    0xff, 0xff, 0xff, 0xff, 0xff, 0xff, 0xff, 0xff, 
    0xff, 0xff, 0xff, 0xff, 0xff, 0xff, 0xff, 0xff, 
    0xff, 0xff, 0xff, 0xff, 0xff, 0xff, 0xff, 0xff, 
    0xff, 0xff, 0xff, 0xff, 0xff, 0xff, 0xff, 0xff, 
    0xff, 0xff, 0xff, 0xff, 0xff, 0xff, 0xff, 0xff, 
    0xff, 0xff, 0xff, 0xff, 0xff, 0xff, 0xff, 0xff, 
    0xff, 0xff, 0xff, 0xff, 0xff, 0xff, 0xff, 0xff, 
    0xff, 0xff, 0xff, 0xff, 0xff, 0xff, 0xff, 0xff, 
    0xff, 0xff, 0xff, 0xff, 0xff, 0xff, 0x2c, 0x10, 
    0xd3, 0x42, 0x08, 0x23, 0xa3, 0xe3, 0x53, 0x0a, 
    0x1a, 0x9f, 0xff, 0xff, 0xff, 0xff, 0xff, 0xff, 
    0xff, 0x1b, 0x00, 0x0d, 0x0a, 0x09, 0x00, 0x03, 
    0x17, 0x06, 0x0e, 0x00, 0x00, 0xd2, 0xff, 0xff, 
    0xff, 0xff, 0xff, 0xff, 0x1b, 0x00, 0x30, 0xeb, 
    0xe5, 0x09, 0x00, 0x1d, 0xdb, 0xf3, 0x1e, 0x00, 
    0x86, 0xff, 0xff, 0xff, 0xff, 0xff, 0xff, 0x1b, 
    0x00, 0xaa, 0xff, 0xff, 0x34, 0x00, 0x8a, 0xff, 
    0xff, 0x58, 0x00, 0x6e, 0xff, 0xff, 0xff, 0xff, 
    0xff, 0xff, 0x1b, 0x00, 0xab, 0xff, 0xff, 0x3b, 
    0x00, 0x8b, 0xff, 0xff, 0x5f, 0x00, 0x6b, 0xff, 
    0xff, 0xff, 0xff, 0xff, 0xff, 0x1b, 0x00, 0xab, 
    0xff, 0xff, 0x3b, 0x00, 0x8b, 0xff, 0xff, 0x5f, 
    0x00, 0x6b, 0xff, 0xff, 0xff, 0xff, 0xff, 0xff, 
    0x1b, 0x00, 0xab, 0xff, 0xff, 0x3b, 0x00, 0x8b, 
    0xff, 0xff, 0x5f, 0x00, 0x6b, 0xff, 0xff, 0xff, 
    0xff, 0xff, 0xff, 0x1b, 0x00, 0xab, 0xff, 0xff, 
    0x3b, 0x00, 0x8b, 0xff, 0xff, 0x5f, 0x00, 0x6b, 
    0xff, 0xff, 0xff, 0xff, 0xff, 0xff, 0x2c, 0x03, 
    0xb9, 0xff, 0xff, 0x4b, 0x02, 0x9a, 0xff, 0xff, 
    0x6e, 0x01, 0x7b, 0xff, 0xff, 0xff, 0xff, 0xff, 
    0xff, 0xff, 0xff, 0xff, 0xff, 0xff, 0xff, 0xff, 
    0xff, 0xff, 0xff, 0xff, 0xff, 0xff, 0xff, 0xff, 
    0xff, 0xff, 0xff, 0xff, 0xff, 0xff, 0xff, 0xff, 
    0xff, 0xff, 0xff, 0xff, 0xff, 0xff, 0xff, 0xff, 
    0xff, 0xff, 0xff, 0xff, 0xff, 0xff, 0xff, 0xff, 
    0xff, 0xff, 0xff, 0xff, 0xff, 0xff, 0xff, 0xff, 
    0xff, 0xff, 0xff, 0xff, 0xff, 0xff, 0xff, 0xff, 
    0xff, 0xff, 0xff, 0xff, 0xff, 0xff, 0xff, 0xff, 
    0xff, 0xff, 0xff, 0xff, 0xff, 0xff, 0xff, 0xff, 
    0xff, 0xff, 0xff, 0xff, 0xff, 0xff, 0xff, 0xff, 
    0xff, 0xff, 0xff, 0xff, 0xff, 0xff, 0xff, 0xff, 
    0xff, 0xff, 0xff, 0xff, 0xff, 0xff, 0xff, 0xff, 
    0xff, 0xff, 0xff, 0xff, 0xff, 0xff, 0xff, 0xff, 
    0xff, 0xff, 0xff, 0xff, 0xff, 0xff, 0xff, 0xff, 
    0xff, 0xff, 0xff, 0xff, 0xff, 0xff, 0xff, 0xff, 
    0xff, 0xff, 0xff, 0xff, 0xff, 0xff, 0xff, 0xff, 
    0xff, 0xff, 0xff, 0xff, 0xff, 0xff, 0xff, 0xff, 
    0xff, 0xff, 0xff, 0xff, 0xff, 0xff, 0xff, 0xff, 
    0xff, 0xff, 0xff, 0xff, 0xff, 0xff, 0xff, 0xff, 
    0xff, 0xff, 0xff, 0xff, 0xff, 0xff, 0xff, 0xff, 
    0xff, 0xff, 0xff, 0xff, 0xff, 0xff, 0xff, 0xff, 
    0xff, 0xff, 0xff, 0xff, 0xff, 0xff, 0xff, 0xff, 
    0xff, 0xff, 0xff, 0xff, 0xff, 0xff, 0xff, 0xff, 
    0xff, 0xff, 0xff, 0xff, 0xff, 0xff, 0xff, 0xff, 
    0xff, 0xff, 0xff, 0xff, 0xff, 0xff, 0xff, 0xff, 
    0xff, 0xff, 0xff, 0xff, 0xff, 0xff, 0xff, 0xff, 
    0xff, 0xff, 0xff, 0xff, 0xff, 0xff, 0xff, 0xff, 
    0xff, 0xff, 0xff, 0xff, 0xff, 0xff, 0xff, 0xff, 
    0xff, 0xff, 0xff, 0xff, 0xff, 0xff, 0xff, 0xff, 
    0xff, 0xff, 0xff, 0xff, 0xff, 0xff, 0xff, 0xff, 
    0xff, 0xff, 0xff, 0xff, 0xff, 0xff, 0xff, 0xff, 
    0xff, 0xff, 0xff, 0xff, 0xff, 0xff, 0xff, 0xff, 
    0xff, 0xff, 0xff, 0xff, 0xff, 0xff, 0xff, 0xff, 
    0xff, 0xff, 0xff, 0xff, 0xff, 0xff, 0xff, 0xff, 
    0xff, 0xff, 0xff, 0xff, 0xff, 0xff, 0xff, 0xff, 
    0xff, 0xff, 0xff, 0xff, 0xff, 0xff, 0xff, 0xff, 
    0xff, 0xff, 0xff, 0xff, 0xff, 0xff, 0xff, 0xff, 
    0xff, 0xff, 0xff, 0xff, 0xff, 0xff, 0xff, 0xff, 
    0xff, 0xff, 0xff, 0xff, 0xff, 0xff, 0xff, 0xff, 
    0xff, 0xff, 0xff, 0xff, 0xff, 0xff, 0xff, 0xff, 
    0xff, 0xff, 0xff, 0xff, 0xff, 0xff, 0xff, 0xff, 
    0xff, 0xff, 0xff, 0xff, 0xff, 0xff, 0xff, 0x2c, 
    0x10, 0xd4, 0x46, 0x08, 0x1c, 0xa4, 0xff, 0xff, 
    0xff, 0xff, 0xff, 0xff, 0xff, 0x1b, 0x00, 0x0e, 
    0x08, 0x0d, 0x00, 0x00, 0xd4, 0xff, 0xff, 0xff, 
    0xff, 0xff, 0xff, 0x1b, 0x00, 0x2f, 0xe8, 0xf1, 
    0x1e, 0x00, 0x80, 0xff, 0xff, 0xff, 0xff, 0xff, 
    0xff, 0x1b, 0x00, 0xaa, 0xff, 0xff, 0x5d, 0x00, 
    0x6a, 0xff, 0xff, 0xff, 0xff, 0xff, 0xff, 0x1b, 
    0x00, 0xab, 0xff, 0xff, 0x63, 0x00, 0x67, 0xff, 
    0xff, 0xff, 0xff, 0xff, 0xff, 0x1b, 0x00, 0xab, 
    0xff, 0xff, 0x63, 0x00, 0x67, 0xff, 0xff, 0xff, 
    0xff, 0xff, 0xff, 0x1b, 0x00, 0xab, 0xff, 0xff, 
    0x63, 0x00, 0x67, 0xff, 0xff, 0xff, 0xff, 0xff, 
    0xff, 0x1b, 0x00, 0xab, 0xff, 0xff, 0x63, 0x00, 
    0x67, 0xff, 0xff, 0xff, 0xff, 0xff, 0xff, 0x2c, 
    0x03, 0xb9, 0xff, 0xff, 0x72, 0x01, 0x77, 0xff, 
    0xff, 0xff, 0xff, 0xff, 0xff, 0xff, 0xff, 0xff, 
    0xff, 0xff, 0xff, 0xff, 0xff, 0xff, 0xff, 0xff, 
    0xff, 0xff, 0xff, 0xff, 0xff, 0xff, 0xff, 0xff, 
    0xff, 0xff, 0xff, 0xff, 0xff, 0xff, 0xff, 0xff, 
    0xff, 0xff, 0xff, 0xff, 0xff, 0xff, 0xff, 0xff, 
    0xff, 0xff, 0xff, 0xff, 0xff, 0xff, 0xff, 0xff, 
    0xff, 0xff, 0xff, 0xff, 0xff, 0xff, 0xff, 0xff, 
    0xff, 0xff, 0xff, 0xff, 0xff, 0xff, 0xff, 0xff, 
    0xff, 0xff, 0xff, 0xff, 0xff, 0xff, 0xff, 0xff, 
    0xff, 0xff, 0xff, 0xff, 0xff, 0xff, 0xff, 0xff, 
    0xff, 0xff, 0xff, 0xff, 0xff, 0xff, 0xff, 0xff, 
    0xff, 0xff, 0xff, 0xff, 0xff, 0xff, 0xff, 0xff, 
    0xff, 0xff, 0xff, 0xff, 0xff, 0xff, 0xff, 0xff, 
    0xff, 0xff, 0xff, 0xff, 0xff, 0xff, 0xff, 0xff, 
    0xff, 0xff, 0xff, 0xff, 0xff, 0xff, 0xff, 0xff, 
    0xff, 0xff, 0xff, 0xff, 0xff, 0xff, 0xff, 0xff, 
    0xff, 0xff, 0xff, 0xff, 0xff, 0xff, 0xff, 0xff, 
    0xff, 0xff, 0xff, 0xff, 0xff, 0xff, 0xff, 0xff, 
    0xff, 0xff, 0xff, 0xff, 0xff, 0xff, 0xff, 0xff, 
    0xff, 0xff, 0xff, 0xff, 0xff, 0xff, 0xff, 0xff, 
    0xff, 0xff, 0xff, 0xff, 0xff, 0xff, 0xff, 0xff, 
    0xff, 0xff, 0xff, 0xff, 0xff, 0xff, 0xff, 0xff, 
    0xff, 0xff, 0xff, 0xff, 0xff, 0xff, 0xff, 0xff, 
    0xff, 0xff, 0xff, 0xff, 0xff, 0xff, 0xff, 0xff, 
    0xff, 0xff, 0xff, 0xff, 0xff, 0xff, 0xff, 0xff, 
    0xff, 0xff, 0xff, 0xff, 0xff, 0xff, 0xff, 0xff, 
    0xff, 0xff, 0xff, 0xff, 0xff, 0xff, 0xff, 0xff, 
    0xff, 0xff, 0xff, 0xff, 0xff, 0xff, 0xff, 0xff, 
    0xff, 0xff, 0xff, 0xff, 0xff, 0xff, 0xff, 0xff, 
    0xff, 0xff, 0xff, 0xff, 0xff, 0xff, 0xff, 0xff, 
    0xff, 0xff, 0xff, 0xff, 0xff, 0xff, 0xff, 0xff, 
    0xff, 0xff, 0xff, 0xff, 0xff, 0xff, 0xff, 0xff, 
    0xff, 0xff, 0xff, 0xff, 0xff, 0xff, 0xff, 0xff, 
    0xff, 0xff, 0xff, 0xff, 0xff, 0xff, 0xff, 0xff, 
    0xff, 0xff, 0xff, 0xff, 0xff, 0xff, 0xff, 0xff, 
    0xff, 0xff, 0xff, 0xff, 0xff, 0xff, 0xff, 0xff, 
    0xff, 0xff, 0xff, 0xff, 0xff, 0xff, 0xff, 0xff, 
    0xff, 0xff, 0xff, 0xff, 0xff, 0xff, 0xff, 0xff, 
    0xff, 0xff, 0xff, 0xff, 0xff, 0xff, 0xff, 0xff, 
    0xff, 0xff, 0xff, 0xff, 0xff, 0xff, 0xff, 0xff, 
    0xff, 0xff, 0xff, 0xff, 0xff, 0xff, 0xff, 0xa2, 
    0x32, 0x09, 0x0b, 0x3c, 0xb6, 0xff, 0xff, 0xff, 
    0xff, 0xff, 0xff, 0xff, 0xff, 0xff, 0x8e, 0x00, 
    0x00, 0x17, 0x0a, 0x00, 0x01, 0xb8, 0xff, 0xff, 
    0xff, 0xff, 0xff, 0xff, 0xff, 0xf4, 0x0d, 0x00, 
    0x81, 0xff, 0xf6, 0x3c, 0x00, 0x40, 0xff, 0xff, 
    0xff, 0xff, 0xff, 0xff, 0xff, 0xbd, 0x00, 0x02, 
    0xf7, 0xff, 0xff, 0xa6, 0x00, 0x0a, 0xff, 0xff, 
    0xff, 0xff, 0xff, 0xff, 0xff, 0xa9, 0x00, 0x12, 
    0xff, 0xff, 0xff, 0xbd, 0x00, 0x00, 0xfc, 0xff, 
    0xff, 0xff, 0xff, 0xff, 0xff, 0xc0, 0x00, 0x03, 
    0xf6, 0xff, 0xff, 0xa1, 0x00, 0x12, 0xff, 0xff, 
    0xff, 0xff, 0xff, 0xff, 0xff, 0xe9, 0x06, 0x00, 
    0x85, 0xff, 0xf2, 0x36, 0x00, 0x55, 0xff, 0xff, 
    0xff, 0xff, 0xff, 0xff, 0xff, 0xff, 0x71, 0x00, 
    0x00, 0x14, 0x08, 0x00, 0x0d, 0xd6, 0xff, 0xff, 
    0xff, 0xff, 0xff, 0xff, 0xff, 0xff, 0xfb, 0x83, 
    0x25, 0x05, 0x11, 0x4f, 0xd4, 0xff, 0xff, 0xff, 
    0xff, 0xff, 0xff, 0xff, 0xff, 0xff, 0xff, 0xff, 
    0xff, 0xff, 0xff, 0xff, 0xff, 0xff, 0xff, 0xff, 
    0xff, 0xff, 0xff, 0xff, 0xff, 0xff, 0xff, 0xff, 
    0xff, 0xff, 0xff, 0xff, 0xff, 0xff, 0xff, 0xff, 
    0xff, 0xff, 0xff, 0xff, 0xff, 0xff, 0xff, 0xff, 
    0xff, 0xff, 0xff, 0xff, 0xff, 0xff, 0xff, 0xff, 
    0xff, 0xff, 0xff, 0xff, 0xff, 0xff, 0xff, 0xff, 
    0xff, 0xff, 0xff, 0xff, 0xff, 0xff, 0xff, 0xff, 
    0xff, 0xff, 0xff, 0xff, 0xff, 0xff, 0xff, 0xff, 
    0xff, 0xff, 0xff, 0xff, 0xff, 0xff, 0xff, 0xff, 
    0xff, 0xff, 0xff, 0xff, 0xff, 0xff, 0xff, 0xff, 
    0xff, 0xff, 0xff, 0xff, 0xff, 0xff, 0xff, 0xff, 
    0xff, 0xff, 0xff, 0xff, 0xff, 0xff, 0xff, 0xff, 
    0xff, 0xff, 0xff, 0xff, 0xff, 0xff, 0xff, 0xff, 
    0xff, 0xff, 0xff, 0xff, 0xff, 0xff, 0xff, 0xff, 
    0xff, 0xff, 0xff, 0xff, 0xff, 0xff, 0xff, 0xff, 
    0xff, 0xff, 0xff, 0xff, 0xff, 0xff, 0xff, 0xff, 
    0xff, 0xff, 0xff, 0xff, 0xff, 0xff, 0xff, 0xff, 
    0xff, 0xff, 0xff, 0xff, 0xff, 0xff, 0xff, 0xff, 
    0xff, 0xff, 0xff, 0xff, 0xff, 0xff, 0xff, 0xff, 
    0xff, 0xff, 0xff, 0xff, 0xff, 0xff, 0xff, 0xff, 
    0xff, 0xff, 0xff, 0xff, 0xff, 0xff, 0xff, 0xff, 
    0xff, 0xff, 0xff, 0xff, 0xff, 0xff, 0xff, 0xff, 
    0xff, 0xff, 0xff, 0xff, 0xff, 0xff, 0xff, 0xff, 
    0xff, 0xff, 0xff, 0xff, 0xff, 0xff, 0xff, 0xff, 
    0xff, 0xff, 0xff, 0xff, 0xff, 0xff, 0xff, 0xff, 
    0xff, 0xff, 0xff, 0xff, 0xff, 0xff, 0xff, 0xff, 
    0xff, 0xff, 0xff, 0xff, 0xff, 0xff, 0xff, 0xff, 
    0xff, 0xff, 0xff, 0xff, 0xff, 0xff, 0xff, 0xff, 
    0xff, 0xff, 0xff, 0xff, 0xff, 0xff, 0xff, 0xff, 
    0xff, 0xff, 0xff, 0xff, 0xff, 0xff, 0xff, 0xff, 
    0xff, 0xff, 0xff, 0xff, 0xff, 0xff, 0xff, 0xff, 
    0xff, 0xff, 0xff, 0xff, 0xff, 0xff, 0xff, 0xff, 
    0xff, 0xff, 0xff, 0xff, 0xff, 0xff, 0xff, 0xff, 
    0xff, 0xff, 0xff, 0xff, 0xff, 0xff, 0xff, 0xff, 
    0xff, 0xff, 0xff, 0xff, 0xff, 0xff, 0xff, 0xff, 
    0xff, 0xff, 0xff, 0xff, 0xff, 0xff, 0xff, 0xff, 
    0xff, 0xff, 0xff, 0xff, 0xff, 0xff, 0xff, 0xff, 
    0xff, 0xff, 0xff, 0xff, 0xff, 0xff, 0xff, 0xff, 
    0xff, 0xff, 0xff, 0x2c, 0x14, 0xd7, 0x4b, 0x0a, 
    0x18, 0x87, 0xff, 0xff, 0xff, 0xff, 0xff, 0xff, 
    0xff, 0x1b, 0x01, 0x0e, 0x0c, 0x14, 0x00, 0x00, 
    0xab, 0xff, 0xff, 0xff, 0xff, 0xff, 0xff, 0x1b, 
    0x00, 0x32, 0xeb, 0xfb, 0x3a, 0x00, 0x43, 0xff, 
    0xff, 0xff, 0xff, 0xff, 0xff, 0x1b, 0x00, 0xaa, 
    0xff, 0xff, 0x98, 0x00, 0x17, 0xff, 0xff, 0xff, 
    0xff, 0xff, 0xff, 0x1b, 0x00, 0xab, 0xff, 0xff, 
    0xad, 0x00, 0x08, 0xff, 0xff, 0xff, 0xff, 0xff, 
    0xff, 0x1b, 0x00, 0xa6, 0xff, 0xff, 0x8c, 0x00, 
    0x23, 0xff, 0xff, 0xff, 0xff, 0xff, 0xff, 0x1b, 
    0x00, 0x21, 0xd6, 0xe2, 0x22, 0x00, 0x50, 0xff, 
    0xff, 0xff, 0xff, 0xff, 0xff, 0x1b, 0x00, 0x02, 
    0x00, 0x00, 0x00, 0x01, 0xbf, 0xff, 0xff, 0xff, 
    0xff, 0xff, 0xff, 0x1b, 0x00, 0x8b, 0x42, 0x06, 
    0x25, 0xa7, 0xff, 0xff, 0xff, 0xff, 0xff, 0xff, 
    0xff, 0x1b, 0x00, 0xab, 0xff, 0xff, 0xff, 0xff, 
    0xff, 0xff, 0xff, 0xff, 0xff, 0xff, 0xff, 0x1b, 
    0x00, 0xab, 0xff, 0xff, 0xff, 0xff, 0xff, 0xff, 
    0xff, 0xff, 0xff, 0xff, 0xff, 0x2c, 0x03, 0xb9, 
    0xff, 0xff, 0xff, 0xff, 0xff, 0xff, 0xff, 0xff, 
    0xff, 0xff, 0xff, 0xff, 0xff, 0xff, 0xff, 0xff, 
    0xff, 0xff, 0xff, 0xff, 0xff, 0xff, 0xff, 0xff, 
    0xff, 0xff, 0xff, 0xff, 0xff, 0xff, 0xff, 0xff, 
    0xff, 0xff, 0xff, 0xff, 0xff, 0xff, 0xff, 0xff, 
    0xff, 0xff, 0xff, 0xff, 0xff, 0xff, 0xff, 0xff, 
    0xff, 0xff, 0xff, 0xff, 0xff, 0xff, 0xff, 0xff, 
    0xff, 0xff, 0xff, 0xff, 0xff, 0xff, 0xff, 0xff, 
    0xff, 0xff, 0xff, 0xff, 0xff, 0xff, 0xff, 0xff, 
    0xff, 0xff, 0xff, 0xff, 0xff, 0xff, 0xff, 0xff, 
    0xff, 0xff, 0xff, 0xff, 0xff, 0xff, 0xff, 0xff, 
    0xff, 0xff, 0xff, 0xff, 0xff, 0xff, 0xff, 0xff, 
    0xff, 0xff, 0xff, 0xff, 0xff, 0xff, 0xff, 0xff, 
    0xff, 0xff, 0xff, 0xff, 0xff, 0xff, 0xff, 0xff, 
    0xff, 0xff, 0xff, 0xff, 0xff, 0xff, 0xff, 0xff, 
    0xff, 0xff, 0xff, 0xff, 0xff, 0xff, 0xff, 0xff, 
    0xff, 0xff, 0xff, 0xff, 0xff, 0xff, 0xff, 0xff, 
    0xff, 0xff, 0xff, 0xff, 0xff, 0xff, 0xff, 0xff, 
    0xff, 0xff, 0xff, 0xff, 0xff, 0xff, 0xff, 0xff, 
    0xff, 0xff, 0xff, 0xff, 0xff, 0xff, 0xff, 0xff, 
    0xff, 0xff, 0xff, 0xff, 0xff, 0xff, 0xff, 0xff, 
    0xff, 0xff, 0xff, 0xff, 0xff, 0xff, 0xff, 0xff, 
    0xff, 0xff, 0xff, 0xff, 0xff, 0xff, 0xff, 0xff, 
    0xff, 0xff, 0xff, 0xff, 0xff, 0xff, 0xff, 0xff, 
    0xff, 0xff, 0xff, 0xff, 0xff, 0xff, 0xff, 0xff, 
    0xff, 0xff, 0xff, 0xff, 0xff, 0xff, 0xff, 0xff, 
    0xff, 0xff, 0xff, 0xff, 0xff, 0xff, 0xff, 0xff, 
    0xff, 0xff, 0xff, 0xff, 0xff, 0xff, 0xff, 0xff, 
    0xff, 0xff, 0xff, 0xff, 0xff, 0xff, 0xff, 0xff, 
    0xff, 0xff, 0xff, 0xff, 0xff, 0xff, 0xff, 0xff, 
    0xff, 0xff, 0xff, 0xff, 0xff, 0xff, 0xff, 0xff, 
    0xff, 0xff, 0xff, 0xff, 0xff, 0xff, 0xff, 0xff, 
    0xff, 0xff, 0xff, 0xff, 0xff, 0xff, 0xff, 0xff, 
    0xff, 0xff, 0xff, 0xff, 0xff, 0xff, 0xff, 0xff, 
    0xff, 0xff, 0xff, 0xff, 0xff, 0xf9, 0x70, 0x14, 
    0x0e, 0x71, 0xb7, 0x05, 0x82, 0xff, 0xff, 0xff, 
    0xff, 0xff, 0xff, 0xff, 0x71, 0x00, 0x00, 0x02, 
    0x00, 0x17, 0x00, 0x73, 0xff, 0xff, 0xff, 0xff, 
    0xff, 0xff, 0xf0, 0x0a, 0x00, 0x77, 0xfa, 0xa5, 
    0x05, 0x00, 0x73, 0xff, 0xff, 0xff, 0xff, 0xff, 
    0xff, 0xc7, 0x00, 0x02, 0xf2, 0xff, 0xff, 0x54, 
    0x00, 0x73, 0xff, 0xff, 0xff, 0xff, 0xff, 0xff, 
    0xaf, 0x00, 0x12, 0xff, 0xff, 0xff, 0x57, 0x00, 
    0x73, 0xff, 0xff, 0xff, 0xff, 0xff, 0xff, 0xbe, 
    0x00, 0x03, 0xf4, 0xff, 0xff, 0x51, 0x00, 0x73, 
    0xff, 0xff, 0xff, 0xff, 0xff, 0xff, 0xe8, 0x04, 
    0x00, 0x80, 0xf9, 0x9d, 0x02, 0x00, 0x73, 0xff, 
    0xff, 0xff, 0xff, 0xff, 0xff, 0xff, 0x58, 0x00, 
    0x00, 0x01, 0x00, 0x04, 0x00, 0x73, 0xff, 0xff, 
    0xff, 0xff, 0xff, 0xff, 0xff, 0xf5, 0x58, 0x0a, 
    0x17, 0x83, 0x55, 0x00, 0x73, 0xff, 0xff, 0xff, 
    0xff, 0xff, 0xff, 0xff, 0xff, 0xff, 0xff, 0xff, 
    0xff, 0x57, 0x00, 0x73, 0xff, 0xff, 0xff, 0xff, 
    0xff, 0xff, 0xff, 0xff, 0xff, 0xff, 0xff, 0xff, 
    0x57, 0x00, 0x73, 0xff, 0xff, 0xff, 0xff, 0xff, 
    0xff, 0xff, 0xff, 0xff, 0xff, 0xff, 0xff, 0x67, 
    0x01, 0x84, 0xff, 0xff, 0xff, 0xff, 0xff, 0xff, 
    0xff, 0xff, 0xff, 0xff, 0xff, 0xff, 0xff, 0xff, 
    0xff, 0xff, 0xff, 0xff, 0xff, 0xff, 0xff, 0xff, 
    0xff, 0xff, 0xff, 0xff, 0xff, 0xff, 0xff, 0xff, 
    0xff, 0xff, 0xff, 0xff, 0xff, 0xff, 0xff, 0xff, 
    0xff, 0xff, 0xff, 0xff, 0xff, 0xff, 0xff, 0xff, 
    0xff, 0xff, 0xff, 0xff, 0xff, 0xff, 0xff, 0xff, 
    0xff, 0xff, 0xff, 0xff, 0xff, 0xff, 0xff, 0xff, 
    0xff, 0xff, 0xff, 0xff, 0xff, 0xff, 0xff, 0xff, 
    0xff, 0xff, 0xff, 0xff, 0xff, 0xff, 0xff, 0xff, 
    0xff, 0xff, 0xff, 0xff, 0xff, 0xff, 0xff, 0xff, 
    0xff, 0xff, 0xff, 0xff, 0xff, 0xff, 0xff, 0xff, 
    0xff, 0xff, 0xff, 0xff, 0xff, 0xff, 0xff, 0xff, 
    0xff, 0xff, 0xff, 0xff, 0xff, 0xff, 0xff, 0xff, 
    0xff, 0xff, 0xff, 0xff, 0xff, 0xff, 0xff, 0xff, 
    0xff, 0xff, 0xff, 0xff, 0xff, 0xff, 0xff, 0xff, 
    0xff, 0xff, 0xff, 0xff, 0xff, 0xff, 0xff, 0xff, 
    0xff, 0xff, 0xff, 0xff, 0xff, 0xff, 0xff, 0xff, 
    0xff, 0xff, 0xff, 0xff, 0xff, 0xff, 0xff, 0xff, 
    0xff, 0xff, 0xff, 0xff, 0xff, 0xff, 0xff, 0xff, 
    0xff, 0xff, 0xff, 0xff, 0xff, 0xff, 0xff, 0xff, 
    0xff, 0xff, 0xff, 0xff, 0xff, 0xff, 0xff, 0xff, 
    0xff, 0xff, 0xff, 0xff, 0xff, 0xff, 0xff, 0xff, 
    0xff, 0xff, 0xff, 0xff, 0xff, 0xff, 0xff, 0xff, 
    0xff, 0xff, 0xff, 0xff, 0xff, 0xff, 0xff, 0xff, 
    0xff, 0xff, 0xff, 0xff, 0xff, 0xff, 0xff, 0xff, 
    0xff, 0xff, 0xff, 0xff, 0xff, 0xff, 0xff, 0xff, 
    0xff, 0xff, 0xff, 0xff, 0xff, 0xff, 0xff, 0xff, 
    0xff, 0xff, 0xff, 0xff, 0xff, 0xff, 0xff, 0xff, 
    0xff, 0xff, 0xff, 0xff, 0xff, 0xff, 0xff, 0x2c, 
    0x10, 0xc3, 0x21, 0x0a, 0xe9, 0xff, 0xff, 0xff, 
    0xff, 0xff, 0xff, 0x1b, 0x00, 0x10, 0x00, 0x00, 
    0xe0, 0xff, 0xff, 0xff, 0xff, 0xff, 0xff, 0x1b, 
    0x00, 0x16, 0xcf, 0xe2, 0xfe, 0xff, 0xff, 0xff, 
    0xff, 0xff, 0xff, 0x1b, 0x00, 0x99, 0xff, 0xff, 
    0xff, 0xff, 0xff, 0xff, 0xff, 0xff, 0xff, 0x1b, 
    0x00, 0xab, 0xff, 0xff, 0xff, 0xff, 0xff, 0xff, 
    0xff, 0xff, 0xff, 0x1b, 0x00, 0xab, 0xff, 0xff, 
    0xff, 0xff, 0xff, 0xff, 0xff, 0xff, 0xff, 0x1b, 
    0x00, 0xab, 0xff, 0xff, 0xff, 0xff, 0xff, 0xff, 
    0xff, 0xff, 0xff, 0x1b, 0x00, 0xab, 0xff, 0xff, 
    0xff, 0xff, 0xff, 0xff, 0xff, 0xff, 0xff, 0x2c, 
    0x03, 0xb9, 0xff, 0xff, 0xff, 0xff, 0xff, 0xff, 
    0xff, 0xff, 0xff, 0xff, 0xff, 0xff, 0xff, 0xff, 
    0xff, 0xff, 0xff, 0xff, 0xff, 0xff, 0xff, 0xff, 
    0xff, 0xff, 0xff, 0xff, 0xff, 0xff, 0xff, 0xff, 
    0xff, 0xff, 0xff, 0xff, 0xff, 0xff, 0xff, 0xff, 
    0xff, 0xff, 0xff, 0xff, 0xff, 0xff, 0xff, 0xff, 
    0xff, 0xff, 0xff, 0xff, 0xff, 0xff, 0xff, 0xff, 
    0xff, 0xff, 0xff, 0xff, 0xff, 0xff, 0xff, 0xff, 
    0xff, 0xff, 0xff, 0xff, 0xff, 0xff, 0xff, 0xff, 
    0xff, 0xff, 0xff, 0xff, 0xff, 0xff, 0xff, 0xff, 
    0xff, 0xff, 0xff, 0xff, 0xff, 0xff, 0xff, 0xff, 
    0xff, 0xff, 0xff, 0xff, 0xff, 0xff, 0xff, 0xff, 
    0xff, 0xff, 0xff, 0xff, 0xff, 0xff, 0xff, 0xff, 
    0xff, 0xff, 0xff, 0xff, 0xff, 0xff, 0xff, 0xff, 
    0xff, 0xff, 0xff, 0xff, 0xff, 0xff, 0xff, 0xff, 
    0xff, 0xff, 0xff, 0xff, 0xff, 0xff, 0xff, 0xff, 
    0xff, 0xff, 0xff, 0xff, 0xff, 0xff, 0xff, 0xff, 
    0xff, 0xff, 0xff, 0xff, 0xff, 0xff, 0xff, 0xff, 
    0xff, 0xff, 0xff, 0xff, 0xff, 0xff, 0xff, 0xff, 
    0xff, 0xff, 0xff, 0xff, 0xff, 0xff, 0xff, 0xff, 
    0xff, 0xff, 0xff, 0xff, 0xff, 0xff, 0xff, 0xff, 
    0xff, 0xff, 0xff, 0xff, 0xff, 0xff, 0xff, 0xff, 
    0xff, 0xff, 0xff, 0xff, 0xff, 0xff, 0xff, 0xff, 
    0xff, 0xff, 0xff, 0xff, 0xff, 0xff, 0xff, 0xff, 
    0xff, 0xff, 0xff, 0xff, 0xff, 0xff, 0xff, 0xff, 
    0xff, 0xff, 0xff, 0xff, 0xff, 0xff, 0xff, 0xff, 
    0xff, 0xff, 0xff, 0xff, 0xff, 0xff, 0xff, 0xff, 
    0xff, 0xff, 0xff, 0xff, 0xff, 0xff, 0xff, 0xff, 
    0xff, 0xff, 0xff, 0xff, 0xff, 0xff, 0xff, 0xff, 
    0xff, 0xff, 0xff, 0xff, 0xff, 0xff, 0xff, 0xff, 
    0xff, 0xff, 0xff, 0xff, 0xff, 0xff, 0xff, 0xff, 
    0xff, 0xff, 0xff, 0xff, 0xff, 0xff, 0xff, 0xff, 
    0xff, 0xff, 0xff, 0xff, 0xff, 0xff, 0xff, 0xff, 
    0xff, 0xff, 0xff, 0xff, 0xff, 0xff, 0xff, 0xff, 
    0xff, 0xff, 0xff, 0xff, 0xff, 0xc7, 0x40, 0x0e, 
    0x11, 0x51, 0xf3, 0xff, 0xff, 0xff, 0xff, 0xff, 
    0xff, 0xed, 0x10, 0x00, 0x48, 0x4a, 0x09, 0xd3, 
    0xff, 0xff, 0xff, 0xff, 0xff, 0xff, 0xbc, 0x00, 
    0x26, 0xff, 0xff, 0xed, 0xfb, 0xff, 0xff, 0xff, 
    0xff, 0xff, 0xff, 0xdf, 0x04, 0x00, 0x4c, 0xbe, 
    0xff, 0xff, 0xff, 0xff, 0xff, 0xff, 0xff, 0xff, 
    0xff, 0x9e, 0x0e, 0x00, 0x00, 0x42, 0xf3, 0xff, 
    0xff, 0xff, 0xff, 0xff, 0xff, 0xff, 0xff, 0xf1, 
    0x94, 0x11, 0x00, 0x88, 0xff, 0xff, 0xff, 0xff, 
    0xff, 0xff, 0xe2, 0xd7, 0xff, 0xff, 0x62, 0x00, 
    0x70, 0xff, 0xff, 0xff, 0xff, 0xff, 0xff, 0xa7, 
    0x01, 0x35, 0x42, 0x03, 0x00, 0xba, 0xff, 0xff, 
    0xff, 0xff, 0xff, 0xff, 0xe9, 0x54, 0x11, 0x09, 
    0x30, 0xa4, 0xff, 0xff, 0xff, 0xff, 0xff, 0xff, 
    0xff, 0xff, 0xff, 0xff, 0xff, 0xff, 0xff, 0xff, 
    0xff, 0xff, 0xff, 0xff, 0xff, 0xff, 0xff, 0xff, 
    0xff, 0xff, 0xff, 0xff, 0xff, 0xff, 0xff, 0xff, 
    0xff, 0xff, 0xff, 0xff, 0xff, 0xff, 0xff, 0xff, 
    0xff, 0xff, 0xff, 0xff, 0xff, 0xff, 0xff, 0xff, 
    0xff, 0xff, 0xff, 0xff, 0xff, 0xff, 0xff, 0xff, 
    0xff, 0xff, 0xff, 0xff, 0xff, 0xff, 0xff, 0xff, 
    0xff, 0xff, 0xff, 0xff, 0xff, 0xff, 0xff, 0xff, 
    0xff, 0xff, 0xff, 0xff, 0xff, 0xff, 0xff, 0xff, 
    0xff, 0xff, 0xff, 0xff, 0xff, 0xff, 0xff, 0xff, 
    0xff, 0xff, 0xff, 0xff, 0xff, 0xff, 0xff, 0xff, 
    0xff, 0xff, 0xff, 0xff, 0xff, 0xff, 0xff, 0xff, 
    0xff, 0xff, 0xff, 0xff, 0xff, 0xff, 0xff, 0xff, 
    0xff, 0xff, 0xff, 0xff, 0xff, 0xff, 0xff, 0xff, 
    0xff, 0xff, 0xff, 0xff, 0xff, 0xff, 0xff, 0xff, 
    0xff, 0xff, 0xff, 0xff, 0xff, 0xff, 0xff, 0xff, 
    0xff, 0xff, 0xff, 0xff, 0xff, 0xff, 0xff, 0xff, 
    0xff, 0xff, 0xff, 0xff, 0xff, 0xff, 0xff, 0xff, 
    0xff, 0xff, 0xff, 0xff, 0xff, 0xff, 0xff, 0xff, 
    0xff, 0xff, 0xff, 0xff, 0xff, 0xff, 0xff, 0xff, 
    0xff, 0xff, 0xff, 0xff, 0xff, 0xff, 0xff, 0xff, 
    0xff, 0xff, 0xff, 0xff, 0xff, 0xff, 0xff, 0xff, 
    0xff, 0xff, 0xff, 0xff, 0xff, 0xff, 0xff, 0xff, 
    0xff, 0xff, 0xff, 0xff, 0xff, 0xff, 0xff, 0xff, 
    0xff, 0xff, 0xff, 0xff, 0xff, 0xff, 0xff, 0xff, 
    0xff, 0xff, 0xff, 0xff, 0xff, 0xff, 0xff, 0xff, 
    0xff, 0xff, 0xff, 0xff, 0xff, 0xff, 0xff, 0xff, 
    0xff, 0xff, 0xff, 0xff, 0xff, 0xff, 0xff, 0xff, 
    0xff, 0xff, 0xff, 0xff, 0xff, 0xff, 0xff, 0xff, 
    0xff, 0xff, 0xff, 0xff, 0xff, 0xff, 0x8b, 0x04, 
    0x60, 0xff, 0xff, 0xff, 0xff, 0xff, 0xff, 0xff, 
    0xff, 0xff, 0x7b, 0x00, 0x4f, 0xff, 0xff, 0xff, 
    0xff, 0xff, 0xff, 0xff, 0xff, 0x40, 0x00, 0x00, 
    0x00, 0x00, 0x4f, 0xff, 0xff, 0xff, 0xff, 0xff, 
    0xff, 0x60, 0x11, 0x00, 0x0b, 0x23, 0x6c, 0xff, 
    0xff, 0xff, 0xff, 0xff, 0xff, 0xff, 0x7b, 0x00, 
    0x4f, 0xff, 0xff, 0xff, 0xff, 0xff, 0xff, 0xff, 
    0xff, 0xff, 0x7b, 0x00, 0x4f, 0xff, 0xff, 0xff, 
    0xff, 0xff, 0xff, 0xff, 0xff, 0xff, 0x7b, 0x00, 
    0x4f, 0xff, 0xff, 0xff, 0xff, 0xff, 0xff, 0xff, 
    0xff, 0xff, 0x7b, 0x00, 0x4f, 0xff, 0xff, 0xff, 
    0xff, 0xff, 0xff, 0xff, 0xff, 0xff, 0x87, 0x00, 
    0x2b, 0xfb, 0xf1, 0xff, 0xff, 0xff, 0xff, 0xff, 
    0xff, 0xff, 0xb7, 0x00, 0x00, 0x06, 0x46, 0xff, 
    0xff, 0xff, 0xff, 0xff, 0xff, 0xff, 0xff, 0x73, 
    0x14, 0x0a, 0x7c, 0xff, 0xff, 0xff, 0xff, 0xff, 
    0xff, 0xff, 0xff, 0xff, 0xff, 0xff, 0xff, 0xff, 
    0xff, 0xff, 0xff, 0xff, 0xff, 0xff, 0xff, 0xff, 
    0xff, 0xff, 0xff, 0xff, 0xff, 0xff, 0xff, 0xff, 
    0xff, 0xff, 0xff, 0xff, 0xff, 0xff, 0xff, 0xff, 
    0xff, 0xff, 0xff, 0xff, 0xff, 0xff, 0xff, 0xff, 
    0xff, 0xff, 0xff, 0xff, 0xff, 0xff, 0xff, 0xff, 
    0xff, 0xff, 0xff, 0xff, 0xff, 0xff, 0xff, 0xff, 
    0xff, 0xff, 0xff, 0xff, 0xff, 0xff, 0xff, 0xff, 
    0xff, 0xff, 0xff, 0xff, 0xff, 0xff, 0xff, 0xff, 
    0xff, 0xff, 0xff, 0xff, 0xff, 0xff, 0xff, 0xff, 
    0xff, 0xff, 0xff, 0xff, 0xff, 0xff, 0xff, 0xff, 
    0xff, 0xff, 0xff, 0xff, 0xff, 0xff, 0xff, 0xff, 
    0xff, 0xff, 0xff, 0xff, 0xff, 0xff, 0xff, 0xff, 
    0xff, 0xff, 0xff, 0xff, 0xff, 0xff, 0xff, 0xff, 
    0xff, 0xff, 0xff, 0xff, 0xff, 0xff, 0xff, 0xff, 
    0xff, 0xff, 0xff, 0xff, 0xff, 0xff, 0xff, 0xff, 
    0xff, 0xff, 0xff, 0xff, 0xff, 0xff, 0xff, 0xff, 
    0xff, 0xff, 0xff, 0xff, 0xff, 0xff, 0xff, 0xff, 
    0xff, 0xff, 0xff, 0xff, 0xff, 0xff, 0xff, 0xff, 
    0xff, 0xff, 0xff, 0xff, 0xff, 0xff, 0xff, 0xff, 
    0xff, 0xff, 0xff, 0xff, 0xff, 0xff, 0xff, 0xff, 
    0xff, 0xff, 0xff, 0xff, 0xff, 0xff, 0xff, 0xff, 
    0xff, 0xff, 0xff, 0xff, 0xff, 0xff, 0xff, 0xff, 
    0xff, 0xff, 0xff, 0xff, 0xff, 0xff, 0xff, 0xff, 
    0xff, 0xff, 0xff, 0xff, 0xff, 0xff, 0xff, 0xff, 
    0xff, 0xff, 0xff, 0xff, 0xff, 0xff, 0xff, 0xff, 
    0xff, 0xff, 0xff, 0xff, 0xff, 0xff, 0xff, 0xff, 
    0xff, 0xff, 0xff, 0xff, 0xff, 0xff, 0xff, 0xff, 
    0xff, 0xff, 0xff, 0xff, 0xff, 0xff, 0xff, 0xff, 
    0xff, 0xff, 0xff, 0xff, 0xff, 0xff, 0xff, 0xff, 
    0xff, 0xff, 0xff, 0xff, 0xff, 0xff, 0xff, 0xff, 
    0xff, 0xff, 0xff, 0xff, 0xff, 0xff, 0xff, 0xff, 
    0xff, 0xff, 0xff, 0xff, 0xff, 0xff, 0xff, 0xff, 
    0xff, 0xff, 0xff, 0xff, 0xff, 0xff, 0xff, 0xff, 
    0xff, 0xff, 0xff, 0xff, 0xff, 0xff, 0xff, 0x21, 
    0x07, 0xc7, 0xff, 0xff, 0x68, 0x03, 0x84, 0xff, 
    0xff, 0xff, 0xff, 0xff, 0xff, 0x0f, 0x00, 0xbb, 
    0xff, 0xff, 0x57, 0x00, 0x73, 0xff, 0xff, 0xff, 
    0xff, 0xff, 0xff, 0x0f, 0x00, 0xbb, 0xff, 0xff, 
    0x57, 0x00, 0x73, 0xff, 0xff, 0xff, 0xff, 0xff, 
    0xff, 0x0f, 0x00, 0xbb, 0xff, 0xff, 0x57, 0x00, 
    0x73, 0xff, 0xff, 0xff, 0xff, 0xff, 0xff, 0x0f, 
    0x00, 0xbb, 0xff, 0xff, 0x57, 0x00, 0x73, 0xff, 
    0xff, 0xff, 0xff, 0xff, 0xff, 0x11, 0x00, 0xb6, 
    0xff, 0xff, 0x56, 0x00, 0x73, 0xff, 0xff, 0xff, 
    0xff, 0xff, 0xff, 0x25, 0x00, 0x6c, 0xff, 0xb7, 
    0x08, 0x00, 0x73, 0xff, 0xff, 0xff, 0xff, 0xff, 
    0xff, 0x79, 0x00, 0x00, 0x16, 0x00, 0x0e, 0x00, 
    0x73, 0xff, 0xff, 0xff, 0xff, 0xff, 0xff, 0xf7, 
    0x63, 0x0b, 0x14, 0x72, 0xa9, 0x02, 0x81, 0xff, 
    0xff, 0xff, 0xff, 0xff, 0xff, 0xff, 0xff, 0xff, 
    0xff, 0xff, 0xff, 0xff, 0xff, 0xff, 0xff, 0xff, 
    0xff, 0xff, 0xff, 0xff, 0xff, 0xff, 0xff, 0xff, 
    0xff, 0xff, 0xff, 0xff, 0xff, 0xff, 0xff, 0xff, 
    0xff, 0xff, 0xff, 0xff, 0xff, 0xff, 0xff, 0xff, 
    0xff, 0xff, 0xff, 0xff, 0xff, 0xff, 0xff, 0xff, 
    0xff, 0xff, 0xff, 0xff, 0xff, 0xff, 0xff, 0xff, 
    0xff, 0xff, 0xff, 0xff, 0xff, 0xff, 0xff, 0xff, 
    0xff, 0xff, 0xff, 0xff, 0xff, 0xff, 0xff, 0xff, 
    0xff, 0xff, 0xff, 0xff, 0xff, 0xff, 0xff, 0xff, 
    0xff, 0xff, 0xff, 0xff, 0xff, 0xff, 0xff, 0xff, 
    0xff, 0xff, 0xff, 0xff, 0xff, 0xff, 0xff, 0xff, 
    0xff, 0xff, 0xff, 0xff, 0xff, 0xff, 0xff, 0xff, 
    0xff, 0xff, 0xff, 0xff, 0xff, 0xff, 0xff, 0xff, 
    0xff, 0xff, 0xff, 0xff, 0xff, 0xff, 0xff, 0xff, 
    0xff, 0xff, 0xff, 0xff, 0xff, 0xff, 0xff, 0xff, 
    0xff, 0xff, 0xff, 0xff, 0xff, 0xff, 0xff, 0xff, 
    0xff, 0xff, 0xff, 0xff, 0xff, 0xff, 0xff, 0xff, 
    0xff, 0xff, 0xff, 0xff, 0xff, 0xff, 0xff, 0xff, 
    0xff, 0xff, 0xff, 0xff, 0xff, 0xff, 0xff, 0xff, 
    0xff, 0xff, 0xff, 0xff, 0xff, 0xff, 0xff, 0xff, 
    0xff, 0xff, 0xff, 0xff, 0xff, 0xff, 0xff, 0xff, 
    0xff, 0xff, 0xff, 0xff, 0xff, 0xff, 0xff, 0xff, 
    0xff, 0xff, 0xff, 0xff, 0xff, 0xff, 0xff, 0xff, 
    0xff, 0xff, 0xff, 0xff, 0xff, 0xff, 0xff, 0xff, 
    0xff, 0xff, 0xff, 0xff, 0xff, 0xff, 0xff, 0xff, 
    0xff, 0xff, 0xff, 0xff, 0xff, 0xff, 0xff, 0xff, 
    0xff, 0xff, 0xff, 0xff, 0xff, 0xff, 0xff, 0xff, 
    0xff, 0xff, 0xff, 0xff, 0xff, 0xff, 0xff, 0xff, 
    0xff, 0xff, 0xff, 0xff, 0xff, 0xff, 0xff, 0xff, 
    0xff, 0xff, 0xff, 0xff, 0xff, 0xff, 0xff, 0xff, 
    0xff, 0xff, 0xff, 0xff, 0xff, 0xff, 0xff, 0xff, 
    0xff, 0xff, 0xff, 0xff, 0xff, 0xff, 0xff, 0xff, 
    0xff, 0xff, 0xff, 0xff, 0xff, 0xff, 0xff, 0xff, 
    0xff, 0xff, 0xff, 0xff, 0xff, 0xff, 0xff, 0xff, 
    0xff, 0xff, 0xff, 0xff, 0xff, 0xff, 0xff, 0xff, 
    0xff, 0xff, 0xff, 0xff, 0xff, 0xff, 0xff, 0xff, 
    0xff, 0xff, 0xff, 0xff, 0xff, 0xff, 0xff, 0xff, 
    0xff, 0xff, 0xff, 0xff, 0xff, 0xff, 0xff, 0xff, 
    0x46, 0x04, 0x88, 0xff, 0xff, 0xff, 0x2a, 0x03, 
    0xbf, 0xff, 0xff, 0xff, 0xff, 0xff, 0xff, 0x76, 
    0x00, 0x31, 0xff, 0xff, 0xd0, 0x00, 0x04, 0xed, 
    0xff, 0xff, 0xff, 0xff, 0xff, 0xff, 0xc7, 0x00, 
    0x00, 0xe5, 0xff, 0x86, 0x00, 0x41, 0xff, 0xff, 
    0xff, 0xff, 0xff, 0xff, 0xff, 0xfe, 0x19, 0x00, 
    0x9b, 0xff, 0x3c, 0x00, 0x91, 0xff, 0xff, 0xff, 
    0xff, 0xff, 0xff, 0xff, 0xff, 0x68, 0x00, 0x50, 
    0xef, 0x03, 0x00, 0xe0, 0xff, 0xff, 0xff, 0xff, 
    0xff, 0xff, 0xff, 0xff, 0xb9, 0x00, 0x0c, 0xa1, 
    0x00, 0x30, 0xff, 0xff, 0xff, 0xff, 0xff, 0xff, 
    0xff, 0xff, 0xff, 0xfa, 0x0f, 0x00, 0x22, 0x00, 
    0x80, 0xff, 0xff, 0xff, 0xff, 0xff, 0xff, 0xff, 
    0xff, 0xff, 0xff, 0x5a, 0x00, 0x00, 0x00, 0xd0, 
    0xff, 0xff, 0xff, 0xff, 0xff, 0xff, 0xff, 0xff, 
    0xff, 0xff, 0xb6, 0x08, 0x00, 0x2d, 0xff, 0xff, 
    0xff, 0xff, 0xff, 0xff, 0xff, 0xff, 0xff, 0xff, 
    0xff, 0xff, 0xff, 0xff, 0xff, 0xff, 0xff, 0xff, 
    0xff, 0xff, 0xff, 0xff, 0xff, 0xff, 0xff, 0xff, 
    0xff, 0xff, 0xff, 0xff, 0xff, 0xff, 0xff, 0xff, 
    0xff, 0xff, 0xff, 0xff, 0xff, 0xff, 0xff, 0xff, 
    0xff, 0xff, 0xff, 0xff, 0xff, 0xff, 0xff, 0xff, 
    0xff, 0xff, 0xff, 0xff, 0xff, 0xff, 0xff, 0xff, 
    0xff, 0xff, 0xff, 0xff, 0xff, 0xff, 0xff, 0xff, 
    0xff, 0xff, 0xff, 0xff, 0xff, 0xff, 0xff, 0xff, 
    0xff, 0xff, 0xff, 0xff, 0xff, 0xff, 0xff, 0xff, 
    0xff, 0xff, 0xff, 0xff, 0xff, 0xff, 0xff, 0xff, 
    0xff, 0xff, 0xff, 0xff, 0xff, 0xff, 0xff, 0xff, 
    0xff, 0xff, 0xff, 0xff, 0xff, 0xff, 0xff, 0xff, 
    0xff, 0xff, 0xff, 0xff, 0xff, 0xff, 0xff, 0xff, 
    0xff, 0xff, 0xff, 0xff, 0xff, 0xff, 0xff, 0xff, 
    0xff, 0xff, 0xff, 0xff, 0xff, 0xff, 0xff, 0xff, 
    0xff, 0xff, 0xff, 0xff, 0xff, 0xff, 0xff, 0xff, 
    0xff, 0xff, 0xff, 0xff, 0xff, 0xff, 0xff, 0xff, 
    0xff, 0xff, 0xff, 0xff, 0xff, 0xff, 0xff, 0xff, 
    0xff, 0xff, 0xff, 0xff, 0xff, 0xff, 0xff, 0xff, 
    0xff, 0xff, 0xff, 0xff, 0xff, 0xff, 0xff, 0xff, 
    0xff, 0xff, 0xff, 0xff, 0xff, 0xff, 0xff, 0xff, 
    0xff, 0xff, 0xff, 0xff, 0xff, 0xff, 0xff, 0xff, 
    0xff, 0xff, 0xff, 0xff, 0xff, 0xff, 0xff, 0xff, 
    0xff, 0xff, 0xff, 0xff, 0xff, 0xff, 0xff, 0xff, 
    0xff, 0xff, 0xff, 0xff, 0xff, 0xff, 0xff, 0xff, 
    0xff, 0xff, 0xff, 0xff, 0xff, 0xff, 0xff, 0xff, 
    0xff, 0xff, 0xff, 0xff, 0xff, 0xff, 0xff, 0xff, 
    0xff, 0xff, 0xff, 0xff, 0xff, 0xff, 0xff, 0xff, 
    0xff, 0xff, 0xff, 0xff, 0xff, 0xff, 0xff, 0xff, 
    0xff, 0xff, 0xff, 0xff, 0xff, 0xff, 0xff, 0xff, 
    0xff, 0xff, 0xff, 0xff, 0xff, 0xff, 0xff, 0xff, 
    0xff, 0xff, 0xff, 0xff, 0xff, 0xff, 0xff, 0xff, 
    0xff, 0xff, 0xff, 0xff, 0xff, 0xff, 0xff, 0xff, 
    0xff, 0xff, 0xff, 0xff, 0xff, 0xff, 0xff, 0xff, 
    0xff, 0xff, 0xff, 0xff, 0xff, 0xff, 0xff, 0xff, 
    0xff, 0xff, 0xff, 0xff, 0xff, 0xff, 0xff, 0xff, 
    0xff, 0xff, 0xff, 0xff, 0xff, 0xff, 0xff, 0xff, 
    0xff, 0xff, 0xff, 0xff, 0xff, 0xff, 0xff, 0xff, 
    0xff, 0xff, 0xff, 0xff, 0xff, 0xff, 0xff, 0xff, 
    0xff, 0xff, 0xff, 0xff, 0xff, 0xff, 0xff, 0xff, 
    0xff, 0xff, 0xff, 0xff, 0xff, 0xff, 0xff, 0xff, 
    0xff, 0xff, 0xff, 0xff, 0xff, 0xff, 0xff, 0xff, 
    0xff, 0xff, 0xff, 0xff, 0xff, 0xff, 0xff, 0xff, 
    0xff, 0xff, 0xff, 0xff, 0xff, 0xff, 0xff, 0xff, 
    0xff, 0xff, 0xff, 0xff, 0xff, 0xff, 0xff, 0xff, 
    0xff, 0xff, 0xff, 0xff, 0xff, 0xff, 0xff, 0xff, 
    0xff, 0xff, 0xff, 0xff, 0xff, 0xff, 0xff, 0xff, 
    0xff, 0xff, 0xff, 0x64, 0x02, 0x70, 0xff, 0xff, 
    0xa2, 0x03, 0x31, 0xff, 0xff, 0xe5, 0x0b, 0x08, 
    0xf2, 0xff, 0xff, 0xff, 0xff, 0xff, 0xff, 0x90, 
    0x00, 0x24, 0xff, 0xff, 0x5b, 0x00, 0x00, 0xe1, 
    0xff, 0xa5, 0x00, 0x25, 0xff, 0xff, 0xff, 0xff, 
    0xff, 0xff, 0xff, 0xd7, 0x00, 0x00, 0xe2, 0xff, 
    0x1e, 0x00, 0x00, 0xa0, 0xff, 0x67, 0x00, 0x6d, 
    0xff, 0xff, 0xff, 0xff, 0xff, 0xff, 0xff, 0xff, 
    0x1e, 0x00, 0xa1, 0xe1, 0x00, 0x15, 0x00, 0x5f, 
    0xff, 0x29, 0x00, 0xb4, 0xff, 0xff, 0xff, 0xff, 
    0xff, 0xff, 0xff, 0xff, 0x64, 0x00, 0x60, 0xa3, 
    0x00, 0x88, 0x02, 0x1e, 0xea, 0x00, 0x06, 0xf4, 
    0xff, 0xff, 0xff, 0xff, 0xff, 0xff, 0xff, 0xff, 
    0xab, 0x00, 0x1f, 0x66, 0x00, 0xd8, 0x32, 0x00, 
    0x89, 0x00, 0x43, 0xff, 0xff, 0xff, 0xff, 0xff, 
    0xff, 0xff, 0xff, 0xff, 0xef, 0x03, 0x00, 0x14, 
    0x17, 0xff, 0x75, 0x00, 0x15, 0x00, 0x8a, 0xff, 
    0xff, 0xff, 0xff, 0xff, 0xff, 0xff, 0xff, 0xff, 
    0xff, 0x38, 0x00, 0x00, 0x54, 0xff, 0xb8, 0x00, 
    0x00, 0x00, 0xd1, 0xff, 0xff, 0xff, 0xff, 0xff, 
    0xff, 0xff, 0xff, 0xff, 0xff, 0x8e, 0x03, 0x01, 
    0x9c, 0xff, 0xf5, 0x18, 0x00, 0x25, 0xff, 0xff, 
    0xff, 0xff, 0xff, 0xff, 0xff, 0xff, 0xff, 0xff, 
    0xff, 0xff, 0xff, 0xff, 0xff, 0xff, 0xff, 0xff, 
    0xff, 0xff, 0xff, 0xff, 0xff, 0xff, 0xff, 0xff, 
    0xff, 0xff, 0xff, 0xff, 0xff, 0xff, 0xff, 0xff, 
    0xff, 0xff, 0xff, 0xff, 0xff, 0xff, 0xff, 0xff, 
    0xff, 0xff, 0xff, 0xff, 0xff, 0xff, 0xff, 0xff, 
    0xff, 0xff, 0xff, 0xff, 0xff, 0xff, 0xff, 0xff, 
    0xff, 0xff, 0xff, 0xff, 0xff, 0xff, 0xff, 0xff, 
    0xff, 0xff, 0xff, 0xff, 0xff, 0xff, 0xff, 0xff, 
    0xff, 0xff, 0xff, 0xff, 0xff, 0xff, 0xff, 0xff, 
    0xff, 0xff, 0xff, 0xff, 0xff, 0xff, 0xff, 0xff, 
    0xff, 0xff, 0xff, 0xff, 0xff, 0xff, 0xff, 0xff, 
    0xff, 0xff, 0xff, 0xff, 0xff, 0xff, 0xff, 0xff, 
    0xff, 0xff, 0xff, 0xff, 0xff, 0xff, 0xff, 0xff, 
    0xff, 0xff, 0xff, 0xff, 0xff, 0xff, 0xff, 0xff, 
    0xff, 0xff, 0xff, 0xff, 0xff, 0xff, 0xff, 0xff, 
    0xff, 0xff, 0xff, 0xff, 0xff, 0xff, 0xff, 0xff, 
    0xff, 0xff, 0xff, 0xff, 0xff, 0xff, 0xff, 0xff, 
    0xff, 0xff, 0xff, 0xff, 0xff, 0xff, 0xff, 0xff, 
    0xff, 0xff, 0xff, 0xff, 0xff, 0xff, 0xff, 0xff, 
    0xff, 0xff, 0xff, 0xff, 0xff, 0xff, 0xff, 0xff, 
    0xff, 0xff, 0xff, 0xff, 0xff, 0xff, 0xff, 0xff, 
    0xff, 0xff, 0xff, 0xff, 0xff, 0xff, 0xff, 0xff, 
    0xff, 0xff, 0xff, 0xff, 0xff, 0xff, 0xff, 0xff, 
    0xff, 0xff, 0xff, 0xff, 0xff, 0xff, 0xff, 0xff, 
    0xff, 0xff, 0xff, 0xff, 0xff, 0xff, 0xff, 0xff, 
    0xff, 0xff, 0xff, 0xff, 0xff, 0xff, 0xff, 0xff, 
    0xff, 0xff, 0xff, 0xff, 0xff, 0xff, 0xff, 0xff, 
    0xff, 0xff, 0xff, 0xff, 0xff, 0xff, 0xff, 0xff, 
    0xff, 0xff, 0xff, 0xff, 0xff, 0xff, 0xff, 0xff, 
    0xff, 0xff, 0xff, 0xff, 0xff, 0xff, 0xff, 0xff, 
    0xff, 0xff, 0xff, 0xff, 0xff, 0xff, 0xff, 0xff, 
    0xff, 0xff, 0xff, 0xff, 0xff, 0xff, 0xff, 0xff, 
    0xff, 0xff, 0xff, 0xff, 0xff, 0xff, 0xff, 0xff, 
    0xff, 0xff, 0xff, 0xff, 0xff, 0xff, 0xff, 0xff, 
    0xff, 0xff, 0xff, 0xff, 0xff, 0xff, 0xff, 0xff, 
    0xff, 0xff, 0xff, 0xff, 0xff, 0xff, 0xff, 0xff, 
    0xff, 0xff, 0xff, 0xff, 0xff, 0xff, 0xff, 0xff, 
    0xff, 0xff, 0xff, 0xff, 0xff, 0xff, 0xff, 0xff, 
    0xff, 0xff, 0xff, 0xff, 0xff, 0xff, 0xff, 0xff, 
    0xff, 0xff, 0xff, 0xff, 0xff, 0xff, 0xff, 0xff, 
    0xff, 0xff, 0xff, 0xff, 0xff, 0xff, 0xff, 0xff, 
    0xff, 0xff, 0xff, 0xff, 0xff, 0xff, 0xff, 0xff, 
    0xff, 0xff, 0xff, 0xff, 0xff, 0x97, 0x02, 0x14, 
    0xef, 0xff, 0x97, 0x03, 0x54, 0xff, 0xff, 0xff, 
    0xff, 0xff, 0xff, 0xf0, 0x12, 0x00, 0x7e, 0xf6, 
    0x19, 0x00, 0xc2, 0xff, 0xff, 0xff, 0xff, 0xff, 
    0xff, 0xff, 0x89, 0x00, 0x0f, 0x7d, 0x00, 0x48, 
    0xff, 0xff, 0xff, 0xff, 0xff, 0xff, 0xff, 0xff, 
    0xf6, 0x19, 0x00, 0x00, 0x01, 0xcc, 0xff, 0xff, 
    0xff, 0xff, 0xff, 0xff, 0xff, 0xff, 0xff, 0x64, 
    0x00, 0x00, 0x1a, 0xfc, 0xff, 0xff, 0xff, 0xff, 
    0xff, 0xff, 0xff, 0xff, 0xe5, 0x0a, 0x02, 0x06, 
    0x00, 0x9f, 0xff, 0xff, 0xff, 0xff, 0xff, 0xff, 
    0xff, 0xff, 0x66, 0x00, 0x58, 0x67, 0x00, 0x20, 
    0xf9, 0xff, 0xff, 0xff, 0xff, 0xff, 0xff, 0xda, 
    0x04, 0x01, 0xd3, 0xdf, 0x04, 0x00, 0x93, 0xff, 
    0xff, 0xff, 0xff, 0xff, 0xff, 0x6d, 0x00, 0x58, 
    0xff, 0xff, 0x68, 0x00, 0x28, 0xff, 0xff, 0xff, 
    0xff, 0xff, 0xff, 0xff, 0xff, 0xff, 0xff, 0xff, 
    0xff, 0xff, 0xff, 0xff, 0xff, 0xff, 0xff, 0xff, 
    0xff, 0xff, 0xff, 0xff, 0xff, 0xff, 0xff, 0xff, 
    0xff, 0xff, 0xff, 0xff, 0xff, 0xff, 0xff, 0xff, 
    0xff, 0xff, 0xff, 0xff, 0xff, 0xff, 0xff, 0xff, 
    0xff, 0xff, 0xff, 0xff, 0xff, 0xff, 0xff, 0xff, 
    0xff, 0xff, 0xff, 0xff, 0xff, 0xff, 0xff, 0xff, 
    0xff, 0xff, 0xff, 0xff, 0xff, 0xff, 0xff, 0xff, 
    0xff, 0xff, 0xff, 0xff, 0xff, 0xff, 0xff, 0xff, 
    0xff, 0xff, 0xff, 0xff, 0xff, 0xff, 0xff, 0xff, 
    0xff, 0xff, 0xff, 0xff, 0xff, 0xff, 0xff, 0xff, 
    0xff, 0xff, 0xff, 0xff, 0xff, 0xff, 0xff, 0xff, 
    0xff, 0xff, 0xff, 0xff, 0xff, 0xff, 0xff, 0xff, 
    0xff, 0xff, 0xff, 0xff, 0xff, 0xff, 0xff, 0xff, 
    0xff, 0xff, 0xff, 0xff, 0xff, 0xff, 0xff, 0xff, 
    0xff, 0xff, 0xff, 0xff, 0xff, 0xff, 0xff, 0xff, 
    0xff, 0xff, 0xff, 0xff, 0xff, 0xff, 0xff, 0xff, 
    0xff, 0xff, 0xff, 0xff, 0xff, 0xff, 0xff, 0xff, 
    0xff, 0xff, 0xff, 0xff, 0xff, 0xff, 0xff, 0xff, 
    0xff, 0xff, 0xff, 0xff, 0xff, 0xff, 0xff, 0xff, 
    0xff, 0xff, 0xff, 0xff, 0xff, 0xff, 0xff, 0xff, 
    0xff, 0xff, 0xff, 0xff, 0xff, 0xff, 0xff, 0xff, 
    0xff, 0xff, 0xff, 0xff, 0xff, 0xff, 0xff, 0xff, 
    0xff, 0xff, 0xff, 0xff, 0xff, 0xff, 0xff, 0xff, 
    0xff, 0xff, 0xff, 0xff, 0xff, 0xff, 0xff, 0xff, 
    0xff, 0xff, 0xff, 0xff, 0xff, 0xff, 0xff, 0xff, 
    0xff, 0xff, 0xff, 0xff, 0xff, 0xff, 0xff, 0xff, 
    0xff, 0xff, 0xff, 0xff, 0xff, 0xff, 0xff, 0xff, 
    0xff, 0xff, 0xff, 0xff, 0xff, 0xff, 0xff, 0xff, 
    0xff, 0xff, 0xff, 0xff, 0xff, 0xff, 0xff, 0xff, 
    0xff, 0xff, 0xff, 0xff, 0xff, 0xff, 0xff, 0xff, 
    0xff, 0xff, 0xff, 0xff, 0xff, 0xff, 0xff, 0xff, 
    0xff, 0xff, 0xff, 0xff, 0xff, 0xff, 0xff, 0xff, 
    0xff, 0xff, 0xff, 0xff, 0xff, 0xff, 0xff, 0xff, 
    0xff, 0xff, 0xff, 0xff, 0xff, 0xff, 0xff, 0xff, 
    0xff, 0xff, 0xff, 0xff, 0xff, 0xff, 0xff, 0xff, 
    0xff, 0xff, 0xff, 0xff, 0xff, 0xff, 0xff, 0xff, 
    0xff, 0xff, 0xff, 0xff, 0xff, 0xff, 0xff, 0xff, 
    0xff, 0xff, 0xff, 0xff, 0xff, 0xff, 0x50, 0x01, 
    0x7c, 0xff, 0xff, 0xff, 0x29, 0x07, 0xc4, 0xff, 
    0xff, 0xff, 0xff, 0xff, 0xff, 0x86, 0x00, 0x1e, 
    0xfe, 0xff, 0xce, 0x00, 0x05, 0xef, 0xff, 0xff, 
    0xff, 0xff, 0xff, 0xff, 0xe1, 0x01, 0x00, 0xc5, 
    0xff, 0x7f, 0x00, 0x49, 0xff, 0xff, 0xff, 0xff, 
    0xff, 0xff, 0xff, 0xff, 0x40, 0x00, 0x6e, 0xff, 
    0x30, 0x00, 0x9e, 0xff, 0xff, 0xff, 0xff, 0xff, 
    0xff, 0xff, 0xff, 0x9d, 0x00, 0x19, 0xdf, 0x00, 
    0x05, 0xed, 0xff, 0xff, 0xff, 0xff, 0xff, 0xff, 
    0xff, 0xff, 0xf1, 0x09, 0x00, 0x53, 0x00, 0x47, 
    0xff, 0xff, 0xff, 0xff, 0xff, 0xff, 0xff, 0xff, 
    0xff, 0xff, 0x57, 0x00, 0x00, 0x00, 0x9c, 0xff, 
    0xff, 0xff, 0xff, 0xff, 0xff, 0xff, 0xff, 0xff, 
    0xff, 0xb3, 0x00, 0x00, 0x04, 0xec, 0xff, 0xff, 
    0xff, 0xff, 0xff, 0xff, 0xff, 0xff, 0xff, 0xff, 
    0xfb, 0x23, 0x00, 0x45, 0xff, 0xff, 0xff, 0xff, 
    0xff, 0xff, 0xff, 0xff, 0xff, 0xff, 0xff, 0xf8, 
    0x12, 0x00, 0x9b, 0xff, 0xff, 0xff, 0xff, 0xff, 
    0xff, 0xff, 0xff, 0xff, 0xff, 0xff, 0xa7, 0x00, 
    0x04, 0xec, 0xff, 0xff, 0xff, 0xff, 0xff, 0xff, 
    0xff, 0xff, 0xff, 0xff, 0xff, 0x5e, 0x03, 0x5c, 
    0xff, 0xff, 0xff, 0xff, 0xff, 0xff, 0xff, 0xff, 
    0xff, 0xff, 0xff, 0xff, 0xff, 0xff, 0xff, 0xff, 
    0xff, 0xff, 0xff, 0xff, 0xff, 0xff, 0xff, 0xff, 
    0xff, 0xff, 0xff, 0xff, 0xff, 0xff, 0xff, 0xff, 
    0xff, 0xff, 0xff, 0xff, 0xff, 0xff, 0xff, 0xff, 
    0xff, 0xff, 0xff, 0xff, 0xff, 0xff, 0xff, 0xff, 
    0xff, 0xff, 0xff, 0xff, 0xff, 0xff, 0xff, 0xff, 
    0xff, 0xff, 0xff, 0xff, 0xff, 0xff, 0xff, 0xff, 
    0xff, 0xff, 0xff, 0xff, 0xff, 0xff, 0xff, 0xff, 
    0xff, 0xff, 0xff, 0xff, 0xff, 0xff, 0xff, 0xff, 
    0xff, 0xff, 0xff, 0xff, 0xff, 0xff, 0xff, 0xff, 
    0xff, 0xff, 0xff, 0xff, 0xff, 0xff, 0xff, 0xff, 
    0xff, 0xff, 0xff, 0xff, 0xff, 0xff, 0xff, 0xff, 
    0xff, 0xff, 0xff, 0xff, 0xff, 0xff, 0xff, 0xff, 
    0xff, 0xff, 0xff, 0xff, 0xff, 0xff, 0xff, 0xff, 
    0xff, 0xff, 0xff, 0xff, 0xff, 0xff, 0xff, 0xff, 
    0xff, 0xff, 0xff, 0xff, 0xff, 0xff, 0xff, 0xff, 
    0xff, 0xff, 0xff, 0xff, 0xff, 0xff, 0xff, 0xff, 
    0xff, 0xff, 0xff, 0xff, 0xff, 0xff, 0xff, 0xff, 
    0xff, 0xff, 0xff, 0xff, 0xff, 0xff, 0xff, 0xff, 
    0xff, 0xff, 0xff, 0xff, 0xff, 0xff, 0xff, 0xff, 
    0xff, 0xff, 0xff, 0xff, 0xff, 0xff, 0xff, 0xff, 
    0xff, 0xff, 0xff, 0xff, 0xff, 0xff, 0xff, 0xff, 
    0xff, 0xff, 0xff, 0xff, 0xff, 0xff, 0xff, 0xff, 
    0xff, 0xff, 0xff, 0xff, 0xff, 0xff, 0xff, 0xff, 
    0xff, 0xff, 0xff, 0xff, 0xff, 0xff, 0xff, 0xff, 
    0xff, 0xff, 0xff, 0xff, 0xff, 0xff, 0xff, 0xff, 
    0xff, 0xff, 0xff, 0xff, 0xff, 0xff, 0xff, 0xff, 
    0xff, 0xff, 0xff, 0xff, 0xff, 0xff, 0xff, 0xff, 
    0xff, 0xff, 0xff, 0xff, 0xff, 0xff, 0xff, 0xff, 
    0xff, 0xff, 0xff, 0xff, 0xff, 0xff, 0xff, 0xff, 
    0xff, 0xff, 0xff, 0xff, 0xff, 0xff, 0xc9, 0x00, 
    0x00, 0x00, 0x00, 0x00, 0xac, 0xff, 0xff, 0xff, 
    0xff, 0xff, 0xff, 0xd7, 0x29, 0x27, 0x21, 0x00, 
    0x00, 0xac, 0xff, 0xff, 0xff, 0xff, 0xff, 0xff, 
    0xff, 0xff, 0xff, 0x7d, 0x00, 0x1f, 0xf6, 0xff, 
    0xff, 0xff, 0xff, 0xff, 0xff, 0xff, 0xff, 0xdc, 
    0x07, 0x00, 0xaf, 0xff, 0xff, 0xff, 0xff, 0xff, 
    0xff, 0xff, 0xff, 0xff, 0x4a, 0x00, 0x49, 0xff, 
    0xff, 0xff, 0xff, 0xff, 0xff, 0xff, 0xff, 0xff, 
    0xaf, 0x00, 0x07, 0xdb, 0xff, 0xff, 0xff, 0xff, 
    0xff, 0xff, 0xff, 0xff, 0xf6, 0x1f, 0x00, 0x7d, 
    0xff, 0xff, 0xff, 0xff, 0xff, 0xff, 0xff, 0xff, 
    0xff, 0xa7, 0x00, 0x00, 0x1e, 0x23, 0x23, 0x8e, 
    0xff, 0xff, 0xff, 0xff, 0xff, 0xff, 0xb1, 0x00, 
    0x00, 0x00, 0x00, 0x00, 0x77, 0xff, 0xff, 0xff, 
    0xff, 0xff, 0xff, 0xff, 0xff, 0xff, 0xff, 0xff, 
    0xff, 0xff, 0xff, 0xff, 0xff, 0xff, 0xff, 0xff, 
    0xff, 0xff, 0xff, 0xff, 0xff, 0xff, 0xff, 0xff, 
    0xff, 0xff, 0xff, 0xff, 0xff, 0xff, 0xff, 0xff, 
    0xff, 0xff, 0xff, 0xff, 0xff, 0xff, 0xff, 0xff, 
    0xff, 0xff, 0xff, 0xff, 0xff, 0xff, 0xff, 0xff, 
    0xff, 0xff, 0xff, 0xff, 0xff, 0xff, 0xff, 0xff, 
    0xff, 0xff, 0xff, 0xff, 0xff, 0xff, 0xff, 0xff, 
    0xff, 0xff, 0xff, 0xff, 0xff, 0xff, 0xff, 0xff, 
    0xff, 0xff, 0xff, 0xff, 0xff, 0xff, 0xff, 0xff, 
    0xff, 0xff, 0xff, 0xff, 0xff, 0xff, 0xff, 0xff, 
    0xff, 0xff, 0xff, 0xff, 0xff, 0xff, 0xff, 0xff, 
    0xff, 0xff, 0xff, 0xff, 0xff, 0xff, 0xff, 0xff, 
    0xff, 0xff, 0xff, 0xff, 0xff, 0xff, 0xff, 0xff, 
    0xff, 0xff, 0xff, 0xff, 0xff, 0xff, 0xff, 0xff, 
    0xff, 0xff, 0xff, 0xff, 0xff, 0xff, 0xff, 0xff, 
    0xff, 0xff, 0xff, 0xff, 0xff, 0xff, 0xff, 0xff, 
    0xff, 0xff, 0xff, 0xff, 0xff, 0xff, 0xff, 0xff, 
    0xff, 0xff, 0xff, 0xff, 0xff, 0xff, 0xff, 0xff, 
    0xff, 0xff, 0xff, 0xff, 0xff, 0xff, 0xff, 0xff, 
    0xff, 0xff, 0xff, 0xff, 0xff, 0xff, 0xff, 0xff, 
    0xff, 0xff, 0xff, 0xff, 0xff, 0xff, 0xff, 0xff, 
    0xff, 0xff, 0xff, 0xff, 0xff, 0xff, 0xff, 0xff, 
    0xff, 0xff, 0xff, 0xff, 0xff, 0xff, 0xff, 0xff, 
    0xff, 0xff, 0xff, 0xff, 0xff, 0xff, 0xff, 0xff, 
    0xff, 0xff, 0xff, 0xff, 0xff, 0xff, 0xff, 0xff, 
    0xff, 0xff, 0xff, 0xff, 0xff, 0xff, 0xff, 0xff, 
    0xff, 0xd9, 0x34, 0x08, 0x8a, 0xff, 0xff, 0xff, 
    0xff, 0xff, 0xff, 0xff, 0xff, 0x55, 0x00, 0x21, 
    0xa5, 0xff, 0xff, 0xff, 0xff, 0xff, 0xff, 0xff, 
    0xff, 0x1d, 0x00, 0xd0, 0xff, 0xff, 0xff, 0xff, 
    0xff, 0xff, 0xff, 0xff, 0xff, 0x11, 0x00, 0xe3, 
    0xff, 0xff, 0xff, 0xff, 0xff, 0xff, 0xff, 0xff, 
    0xff, 0x0f, 0x00, 0xe4, 0xff, 0xff, 0xff, 0xff, 
    0xff, 0xff, 0xff, 0xff, 0xf9, 0x02, 0x00, 0xf6, 
    0xff, 0xff, 0xff, 0xff, 0xff, 0xff, 0xff, 0xf9, 
    0x82, 0x00, 0x3a, 0xff, 0xff, 0xff, 0xff, 0xff, 
    0xff, 0xff, 0xff, 0x80, 0x00, 0x35, 0xdc, 0xff, 
    0xff, 0xff, 0xff, 0xff, 0xff, 0xff, 0xff, 0xaf, 
    0x11, 0x05, 0x9f, 0xff, 0xff, 0xff, 0xff, 0xff, 
    0xff, 0xff, 0xff, 0xff, 0xcb, 0x00, 0x17, 0xfe, 
    0xff, 0xff, 0xff, 0xff, 0xff, 0xff, 0xff, 0xff, 
    0xff, 0x08, 0x00, 0xed, 0xff, 0xff, 0xff, 0xff, 
    0xff, 0xff, 0xff, 0xff, 0xff, 0x0f, 0x00, 0xe3, 
    0xff, 0xff, 0xff, 0xff, 0xff, 0xff, 0xff, 0xff, 
    0xff, 0x11, 0x00, 0xe3, 0xff, 0xff, 0xff, 0xff, 
    0xff, 0xff, 0xff, 0xff, 0xff, 0x1d, 0x00, 0xd1, 
    0xff, 0xff, 0xff, 0xff, 0xff, 0xff, 0xff, 0xff, 
    0xff, 0x53, 0x00, 0x24, 0xa5, 0xff, 0xff, 0xff, 
    0xff, 0xff, 0xff, 0xff, 0xff, 0xd7, 0x34, 0x06, 
    0x8a, 0xff, 0xff, 0xff, 0xff, 0xff, 0xff, 0xff, 
    0xff, 0xff, 0xff, 0xff, 0xff, 0xff, 0xff, 0xff, 
    0xff, 0xff, 0xff, 0xff, 0xff, 0xff, 0xff, 0xff, 
    0xff, 0xff, 0xff, 0xff, 0xff, 0xff, 0xff, 0xff, 
    0xff, 0xff, 0xff, 0xff, 0xff, 0xff, 0xff, 0xff, 
    0xff, 0xff, 0xff, 0xff, 0xff, 0xff, 0xff, 0xff, 
    0xff, 0xff, 0xff, 0xff, 0xff, 0xff, 0xff, 0xff, 
    0xff, 0xff, 0xff, 0xff, 0xff, 0xff, 0xff, 0xff, 
    0xff, 0xff, 0xff, 0xff, 0xff, 0xff, 0xff, 0xff, 
    0xff, 0xff, 0xff, 0xff, 0xff, 0xff, 0xff, 0xff, 
    0xff, 0xff, 0xff, 0xff, 0xff, 0xff, 0xff, 0xff, 
    0xff, 0xff, 0xff, 0xff, 0xff, 0xff, 0xff, 0xff, 
    0xff, 0xff, 0xff, 0xff, 0xff, 0xff, 0xff, 0xff, 
    0xff, 0xff, 0xff, 0xff, 0xff, 0xff, 0xff, 0xff, 
    0xff, 0xff, 0xff, 0xff, 0xff, 0xff, 0xff, 0xff, 
    0xff, 0xff, 0xff, 0xff, 0xff, 0xff, 0xff, 0xff, 
    0xff, 0xff, 0xff, 0xff, 0xff, 0xff, 0xff, 0xff, 
    0xff, 0xff, 0xff, 0x9b, 0x6a, 0xdc, 0xff, 0xff, 
    0xff, 0xff, 0xff, 0xff, 0x3b, 0x00, 0xaf, 0xff, 
    0xff, 0xff, 0xff, 0xff, 0xff, 0x3b, 0x00, 0xaf, 
    0xff, 0xff, 0xff, 0xff, 0xff, 0xff, 0x3b, 0x00, 
    0xaf, 0xff, 0xff, 0xff, 0xff, 0xff, 0xff, 0x3b, 
    0x00, 0xaf, 0xff, 0xff, 0xff, 0xff, 0xff, 0xff, 
    0x3b, 0x00, 0xaf, 0xff, 0xff, 0xff, 0xff, 0xff, 
    0xff, 0x3b, 0x00, 0xaf, 0xff, 0xff, 0xff, 0xff, 
    0xff, 0xff, 0x3b, 0x00, 0xaf, 0xff, 0xff, 0xff, 
    0xff, 0xff, 0xff, 0x3b, 0x00, 0xaf, 0xff, 0xff, 
    0xff, 0xff, 0xff, 0xff, 0x3b, 0x00, 0xaf, 0xff, 
    0xff, 0xff, 0xff, 0xff, 0xff, 0x3b, 0x00, 0xaf, 
    0xff, 0xff, 0xff, 0xff, 0xff, 0xff, 0x3b, 0x00, 
    0xaf, 0xff, 0xff, 0xff, 0xff, 0xff, 0xff, 0x3b, 
    0x00, 0xaf, 0xff, 0xff, 0xff, 0xff, 0xff, 0xff, 
    0x3b, 0x00, 0xaf, 0xff, 0xff, 0xff, 0xff, 0xff, 
    0xff, 0x3b, 0x00, 0xaf, 0xff, 0xff, 0xff, 0xff, 
    0xff, 0xff, 0x3b, 0x00, 0xaf, 0xff, 0xff, 0xff, 
    0xff, 0xff, 0xff, 0x4b, 0x03, 0xbc, 0xff, 0xff, 
    0xff, 0xff, 0xff, 0xff, 0xff, 0xff, 0xff, 0xff, 
    0xff, 0xff, 0xff, 0xff, 0xff, 0xff, 0xff, 0xff, 
    0xff, 0xff, 0xff, 0xff, 0xff, 0xff, 0xff, 0xff, 
    0xff, 0xff, 0xff, 0xff, 0xff, 0xff, 0xff, 0xff, 
    0xff, 0xff, 0xff, 0xff, 0xff, 0xff, 0xff, 0xff, 
    0xff, 0xff, 0xff, 0xff, 0xff, 0xff, 0xff, 0xff, 
    0xff, 0xff, 0xff, 0xff, 0xff, 0xff, 0xff, 0xff, 
    0xff, 0xff, 0xff, 0xff, 0xff, 0xff, 0xff, 0xff, 
    0xff, 0xff, 0xff, 0xff, 0xff, 0xff, 0xff, 0xff, 
    0xff, 0xff, 0xff, 0xff, 0xff, 0xff, 0xff, 0xff, 
    0xff, 0xff, 0xff, 0xff, 0xff, 0xff, 0xff, 0xff, 
    0xff, 0xff, 0xff, 0xff, 0xff, 0xff, 0xff, 0xff, 
    0xff, 0xff, 0xff, 0xff, 0xff, 0xff, 0xff, 0xff, 
    0xff, 0xff, 0xff, 0xff, 0xff, 0xff, 0xff, 0xff, 
    0xff, 0xff, 0xff, 0xff, 0xff, 0xff, 0xff, 0xff, 
    0xff, 0xff, 0xff, 0xff, 0xff, 0xff, 0xff, 0xff, 
    0xff, 0xff, 0xff, 0xff, 0xff, 0xff, 0xff, 0xff, 
    0xff, 0xff, 0xff, 0xff, 0xff, 0xff, 0xff, 0xff, 
    0xff, 0xff, 0xff, 0xff, 0xff, 0xff, 0xff, 0xff, 
    0xff, 0xff, 0xff, 0xff, 0xff, 0xff, 0xff, 0xff, 
    0xff, 0xff, 0xff, 0xff, 0xff, 0xff, 0xf5, 0x11, 
    0x16, 0x80, 0xff, 0xff, 0xff, 0xff, 0xff, 0xff, 
    0xff, 0xff, 0xff, 0xf8, 0x46, 0x03, 0x00, 0xd8, 
    0xff, 0xff, 0xff, 0xff, 0xff, 0xff, 0xff, 0xff, 
    0xff, 0xff, 0x4a, 0x00, 0x9f, 0xff, 0xff, 0xff, 
    0xff, 0xff, 0xff, 0xff, 0xff, 0xff, 0xff, 0x5f, 
    0x00, 0x91, 0xff, 0xff, 0xff, 0xff, 0xff, 0xff, 
    0xff, 0xff, 0xff, 0xff, 0x5f, 0x00, 0x8f, 0xff, 
    0xff, 0xff, 0xff, 0xff, 0xff, 0xff, 0xff, 0xff, 
    0xff, 0x64, 0x00, 0x8b, 0xff, 0xff, 0xff, 0xff, 
    0xff, 0xff, 0xff, 0xff, 0xff, 0xff, 0x99, 0x00, 
    0x37, 0xdf, 0xff, 0xff, 0xff, 0xff, 0xff, 0xff, 
    0xff, 0xff, 0xff, 0xfd, 0x80, 0x04, 0x08, 0xff, 
    0xff, 0xff, 0xff, 0xff, 0xff, 0xff, 0xff, 0xff, 
    0xf8, 0x37, 0x00, 0x44, 0xff, 0xff, 0xff, 0xff, 
    0xff, 0xff, 0xff, 0xff, 0xff, 0xa1, 0x00, 0x3c, 
    0xff, 0xff, 0xff, 0xff, 0xff, 0xff, 0xff, 0xff, 
    0xff, 0xff, 0x6e, 0x00, 0x83, 0xff, 0xff, 0xff, 
    0xff, 0xff, 0xff, 0xff, 0xff, 0xff, 0xff, 0x60, 
    0x00, 0x8f, 0xff, 0xff, 0xff, 0xff, 0xff, 0xff, 
    0xff, 0xff, 0xff, 0xff, 0x5e, 0x00, 0x91, 0xff, 
    0xff, 0xff, 0xff, 0xff, 0xff, 0xff, 0xff, 0xff, 
    0xff, 0x49, 0x00, 0x9f, 0xff, 0xff, 0xff, 0xff, 
    0xff, 0xff, 0xff, 0xff, 0xf9, 0x45, 0x02, 0x00, 
    0xd9, 0xff, 0xff, 0xff, 0xff, 0xff, 0xff, 0xff, 
    0xff, 0xf5, 0x11, 0x15, 0x82, 0xff, 0xff, 0xff, 
    0xff, 0xff, 0xff, 0xff, 0xff, 0xff, 0xff, 0xff, 
    0xff, 0xff, 0xff, 0xff, 0xff, 0xff, 0xff, 0xff, 
    0xff, 0xff, 0xff, 0xff, 0xff, 0xff, 0xff, 0xff, 
    0xff, 0xff, 0xff, 0xff, 0xff, 0xff, 0xff, 0xff, 
    0xff, 0xff, 0xff, 0xff, 0xff, 0xff, 0xff, 0xff, 
    0xff, 0xff, 0xff, 0xff, 0xff, 0xff, 0xff, 0xff, 
    0xff, 0xff, 0xff, 0xff, 0xff, 0xff, 0xff, 0xff, 
    0xff, 0xff, 0xff, 0xff, 0xff, 0xff, 0xff, 0xff, 
    0xff, 0xff, 0xff, 0xff, 0xff, 0xff, 0xff, 0xff, 
    0xff, 0xff, 0xff, 0xff, 0xff, 0xff, 0xff, 0xff, 
    0xff, 0xff, 0xff, 0xff, 0xff, 0xff, 0xff, 0xff, 
    0xff, 0xff, 0xff, 0xff, 0xff, 0xff, 0xff, 0xff, 
    0xff, 0xff, 0xff, 0xff, 0xff, 0xff, 0xff, 0xff, 
    0xff, 0xff, 0xff, 0xff, 0xff, 0xff, 0xff, 0xff, 
    0xff, 0xff, 0xff, 0xff, 0xff, 0xff, 0xff, 0xff, 
    0xff, 0xff, 0xff, 0xff, 0xff, 0xff, 0xff, 0xff, 
    0xff, 0xff, 0xff, 0xff, 0xff, 0xff, 0xff, 0xff, 
    0xff, 0xff, 0xff, 0xff, 0xff, 0xff, 0xff, 0xff, 
    0xff, 0xff, 0xff, 0xff, 0xff, 0xff, 0xff, 0xff, 
    0xff, 0xff, 0xff, 0xff, 0xff, 0xff, 0xff, 0xff, 
    0xff, 0xff, 0xff, 0xff, 0xff, 0xff, 0xff, 0xff, 
    0xff, 0xff, 0xff, 0xff, 0xff, 0xff, 0xff, 0xff, 
    0xff, 0xff, 0xff, 0xff, 0xff, 0xff, 0xff, 0xff, 
    0xff, 0xff, 0xff, 0xff, 0xff, 0xff, 0xff, 0xff, 
    0xff, 0xff, 0xff, 0xff, 0xff, 0xff, 0xff, 0xff, 
    0xff, 0xff, 0xff, 0xff, 0xff, 0xff, 0xff, 0xff, 
    0xff, 0xff, 0xff, 0xff, 0xff, 0xff, 0xff, 0xff, 
    0xff, 0xff, 0xff, 0xff, 0xff, 0xff, 0xff, 0xff, 
    0xff, 0xff, 0xff, 0xff, 0xff, 0xff, 0xff, 0xff, 
    0xff, 0xff, 0xff, 0xff, 0xff, 0xa4, 0x30, 0x32, 
    0xb4, 0xff, 0xee, 0x2a, 0x9f, 0xff, 0xff, 0xff, 
    0xff, 0xff, 0xff, 0xdb, 0x03, 0x00, 0x00, 0x05, 
    0xb6, 0xa8, 0x00, 0x9c, 0xff, 0xff, 0xff, 0xff, 
    0xff, 0xff, 0x98, 0x00, 0xa7, 0xb0, 0x02, 0x00, 
    0x00, 0x03, 0xd8, 0xff, 0xff, 0xff, 0xff, 0xff, 
    0xff, 0x8d, 0x0e, 0xeb, 0xff, 0xa1, 0x18, 0x15, 
    0x95, 0xff, 0xff, 0xff, 0xff, 0xff, 0xff, 0xff, 
    0xff, 0xff, 0xff, 0xff, 0xff, 0xff, 0xff, 0xff, 
    0xff, 0xff, 0xff, 0xff, 0xff, 0xff, 0xff, 0xff, 
    0xff, 0xff, 0xff, 0xff, 0xff, 0xff, 0xff, 0xff, 
    0xff, 0xff, 0xff, 0xff, 0xff, 0xff, 0xff, 0xff, 
    0xff, 0xff, 0xff, 0xff, 0xff, 0xff, 0xff, 0xff, 
    0xff, 0xff, 0xff, 0xff, 0xff, 0xff, 0xff, 0xff, 
    0xff, 0xff, 0xff, 0xff, 0xff, 0xff, 0xff, 0xff, 
    0xff, 0xff, 0xff, 0xff, 0xff, 0xff, 0xff, 0xff, 
    0xff, 0xff, 0xff, 0xff, 0xff, 0xff, 0xff, 0xff, 
    0xff, 0xff, 0xff, 0xff, 0xff, 0xff, 0xff, 0xff, 
    0xff, 0xff, 0xff, 0xff, 0xff, 0xff, 0xff, 0xff, 
    0xff, 0xff, 0xff, 0xff, 0xff, 0xff, 0xff, 0xff, 
    0xff, 0xff, 0xff, 0xff, 0xff, 0xff, 0xff, 0xff, 
    0xff, 0xff, 0xff, 0xff, 0xff, 0xff, 0xff, 0xff, 
    0xff, 0xff, 0xff, 0xff, 0xff, 0xff, 0xff, 0xff, 
    0xff, 0xff, 0xff, 0xff, 0xff, 0xff, 0xff, 0xff, 
    0xff, 0xff, 0xff, 0xff, 0xff, 0xff, 0xff, 0xff, 
    0xff, 0xff, 0xff, 0xff, 0xff, 0xff, 0xff, 0xff, 
    0xff, 0xff, 0xff, 0xff, 0xff, 0xff, 0xff, 0xff, 
    0xff, 0xff, 0xff, 0xff, 0xff, 0xff, 0xff, 0xff, 
    0xff, 0xff, 0xff, 0xff, 0xff, 0xff, 0xff, 0xff, 
    0xff, 0xff, 0xff, 0xff, 0xff, 0xff, 0xff, 0xff, 
    0xff, 0xff, 0xff, 0xff, 0xff, 0xff, 0xff, 0xff, 
    0xff, 0xff, 0xff, 0xff, 0xff, 0xff, 0xff, 0xff, 
    0xff, 0xff, 0xff, 0xff, 0xff, 0xff, 0xff, 0xff, 
    0xff, 0xff, 0xff, 0xff, 0xff, 0xff, 0xff, 0xff, 
    0xff, 0xff, 0xff, 0xff, 0xff, 0xff, 0xff, 0xff, 
    0xff, 0xff, 0xff, 0xff, 0xff, 0xff, 0xff, 0xff, 
    0xff, 0xff, 0xff, 0xff, 0xff, 0xff, 0xff, 0xff, 
    0xff, 0xff, 0xff, 0xff, 0xff, 0xff, 0xff, 0xff, 
    0xff, 0xff, 0xff, 0xff, 0xff, 0xff, 0xff, 0xff, 
    0xff, 0xff, 0xff, 0xff, 0xff, 0xff, 0xff, 0xff, 
    0xff, 0xff, 0xff, 0xff, 0xff, 0xff, 0xff, 0xff, 
    0xff, 0xff, 0xff, 0xff, 0xff, 0xff, 0xff, 0xff, 
    0xff, 0xff, 0xff, 0xff, 0xff, 0xff, 0xff, 0xff, 
    0xff, 0xff, 0xff, 0xff, 0xff, 0xff, 0xff, 0xff, 
    0xff, 0xff, 0xff, 0xff, 0xff, 0xff, 0xff, 0xff, 
    0xff, 0xff, 0xff, 0xff, 0xff, 0xff, 0xff, 0xff, 
    0xff, 0xff, 0xff, 0xff, 0xff, 0xff, 0xff, 0xff, 
    0xff, 0xff, 0xff, 0xff, 0xff, 0xff, 0xff, 0xff, 
    0xff, 0xff, 0xff, 0xff, 0xff, 0xff, 0xff, 0xff, 
    0xff, 0xff, 0xff, 0xff, 0xff, 0xff, 0xff, 0xff, 
    0xff, 0xff, 0xff, 0xff, 0xff, 0xff, 0xff, 0xff, 
    0xff, 0xff, 0xff, 0xff, 0xff, 0xff, 0xff, 0xff, 
    0xff, 0xff, 0xff, 0xff, 0xff, 0xff, 0xff, 0xff, 
    0xff, 0xff, 0xff, 0xff, 0xff, 0xff, 0xff, 0xff, 
    0xff, 0xff, 0xff, 0xff, 0xff, 0xff, 0xff, 0xff, 
    0xff, 0xff, 0xff, 0xff, 0xff, 0xff, 0xff, 0xff, 
    0xff, 0xff, 0xff, 0xff, 0xff, 0xff, 0xff, 0xff, 
    0xff, 0xff, 0xff, 0xff, 0xff, 0xff, 0xff, 0xff, 
    0xff, 0xff, 0xff, 0xff, 0xff, 0xff, 0xff, 0xff, 
    0xff, 0xff, 0xff, 0xff, 0xff, 0xff, 0xff, 0xff, 
    0xff, 0xff, 0xff, 0xff, 0xff, 0xff, 0xff, 0xff, 
    0xff, 0xff, 0xff, 0xff, 0xff, 0xff, 0xff, 0xff, 
    0xff, 0xff, 0xff, 0xff, 0xff, 0xff, 0xff, 0xff, 
    0xff, 0xff, 0xff, 0xff, 0xff, 0xff, 0xff, 0xff, 
    0xff, 0xff, 0xff, 0xff, 0xff, 0xff, 0xff, 0xff, 
    0xff, 0xff, 0xff, 0xff, 0xff, 0xff, 0xff, 0xff, 
    0xff, 0xff, 0xff, 0xff, 0xff, 0xff, 0xff, 0xff, 
    0xff, 0xff, 0xff, 0xff, 0xff, 0xff, 0xff, 0xff, 
    0xff, 0xff, 0xff, 0xff, 0xff, 0xff, 0xff, 0xff, 
    0xff, 0xff, 0xff, 0xff, 0xff, 0xff, 0xff, 0xff, 
    0xff, 0xff, 0xff, 0xff, 0xff, 0xff, 0xff, 0xff, 
    0xff, 0xff, 0xff, 0xff, 0xff, 0xff, 0xff, 0xff, 
    0xff, 0xff, 0xff, 0xff, 0xff, 0xff, 0xff, 0xff, 
    0xff, 0xff, 0xff, 0xff, 0xff, 0xff, 0xff, 0xff, 
    0xff, 0xff, 0xff, 0xff, 0xff, 0xff, 0xff, 0xff, 
    0xff, 0xff, 0xff, 0xff, 0xff, 0xff, 0xff, 0xff, 
    0xff, 0xff, 0xff, 0xff, 0xff, 0xff, 0xff, 0xff, 
    0xff, 0xff, 0xff, 0xff, 0xff, 0xff, 0xff, 0xff, 
    0xff, 0xff, 0xff, 0xff, 0xff, 0xff, 0xff, 0xff, 
    0xff, 0xff, 0xff, 0xff, 0xff, 0xff, 0xff, 0xff, 
    0xff, 0xff, 0xff, 0xff, 0xff, 0xff, 0xff, 0xff, 
    0xff, 0xff, 0xff, 0xff, 0xff, 0xff, 0xff, 0xff, 
    0xff, 0xff, 0xff, 0xff, 0xff, 0xff, 0xff, 0xff, 
    0xff, 0xff, 0xff, 0xff, 0xff, 0xff, 0xff, 0xff, 
    0xff, 0xff, 0xff, 0xff, 0xff, 0xff, 0xff, 0xff, 
    0xff, 0xff, 0xff, 0xff, 0xff, 0xff, 0xff, 0xff, 
    0xff, 0xff, 0xff, 0xff, 0xff, 0xff, 0xff, 0xff, 
    0xff, 0xff, 0xff, 0xff, 0xff, 0xff, 0xff, 0xff, 
    0xff, 0xff, 0xff, 0xff, 0xff, 0xff, 0xff, 0xff, 
    0xff, 0xff, 0xff, 0xff, 0xff, 0xff, 0xff, 0xff, 
    0xff, 0xff, 0xff, 0xff, 0xff, 0xff, 0xff, 0xff, 
    0xff, 0xff, 0xff, 0xff, 0xff, 0xff, 0xff, 0xff, 
    0xff, 0xff, 0xff, 0xff, 0xff, 0xff, 0xff, 0xff, 
    0xff, 0xff, 0xff, 0xff, 0xc4, 0x54, 0xa1, 0xff, 
    0xff, 0xff, 0xff, 0xff, 0xff, 0x62, 0x00, 0x2e, 
    0xff, 0xff, 0xff, 0xff, 0xff, 0xff, 0x96, 0x06, 
    0x63, 0xff, 0xff, 0xff, 0xff, 0xff, 0xff, 0xfb, 
    0xd5, 0xf3, 0xff, 0xff, 0xff, 0xff, 0xff, 0xff, 
    0xa3, 0x00, 0x6f, 0xff, 0xff, 0xff, 0xff, 0xff, 
    0xff, 0x9a, 0x00, 0x67, 0xff, 0xff, 0xff, 0xff, 
    0xff, 0xff, 0x92, 0x00, 0x5f, 0xff, 0xff, 0xff, 
    0xff, 0xff, 0xff, 0x8b, 0x00, 0x58, 0xff, 0xff, 
    0xff, 0xff, 0xff, 0xff, 0x84, 0x00, 0x51, 0xff, 
    0xff, 0xff, 0xff, 0xff, 0xff, 0x7d, 0x00, 0x4a, 
    0xff, 0xff, 0xff, 0xff, 0xff, 0xff, 0x76, 0x00, 
    0x43, 0xff, 0xff, 0xff, 0xff, 0xff, 0xff, 0x6e, 
    0x00, 0x3b, 0xff, 0xff, 0xff, 0xff, 0xff, 0xff, 
    0x7d, 0x02, 0x4a, 0xff, 0xff, 0xff, 0xff, 0xff, 
    0xff, 0xff, 0xff, 0xff, 0xff, 0xff, 0xff, 0xff, 
    0xff, 0xff, 0xff, 0xff, 0xff, 0xff, 0xff, 0xff, 
    0xff, 0xff, 0xff, 0xff, 0xff, 0xff, 0xff, 0xff, 
    0xff, 0xff, 0xff, 0xff, 0xff, 0xff, 0xff, 0xff, 
    0xff, 0xff, 0xff, 0xff, 0xff, 0xff, 0xff, 0xff, 
    0xff, 0xff, 0xff, 0xff, 0xff, 0xff, 0xff, 0xff, 
    0xff, 0xff, 0xff, 0xff, 0xff, 0xff, 0xff, 0xff, 
    0xff, 0xff, 0xff, 0xff, 0xff, 0xff, 0xff, 0xff, 
    0xff, 0xff, 0xff, 0xff, 0xff, 0xff, 0xff, 0xff, 
    0xff, 0xff, 0xff, 0xff, 0xff, 0xff, 0xff, 0xff, 
    0xff, 0xff, 0xff, 0xff, 0xff, 0xff, 0xff, 0xff, 
    0xff, 0xff, 0xff, 0xff, 0xff, 0xff, 0xff, 0xff, 
    0xff, 0xff, 0xff, 0xff, 0xff, 0xff, 0xff, 0xff, 
    0xff, 0xff, 0xff, 0xff, 0xff, 0xff, 0xff, 0xff, 
    0xff, 0xff, 0xff, 0xff, 0xff, 0xff, 0xff, 0xff, 
    0xff, 0xff, 0xff, 0xff, 0xff, 0xff, 0xff, 0xff, 
    0xff, 0xff, 0xff, 0xff, 0xff, 0xff, 0xff, 0xff, 
    0xff, 0xff, 0xff, 0xff, 0xff, 0xff, 0xff, 0xff, 
    0xff, 0xff, 0xff, 0xff, 0xff, 0xff, 0xff, 0xff, 
    0xff, 0xff, 0xff, 0xff, 0xff, 0xff, 0xff, 0xff, 
    0xff, 0xff, 0xff, 0xff, 0xff, 0xff, 0xff, 0xff, 
    0xff, 0xff, 0xff, 0xff, 0xff, 0xff, 0xff, 0xff, 
    0xff, 0xff, 0xff, 0xff, 0xff, 0xff, 0xff, 0xff, 
    0xff, 0xff, 0xff, 0xff, 0x73, 0x07, 0xd3, 0xff, 
    0xff, 0xff, 0xff, 0xff, 0xff, 0xff, 0xff, 0xff, 
    0xf4, 0x48, 0x00, 0x8b, 0xf9, 0xff, 0xff, 0xff, 
    0xff, 0xff, 0xff, 0xff, 0xc7, 0x12, 0x00, 0x00, 
    0x00, 0x3e, 0xff, 0xff, 0xff, 0xff, 0xff, 0xff, 
    0xf9, 0x1a, 0x00, 0x38, 0x93, 0x61, 0x1e, 0xff, 
    0xff, 0xff, 0xff, 0xff, 0xff, 0xb1, 0x00, 0x09, 
    0xed, 0xff, 0xff, 0xee, 0xff, 0xff, 0xff, 0xff, 
    0xff, 0xff, 0x8d, 0x00, 0x2f, 0xff, 0xff, 0xff, 
    0xff, 0xff, 0xff, 0xff, 0xff, 0xff, 0xff, 0x86, 
    0x00, 0x2e, 0xff, 0xff, 0xff, 0xff, 0xff, 0xff, 
    0xff, 0xff, 0xff, 0xff, 0xa4, 0x00, 0x08, 0xeb, 
    0xff, 0xff, 0xdd, 0xff, 0xff, 0xff, 0xff, 0xff, 
    0xff, 0xee, 0x0a, 0x00, 0x2f, 0x83, 0x55, 0x25, 
    0xff, 0xff, 0xff, 0xff, 0xff, 0xff, 0xff, 0xa6, 
    0x05, 0x00, 0x00, 0x00, 0x4d, 0xff, 0xff, 0xff, 
    0xff, 0xff, 0xff, 0xff, 0xff, 0xe7, 0x45, 0x00, 
    0x93, 0xfb, 0xff, 0xff, 0xff, 0xff, 0xff, 0xff, 
    0xff, 0xff, 0xff, 0x74, 0x04, 0xd1, 0xff, 0xff, 
    0xff, 0xff, 0xff, 0xff, 0xff, 0xff, 0xff, 0xff, 
    0xff, 0xff, 0xff, 0xff, 0xff, 0xff, 0xff, 0xff, 
    0xff, 0xff, 0xff, 0xff, 0xff, 0xff, 0xff, 0xff, 
    0xff, 0xff, 0xff, 0xff, 0xff, 0xff, 0xff, 0xff, 
    0xff, 0xff, 0xff, 0xff, 0xff, 0xff, 0xff, 0xff, 
    0xff, 0xff, 0xff, 0xff, 0xff, 0xff, 0xff, 0xff, 
    0xff, 0xff, 0xff, 0xff, 0xff, 0xff, 0xff, 0xff, 
    0xff, 0xff, 0xff, 0xff, 0xff, 0xff, 0xff, 0xff, 
    0xff, 0xff, 0xff, 0xff, 0xff, 0xff, 0xff, 0xff, 
    0xff, 0xff, 0xff, 0xff, 0xff, 0xff, 0xff, 0xff, 
    0xff, 0xff, 0xff, 0xff, 0xff, 0xff, 0xff, 0xff, 
    0xff, 0xff, 0xff, 0xff, 0xff, 0xff, 0xff, 0xff, 
    0xff, 0xff, 0xff, 0xff, 0xff, 0xff, 0xff, 0xff, 
    0xff, 0xff, 0xff, 0xff, 0xff, 0xff, 0xff, 0xff, 
    0xff, 0xff, 0xff, 0xff, 0xff, 0xff, 0xff, 0xff, 
    0xff, 0xff, 0xff, 0xff, 0xff, 0xff, 0xff, 0xff, 
    0xff, 0xff, 0xff, 0xff, 0xff, 0xff, 0xff, 0xff, 
    0xff, 0xff, 0xff, 0xff, 0xff, 0xff, 0xff, 0xff, 
    0xff, 0xff, 0xff, 0xff, 0xff, 0xff, 0xff, 0xff, 
    0xff, 0xff, 0xff, 0xff, 0xff, 0xff, 0xff, 0xff, 
    0xff, 0xff, 0xff, 0xff, 0xff, 0xff, 0xff, 0xff, 
    0xff, 0xff, 0xff, 0xff, 0xff, 0xff, 0xff, 0xff, 
    0xff, 0xff, 0xff, 0xff, 0xff, 0xff, 0xff, 0xff, 
    0xff, 0xff, 0xff, 0xff, 0xff, 0xff, 0xff, 0xff, 
    0xff, 0xff, 0xff, 0xff, 0xff, 0xff, 0xff, 0xff, 
    0xff, 0xff, 0xff, 0xff, 0xff, 0xff, 0xff, 0xff, 
    0xff, 0xff, 0xff, 0xff, 0xff, 0xff, 0xff, 0xff, 
    0xff, 0xff, 0xff, 0xff, 0xff, 0xff, 0xff, 0xff, 
    0xff, 0xff, 0xff, 0xff, 0xff, 0xff, 0xff, 0xff, 
    0xff, 0xff, 0xff, 0xff, 0xff, 0xff, 0xff, 0xff, 
    0xff, 0xff, 0xff, 0xff, 0xff, 0xff, 0xff, 0xff, 
    0xff, 0xff, 0xff, 0xff, 0xff, 0xff, 0xff, 0xff, 
    0xff, 0xff, 0xff, 0xff, 0xff, 0xfd, 0x84, 0x29, 
    0x08, 0x1e, 0x82, 0xff, 0xff, 0xff, 0xff, 0xff, 
    0xff, 0xff, 0xff, 0xff, 0x8c, 0x00, 0x00, 0x08, 
    0x03, 0x00, 0xe1, 0xff, 0xff, 0xff, 0xff, 0xff, 
    0xff, 0xff, 0xff, 0x27, 0x00, 0x57, 0xfb, 0xf2, 
    0x81, 0xf1, 0xff, 0xff, 0xff, 0xff, 0xff, 0xff, 
    0xff, 0xfc, 0x01, 0x00, 0xb5, 0xff, 0xff, 0xff, 
    0xff, 0xff, 0xff, 0xff, 0xff, 0xff, 0xff, 0xff, 
    0xf4, 0x00, 0x00, 0xc3, 0xff, 0xff, 0xff, 0xff, 
    0xff, 0xff, 0xff, 0xff, 0xff, 0xff, 0xb9, 0x00, 
    0x00, 0x00, 0x00, 0x00, 0x1b, 0xff, 0xff, 0xff, 
    0xff, 0xff, 0xff, 0xff, 0xff, 0xc8, 0x2d, 0x00, 
    0x00, 0x24, 0x2f, 0x49, 0xff, 0xff, 0xff, 0xff, 
    0xff, 0xff, 0xff, 0xff, 0xff, 0xf3, 0x00, 0x00, 
    0xc3, 0xff, 0xff, 0xff, 0xff, 0xff, 0xff, 0xff, 
    0xff, 0xff, 0xff, 0xff, 0xf3, 0x00, 0x00, 0xc3, 
    0xff, 0xff, 0xff, 0xff, 0xff, 0xff, 0xff, 0xff, 
    0xff, 0xff, 0xff, 0xf3, 0x00, 0x00, 0xc3, 0xff, 
    0xff, 0xff, 0xff, 0xff, 0xff, 0xff, 0xff, 0xff, 
    0xff, 0xc5, 0x22, 0x00, 0x00, 0x1b, 0x23, 0x23, 
    0x23, 0xb3, 0xff, 0xff, 0xff, 0xff, 0xff, 0xff, 
    0xb9, 0x00, 0x00, 0x00, 0x00, 0x00, 0x00, 0x00, 
    0xa4, 0xff, 0xff, 0xff, 0xff, 0xff, 0xff, 0xff, 
    0xff, 0xff, 0xff, 0xff, 0xff, 0xff, 0xff, 0xff, 
    0xff, 0xff, 0xff, 0xff, 0xff, 0xff, 0xff, 0xff, 
    0xff, 0xff, 0xff, 0xff, 0xff, 0xff, 0xff, 0xff, 
    0xff, 0xff, 0xff, 0xff, 0xff, 0xff, 0xff, 0xff, 
    0xff, 0xff, 0xff, 0xff, 0xff, 0xff, 0xff, 0xff, 
    0xff, 0xff, 0xff, 0xff, 0xff, 0xff, 0xff, 0xff, 
    0xff, 0xff, 0xff, 0xff, 0xff, 0xff, 0xff, 0xff, 
    0xff, 0xff, 0xff, 0xff, 0xff, 0xff, 0xff, 0xff, 
    0xff, 0xff, 0xff, 0xff, 0xff, 0xff, 0xff, 0xff, 
    0xff, 0xff, 0xff, 0xff, 0xff, 0xff, 0xff, 0xff, 
    0xff, 0xff, 0xff, 0xff, 0xff, 0xff, 0xff, 0xff, 
    0xff, 0xff, 0xff, 0xff, 0xff, 0xff, 0xff, 0xff, 
    0xff, 0xff, 0xff, 0xff, 0xff, 0xff, 0xff, 0xff, 
    0xff, 0xff, 0xff, 0xff, 0xff, 0xff, 0xff, 0xff, 
    0xff, 0xff, 0xff, 0xff, 0xff, 0xff, 0xff, 0xff, 
    0xff, 0xff, 0xff, 0xff, 0xff, 0xff, 0xff, 0xff, 
    0xff, 0xff, 0xff, 0xff, 0xff, 0xff, 0xff, 0xff, 
    0xff, 0xff, 0xff, 0xff, 0xff, 0xff, 0xff, 0xff, 
    0xff, 0xff, 0xff, 0xff, 0xff, 0xff, 0xff, 0xff, 
    0xff, 0xff, 0xff, 0xff, 0xff, 0xff, 0xff, 0xff, 
    0xff, 0xff, 0xff, 0xff, 0xff, 0xff, 0xff, 0xff, 
    0xff, 0xff, 0xff, 0xff, 0xff, 0xff, 0xff, 0xff, 
    0xff, 0xff, 0xff, 0xff, 0xff, 0xff, 0xff, 0xff, 
    0xff, 0xff, 0xff, 0xff, 0xff, 0xff, 0xff, 0xff, 
    0xff, 0xff, 0xff, 0xff, 0xff, 0xff, 0xff, 0xff, 
    0xff, 0xff, 0xff, 0xff, 0xff, 0xff, 0xff, 0xff, 
    0xff, 0xff, 0xff, 0xff, 0xff, 0xff, 0xff, 0xff, 
    0xff, 0xff, 0xff, 0xff, 0xff, 0xff, 0xff, 0xff, 
    0xff, 0xff, 0xff, 0xff, 0xff, 0xff, 0xff, 0xff, 
    0xff, 0xff, 0xff, 0xff, 0xff, 0xff, 0xff, 0xff, 
    0xff, 0xff, 0xff, 0xff, 0xff, 0xff, 0xff, 0xff, 
    0xff, 0xff, 0xff, 0xff, 0xff, 0xff, 0xff, 0xff, 
    0xff, 0xff, 0xff, 0xff, 0xff, 0xff, 0xff, 0xff, 
    0xff, 0xff, 0xff, 0xff, 0xff, 0xff, 0xff, 0xff, 
    0xff, 0xff, 0xff, 0xff, 0xff, 0xff, 0xff, 0xff, 
    0xff, 0xff, 0xff, 0xff, 0xbe, 0x8c, 0xd5, 0xff, 
    0xff, 0xff, 0xcf, 0x89, 0xc1, 0xff, 0xff, 0xff, 
    0xff, 0xff, 0xff, 0xa2, 0x00, 0x30, 0xfe, 0xff, 
    0xfd, 0x2c, 0x00, 0xa2, 0xff, 0xff, 0xff, 0xff, 
    0xff, 0xff, 0xff, 0x42, 0x00, 0x22, 0x06, 0x1d, 
    0x00, 0x3a, 0xfe, 0xff, 0xff, 0xff, 0xff, 0xff, 
    0xff, 0xff, 0x8d, 0x00, 0x11, 0x4b, 0x0c, 0x00, 
    0x90, 0xff, 0xff, 0xff, 0xff, 0xff, 0xff, 0xff, 
    0xff, 0x27, 0x00, 0xc8, 0xff, 0xb5, 0x00, 0x34, 
    0xff, 0xff, 0xff, 0xff, 0xff, 0xff, 0xff, 0xfb, 
    0x03, 0x0f, 0xff, 0xff, 0xf8, 0x00, 0x0c, 0xff, 
    0xff, 0xff, 0xff, 0xff, 0xff, 0xff, 0xfc, 0x04, 
    0x07, 0xfc, 0xff, 0xf0, 0x00, 0x18, 0xff, 0xff, 
    0xff, 0xff, 0xff, 0xff, 0xff, 0xff, 0x2f, 0x00, 
    0x8b, 0xf2, 0x7b, 0x00, 0x54, 0xff, 0xff, 0xff, 
    0xff, 0xff, 0xff, 0xff, 0xff, 0x8d, 0x00, 0x00, 
    0x00, 0x00, 0x00, 0xa8, 0xff, 0xff, 0xff, 0xff, 
    0xff, 0xff, 0xff, 0xf2, 0x1f, 0x01, 0x6a, 0x5d, 
    0x6f, 0x00, 0x25, 0xf6, 0xff, 0xff, 0xff, 0xff, 
    0xff, 0xff, 0x81, 0x00, 0x63, 0xff, 0xff, 0xff, 
    0x4f, 0x01, 0x96, 0xff, 0xff, 0xff, 0xff, 0xff, 
    0xff, 0xff, 0xff, 0xff, 0xff, 0xff, 0xff, 0xff, 
    0xff, 0xff, 0xff, 0xff, 0xff, 0xff, 0xff, 0xff, 
    0xff, 0xff, 0xff, 0xff, 0xff, 0xff, 0xff, 0xff, 
    0xff, 0xff, 0xff, 0xff, 0xff, 0xff, 0xff, 0xff, 
    0xff, 0xff, 0xff, 0xff, 0xff, 0xff, 0xff, 0xff, 
    0xff, 0xff, 0xff, 0xff, 0xff, 0xff, 0xff, 0xff, 
    0xff, 0xff, 0xff, 0xff, 0xff, 0xff, 0xff, 0xff, 
    0xff, 0xff, 0xff, 0xff, 0xff, 0xff, 0xff, 0xff, 
    0xff, 0xff, 0xff, 0xff, 0xff, 0xff, 0xff, 0xff, 
    0xff, 0xff, 0xff, 0xff, 0xff, 0xff, 0xff, 0xff, 
    0xff, 0xff, 0xff, 0xff, 0xff, 0xff, 0xff, 0xff, 
    0xff, 0xff, 0xff, 0xff, 0xff, 0xff, 0xff, 0xff, 
    0xff, 0xff, 0xff, 0xff, 0xff, 0xff, 0xff, 0xff, 
    0xff, 0xff, 0xff, 0xff, 0xff, 0xff, 0xff, 0xff, 
    0xff, 0xff, 0xff, 0xff, 0xff, 0xff, 0xff, 0xff, 
    0xff, 0xff, 0xff, 0xff, 0xff, 0xff, 0xff, 0xff, 
    0xff, 0xff, 0xff, 0xff, 0xff, 0xff, 0xff, 0xff, 
    0xff, 0xff, 0xff, 0xff, 0xff, 0xff, 0xff, 0xff, 
    0xff, 0xff, 0xff, 0xff, 0xff, 0xff, 0xff, 0xff, 
    0xff, 0xff, 0xff, 0xff, 0xff, 0xff, 0xff, 0xff, 
    0xff, 0xff, 0xff, 0xff, 0xff, 0xff, 0xff, 0xff, 
    0xff, 0xff, 0xff, 0xff, 0xff, 0xff, 0xff, 0xff, 
    0xff, 0xff, 0xff, 0xff, 0xff, 0xff, 0xff, 0xff, 
    0xff, 0xff, 0xff, 0xff, 0xff, 0xff, 0xff, 0xff, 
    0xff, 0xff, 0xff, 0xff, 0xff, 0xff, 0xff, 0xff, 
    0xff, 0xff, 0xff, 0xff, 0xff, 0xff, 0xff, 0xff, 
    0xff, 0xff, 0xff, 0xff, 0xff, 0xff, 0xff, 0xff, 
    0xff, 0xff, 0xff, 0xff, 0xff, 0xff, 0xff, 0xff, 
    0xff, 0xff, 0xff, 0xff, 0xff, 0xff, 0xff, 0xff, 
    0xff, 0xff, 0xff, 0xff, 0xff, 0xff, 0xff, 0xff, 
    0xff, 0xff, 0xff, 0xff, 0xff, 0xff, 0xff, 0xff, 
    0xff, 0xff, 0xff, 0xff, 0xff, 0xff, 0xff, 0xff, 
    0xff, 0xff, 0xff, 0xff, 0xff, 0xff, 0xff, 0xff, 
    0xff, 0xff, 0xff, 0xff, 0xff, 0xff, 0xff, 0x71, 
    0x01, 0x30, 0xfd, 0xff, 0xff, 0x75, 0x00, 0x52, 
    0xff, 0xff, 0xff, 0xff, 0xff, 0xff, 0xdb, 0x05, 
    0x00, 0xa8, 0xff, 0xe8, 0x09, 0x00, 0xc1, 0xff, 
    0xff, 0xff, 0xff, 0xff, 0xff, 0xff, 0x6d, 0x00, 
    0x2c, 0xff, 0x76, 0x00, 0x4e, 0xff, 0xff, 0xff, 
    0xff, 0xff, 0xff, 0xff, 0xff, 0xec, 0x0f, 0x00, 
    0xaa, 0x0e, 0x04, 0xd7, 0xff, 0xff, 0xff, 0xff, 
    0xff, 0xff, 0xff, 0xff, 0xff, 0x88, 0x00, 0x0b, 
    0x00, 0x69, 0xff, 0xff, 0xff, 0xff, 0xff, 0xff, 
    0xff, 0xff, 0xff, 0xff, 0xf7, 0x1e, 0x00, 0x0d, 
    0xe9, 0xff, 0xff, 0xff, 0xff, 0xff, 0xff, 0xff, 
    0xff, 0xfd, 0x6d, 0x67, 0x29, 0x00, 0x1c, 0x67, 
    0x68, 0xee, 0xff, 0xff, 0xff, 0xff, 0xff, 0xff, 
    0xf6, 0x05, 0x00, 0x00, 0x00, 0x00, 0x00, 0x00, 
    0xdc, 0xff, 0xff, 0xff, 0xff, 0xff, 0xff, 0xff, 
    0xff, 0xff, 0x67, 0x00, 0x47, 0xff, 0xff, 0xff, 
    0xff, 0xff, 0xff, 0xff, 0xff, 0xff, 0xf4, 0x05, 
    0x00, 0x00, 0x00, 0x00, 0x00, 0x00, 0xd8, 0xff, 
    0xff, 0xff, 0xff, 0xff, 0xff, 0xfd, 0x6c, 0x67, 
    0x2a, 0x00, 0x1d, 0x67, 0x68, 0xef, 0xff, 0xff, 
    0xff, 0xff, 0xff, 0xff, 0xff, 0xff, 0xff, 0x77, 
    0x01, 0x58, 0xff, 0xff, 0xff, 0xff, 0xff, 0xff, 
    0xff, 0xff, 0xff, 0xff, 0xff, 0xff, 0xff, 0xff, 
    0xff, 0xff, 0xff, 0xff, 0xff, 0xff, 0xff, 0xff, 
    0xff, 0xff, 0xff, 0xff, 0xff, 0xff, 0xff, 0xff, 
    0xff, 0xff, 0xff, 0xff, 0xff, 0xff, 0xff, 0xff, 
    0xff, 0xff, 0xff, 0xff, 0xff, 0xff, 0xff, 0xff, 
    0xff, 0xff, 0xff, 0xff, 0xff, 0xff, 0xff, 0xff, 
    0xff, 0xff, 0xff, 0xff, 0xff, 0xff, 0xff, 0xff, 
    0xff, 0xff, 0xff, 0xff, 0xff, 0xff, 0xff, 0xff, 
    0xff, 0xff, 0xff, 0xff, 0xff, 0xff, 0xff, 0xff, 
    0xff, 0xff, 0xff, 0xff, 0xff, 0xff, 0xff, 0xff, 
    0xff, 0xff, 0xff, 0xff, 0xff, 0xff, 0xff, 0xff, 
    0xff, 0xff, 0xff, 0xff, 0xff, 0xff, 0xff, 0xff, 
    0xff, 0xff, 0xff, 0xff, 0xff, 0xff, 0xff, 0xff, 
    0xff, 0xff, 0xff, 0xff, 0xff, 0xff, 0xff, 0xff, 
    0xff, 0xff, 0xff, 0xff, 0xff, 0xff, 0xff, 0xff, 
    0xff, 0xff, 0xff, 0xff, 0xff, 0xff, 0xff, 0xff, 
    0xff, 0xff, 0xff, 0xff, 0xff, 0xff, 0xff, 0xff, 
    0xff, 0xff, 0xff, 0xff, 0xff, 0xff, 0xff, 0xff, 
    0xff, 0xff, 0xff, 0xff, 0xff, 0xff, 0xff, 0xff, 
    0xff, 0xff, 0xff, 0xff, 0xff, 0xff, 0xff, 0xff, 
    0xff, 0xff, 0xff, 0xff, 0xff, 0xff, 0xff, 0xff, 
    0xff, 0xff, 0xff, 0xff, 0xff, 0xff, 0xff, 0xff, 
    0xff, 0xff, 0xff, 0xff, 0xff, 0xff, 0xff, 0xff, 
    0xff, 0xff, 0xff, 0xff, 0xff, 0xff, 0xff, 0xff, 
    0xff, 0xff, 0xff, 0x80, 0x04, 0x8c, 0xff, 0xff, 
    0xff, 0xff, 0xff, 0xff, 0x6f, 0x00, 0x7b, 0xff, 
    0xff, 0xff, 0xff, 0xff, 0xff, 0x6f, 0x00, 0x7b, 
    0xff, 0xff, 0xff, 0xff, 0xff, 0xff, 0x6f, 0x00, 
    0x7b, 0xff, 0xff, 0xff, 0xff, 0xff, 0xff, 0x6f, 
    0x00, 0x7b, 0xff, 0xff, 0xff, 0xff, 0xff, 0xff, 
    0x6f, 0x00, 0x7b, 0xff, 0xff, 0xff, 0xff, 0xff, 
    0xff, 0xad, 0x53, 0xb5, 0xff, 0xff, 0xff, 0xff, 
    0xff, 0xff, 0xff, 0xff, 0xff, 0xff, 0xff, 0xff, 
    0xff, 0xff, 0xff, 0xff, 0xff, 0xff, 0xff, 0xff, 
    0xff, 0xff, 0xff, 0xff, 0xff, 0xff, 0xff, 0xff, 
    0xff, 0xff, 0xff, 0xff, 0xff, 0xa9, 0x4c, 0xb2, 
    0xff, 0xff, 0xff, 0xff, 0xff, 0xff, 0x6f, 0x00, 
    0x7b, 0xff, 0xff, 0xff, 0xff, 0xff, 0xff, 0x6f, 
    0x00, 0x7b, 0xff, 0xff, 0xff, 0xff, 0xff, 0xff, 
    0x6f, 0x00, 0x7b, 0xff, 0xff, 0xff, 0xff, 0xff, 
    0xff, 0x6f, 0x00, 0x7b, 0xff, 0xff, 0xff, 0xff, 
    0xff, 0xff, 0x6f, 0x00, 0x7b, 0xff, 0xff, 0xff, 
    0xff, 0xff, 0xff, 0x80, 0x03, 0x8c, 0xff, 0xff, 
    0xff, 0xff, 0xff, 0xff, 0xff, 0xff, 0xff, 0xff, 
    0xff, 0xff, 0xff, 0xff, 0xff, 0xff, 0xff, 0xff, 
    0xff, 0xff, 0xff, 0xff, 0xff, 0xff, 0xff, 0xff, 
    0xff, 0xff, 0xff, 0xff, 0xff, 0xff, 0xff, 0xff, 
    0xff, 0xff, 0xff, 0xff, 0xff, 0xff, 0xff, 0xff, 
    0xff, 0xff, 0xff, 0xff, 0xff, 0xff, 0xff, 0xff, 
    0xff, 0xff, 0xff, 0xff, 0xff, 0xff, 0xff, 0xff, 
    0xff, 0xff, 0xff, 0xff, 0xff, 0xff, 0xff, 0xff, 
    0xff, 0xff, 0xff, 0xff, 0xff, 0xff, 0xff, 0xff, 
    0xff, 0xff, 0xff, 0xff, 0xff, 0xff, 0xff, 0xff, 
    0xff, 0xff, 0xff, 0xff, 0xff, 0xff, 0xff, 0xff, 
    0xff, 0xff, 0xff, 0xff, 0xff, 0xff, 0xff, 0xff, 
    0xff, 0xff, 0xff, 0xff, 0xff, 0xff, 0xff, 0xff, 
    0xff, 0xff, 0xff, 0xff, 0xff, 0xff, 0xff, 0xff, 
    0xff, 0xff, 0xff, 0xff, 0xff, 0xff, 0xff, 0xff, 
    0xff, 0xff, 0xff, 0xff, 0xff, 0xff, 0xff, 0xff, 
    0xff, 0xff, 0xff, 0xff, 0xff, 0xff, 0xff, 0xff, 
    0xff, 0xff, 0xff, 0xff, 0xff, 0xff, 0xff, 0xff, 
    0xff, 0xff, 0xff, 0xff, 0xff, 0xff, 0xff, 0xff, 
    0xff, 0xff, 0xff, 0xff, 0xff, 0xff, 0xff, 0xff, 
    0xff, 0xff, 0xff, 0xff, 0xff, 0xff, 0xff, 0xff, 
    0xff, 0xff, 0xff, 0xff, 0xff, 0xff, 0xff, 0xff, 
    0xff, 0xff, 0xff, 0xff, 0xff, 0xff, 0xff, 0xff, 
    0xff, 0xff, 0xff, 0xff, 0xff, 0xff, 0xff, 0xff, 
    0xff, 0xff, 0xff, 0xff, 0xff, 0xff, 0xff, 0xff, 
    0xff, 0xc0, 0x3c, 0x0c, 0x14, 0x5d, 0xfe, 0xff, 
    0xff, 0xff, 0xff, 0xff, 0xff, 0xff, 0xff, 0xe5, 
    0x0c, 0x01, 0x4c, 0x42, 0x04, 0xef, 0xff, 0xff, 
    0xff, 0xff, 0xff, 0xff, 0xff, 0xff, 0xaa, 0x00, 
    0x38, 0xff, 0xff, 0xe0, 0xff, 0xff, 0xff, 0xff, 
    0xff, 0xff, 0xff, 0xff, 0xff, 0xbd, 0x00, 0x07, 
    0xa5, 0xfe, 0xff, 0xff, 0xff, 0xff, 0xff, 0xff, 
    0xff, 0xff, 0xff, 0xff, 0xfa, 0x1a, 0x00, 0x00, 
    0x27, 0xa3, 0xff, 0xff, 0xff, 0xff, 0xff, 0xff, 
    0xff, 0xff, 0xff, 0x60, 0x00, 0x27, 0x0f, 0x00, 
    0x00, 0x6e, 0xff, 0xff, 0xff, 0xff, 0xff, 0xff, 
    0xff, 0xe0, 0x00, 0x05, 0xef, 0xf2, 0x79, 0x00, 
    0x02, 0xe7, 0xff, 0xff, 0xff, 0xff, 0xff, 0xff, 
    0xcc, 0x00, 0x09, 0xee, 0xff, 0xff, 0x0f, 0x00, 
    0xcd, 0xff, 0xff, 0xff, 0xff, 0xff, 0xff, 0xf5, 
    0x15, 0x00, 0x20, 0x97, 0xad, 0x00, 0x11, 0xf5, 
    0xff, 0xff, 0xff, 0xff, 0xff, 0xff, 0xff, 0xc0, 
    0x16, 0x00, 0x00, 0x00, 0x0a, 0xb4, 0xff, 0xff, 
    0xff, 0xff, 0xff, 0xff, 0xff, 0xff, 0xff, 0xf3, 
    0x8e, 0x1c, 0x00, 0x0c, 0xe5, 0xff, 0xff, 0xff, 
    0xff, 0xff, 0xff, 0xff, 0xff, 0xff, 0xff, 0xff, 
    0xf2, 0x1f, 0x00, 0xa3, 0xff, 0xff, 0xff, 0xff, 
    0xff, 0xff, 0xff, 0xff, 0xa1, 0x9c, 0xef, 0xe8, 
    0x1d, 0x00, 0xba, 0xff, 0xff, 0xff, 0xff, 0xff, 
    0xff, 0xff, 0xff, 0x7f, 0x00, 0x00, 0x00, 0x00, 
    0x3a, 0xfa, 0xff, 0xff, 0xff, 0xff, 0xff, 0xff, 
    0xff, 0xff, 0xf6, 0x9b, 0x63, 0x67, 0x9a, 0xf8, 
    0xff, 0xff, 0xff, 0xff, 0xff, 0xff, 0xff, 0xff, 
    0xff, 0xff, 0xff, 0xff, 0xff, 0xff, 0xff, 0xff, 
    0xff, 0xff, 0xff, 0xff, 0xff, 0xff, 0xff, 0xff, 
    0xff, 0xff, 0xff, 0xff, 0xff, 0xff, 0xff, 0xff, 
    0xff, 0xff, 0xff, 0xff, 0xff, 0xff, 0xff, 0xff, 
    0xff, 0xff, 0xff, 0xff, 0xff, 0xff, 0xff, 0xff, 
    0xff, 0xff, 0xff, 0xff, 0xff, 0xff, 0xff, 0xff, 
    0xff, 0xff, 0xff, 0xff, 0xff, 0xff, 0xff, 0xff, 
    0xff, 0xff, 0xff, 0xff, 0xff, 0xff, 0xff, 0xff, 
    0xff, 0xff, 0xff, 0xff, 0xff, 0xff, 0xff, 0xff, 
    0xff, 0xff, 0xff, 0xff, 0xff, 0xff, 0xff, 0xff, 
    0xff, 0xff, 0xff, 0xff, 0xff, 0xff, 0xff, 0xff, 
    0xff, 0xff, 0xff, 0xff, 0xff, 0xff, 0xff, 0xff, 
    0xff, 0xff, 0xff, 0xff, 0xff, 0xff, 0xff, 0xff, 
    0xff, 0xff, 0xff, 0xff, 0xff, 0xff, 0xff, 0xff, 
    0xff, 0xff, 0xff, 0xff, 0xff, 0xff, 0xff, 0xff, 
    0xff, 0xff, 0xff, 0xff, 0xff, 0xff, 0xff, 0xff, 
    0xff, 0xff, 0xff, 0xff, 0xff, 0xff, 0xff, 0xff, 
    0xff, 0xff, 0xff, 0xff, 0xff, 0xff, 0xff, 0xff, 
    0xff, 0xff, 0xff, 0xff, 0xff, 0xff, 0xff, 0xff, 
    0xff, 0xff, 0xff, 0xff, 0xff, 0xff, 0xff, 0xff, 
    0xff, 0xff, 0xff, 0xff, 0xff, 0xff, 0xff, 0xff, 
    0xff, 0xff, 0xff, 0xff, 0xff, 0xff, 0xff, 0xff, 
    0xff, 0xff, 0xff, 0xff, 0xff, 0xff, 0xff, 0xff, 
    0xff, 0xff, 0xff, 0xff, 0xff, 0xff, 0xff, 0xff, 
    0xff, 0xda, 0xd7, 0xff, 0xf3, 0xc7, 0xf8, 0xff, 
    0xff, 0xff, 0xff, 0xff, 0xff, 0xf1, 0x03, 0x02, 
    0xed, 0x65, 0x00, 0x80, 0xff, 0xff, 0xff, 0xff, 
    0xff, 0xff, 0xf7, 0x1c, 0x1b, 0xf5, 0x80, 0x07, 
    0x9d, 0xff, 0xff, 0xff, 0xff, 0xff, 0xff, 0xff, 
    0xff, 0xff, 0xff, 0xff, 0xff, 0xff, 0xff, 0xff, 
    0xff, 0xff, 0xff, 0xff, 0xff, 0xff, 0xff, 0xff, 
    0xff, 0xff, 0xff, 0xff, 0xff, 0xff, 0xff, 0xff, 
    0xff, 0xff, 0xff, 0xff, 0xff, 0xff, 0xff, 0xff, 
    0xff, 0xff, 0xff, 0xff, 0xff, 0xff, 0xff, 0xff, 
    0xff, 0xff, 0xff, 0xff, 0xff, 0xff, 0xff, 0xff, 
    0xff, 0xff, 0xff, 0xff, 0xff, 0xff, 0xff, 0xff, 
    0xff, 0xff, 0xff, 0xff, 0xff, 0xff, 0xff, 0xff, 
    0xff, 0xff, 0xff, 0xff, 0xff, 0xff, 0xff, 0xff, 
    0xff, 0xff, 0xff, 0xff, 0xff, 0xff, 0xff, 0xff, 
    0xff, 0xff, 0xff, 0xff, 0xff, 0xff, 0xff, 0xff, 
    0xff, 0xff, 0xff, 0xff, 0xff, 0xff, 0xff, 0xff, 
    0xff, 0xff, 0xff, 0xff, 0xff, 0xff, 0xff, 0xff, 
    0xff, 0xff, 0xff, 0xff, 0xff, 0xff, 0xff, 0xff, 
    0xff, 0xff, 0xff, 0xff, 0xff, 0xff, 0xff, 0xff, 
    0xff, 0xff, 0xff, 0xff, 0xff, 0xff, 0xff, 0xff, 
    0xff, 0xff, 0xff, 0xff, 0xff, 0xff, 0xff, 0xff, 
    0xff, 0xff, 0xff, 0xff, 0xff, 0xff, 0xff, 0xff, 
    0xff, 0xff, 0xff, 0xff, 0xff, 0xff, 0xff, 0xff, 
    0xff, 0xff, 0xff, 0xff, 0xff, 0xff, 0xff, 0xff, 
    0xff, 0xff, 0xff, 0xff, 0xff, 0xff, 0xff, 0xff, 
    0xff, 0xff, 0xff, 0xff, 0xff, 0xff, 0xff, 0xff, 
    0xff, 0xff, 0xff, 0xff, 0xff, 0xff, 0xff, 0xff, 
    0xff, 0xff, 0xff, 0xff, 0xff, 0xff, 0xff, 0xff, 
    0xff, 0xff, 0xff, 0xff, 0xff, 0xff, 0xff, 0xff, 
    0xff, 0xff, 0xff, 0xff, 0xff, 0xff, 0xff, 0xff, 
    0xff, 0xff, 0xff, 0xff, 0xff, 0xff, 0xff, 0xff, 
    0xff, 0xff, 0xff, 0xff, 0xff, 0xff, 0xff, 0xff, 
    0xff, 0xff, 0xff, 0xff, 0xff, 0xff, 0xff, 0xff, 
    0xff, 0xff, 0xff, 0xff, 0xff, 0xff, 0xff, 0xff, 
    0xff, 0xff, 0xff, 0xff, 0xff, 0xff, 0xff, 0xff, 
    0xff, 0xff, 0xff, 0xff, 0xff, 0xff, 0xff, 0xff, 
    0xff, 0xff, 0xff, 0xff, 0xff, 0xff, 0xff, 0xff, 
    0xff, 0xff, 0xff, 0xff, 0xff, 0xff, 0xff, 0xff, 
    0xff, 0xff, 0xff, 0xff, 0xff, 0xff, 0xff, 0xff, 
    0xff, 0xff, 0xff, 0xff, 0xff, 0xff, 0xff, 0xff, 
    0xff, 0xff, 0xff, 0xff, 0xff, 0xff, 0xff, 0xff, 
    0xff, 0xff, 0xff, 0xff, 0xff, 0xff, 0xff, 0xff, 
    0xff, 0xff, 0xff, 0xff, 0xff, 0xff, 0xff, 0xff, 
    0xff, 0xff, 0xff, 0xff, 0xff, 0xff, 0xff, 0xff, 
    0xff, 0xff, 0xff, 0xff, 0xff, 0xff, 0xff, 0xff, 
    0xff, 0xff, 0xff, 0xff, 0xff, 0xff, 0xff, 0xff, 
    0xff, 0xff, 0xff, 0xff, 0xff, 0xff, 0xff, 0xff, 
    0xff, 0xff, 0xff, 0xff, 0xff, 0xff, 0xff, 0xff, 
    0xff, 0xff, 0xff, 0xff, 0xff, 0xff, 0xff, 0xff, 
    0xff, 0xff, 0xff, 0xff, 0xff, 0xff, 0xff, 0xff, 
    0xff, 0xff, 0xff, 0xff, 0xff, 0xff, 0xff, 0xff, 
    0xff, 0xff, 0xff, 0xff, 0xff, 0xff, 0xff, 0xff, 
    0xff, 0xff, 0xff, 0xff, 0xff, 0xff, 0xf5, 0xe5, 
    0xf2, 0xff, 0xff, 0xff, 0xff, 0xff, 0xff, 0xff, 
    0xff, 0xff, 0xff, 0xff, 0xff, 0xff, 0xf6, 0x88, 
    0x29, 0x00, 0x00, 0x00, 0x1e, 0x74, 0xeb, 0xff, 
    0xff, 0xff, 0xff, 0xff, 0xff, 0xff, 0xff, 0xff, 
    0xf0, 0x34, 0x01, 0x50, 0x97, 0xaa, 0x99, 0x5b, 
    0x04, 0x1f, 0xde, 0xff, 0xff, 0xff, 0xff, 0xff, 
    0xff, 0xff, 0xff, 0x60, 0x03, 0xb3, 0xff, 0xff, 
    0xff, 0xff, 0xff, 0xc7, 0x0b, 0x3c, 0xff, 0xff, 
    0xff, 0xff, 0xff, 0xff, 0xff, 0xe5, 0x04, 0x6a, 
    0xff, 0xcf, 0x41, 0x0d, 0x1b, 0x8d, 0xff, 0x82, 
    0x00, 0xcc, 0xff, 0xff, 0xff, 0xff, 0xff, 0xff, 
    0xa2, 0x00, 0xc5, 0xe3, 0x0c, 0x02, 0x55, 0x47, 
    0x1e, 0xff, 0xd6, 0x00, 0x8b, 0xff, 0xff, 0xff, 
    0xff, 0xff, 0xff, 0x78, 0x00, 0xf1, 0x85, 0x00, 
    0x75, 0xff, 0xff, 0xe3, 0xff, 0xfc, 0x01, 0x6a, 
    0xff, 0xff, 0xff, 0xff, 0xff, 0xff, 0x69, 0x01, 
    0xff, 0x5e, 0x00, 0xaf, 0xff, 0xff, 0xff, 0xff, 
    0xff, 0x06, 0x60, 0xff, 0xff, 0xff, 0xff, 0xff, 
    0xff, 0x6d, 0x00, 0xf9, 0x6a, 0x00, 0xa7, 0xff, 
    0xff, 0xff, 0xff, 0xf0, 0x00, 0x6e, 0xff, 0xff, 
    0xff, 0xff, 0xff, 0xff, 0x87, 0x00, 0xd9, 0x98, 
    0x00, 0x3f, 0xe9, 0xd9, 0x75, 0xff, 0xd2, 0x00, 
    0x92, 0xff, 0xff, 0xff, 0xff, 0xff, 0xff, 0xbf, 
    0x00, 0x91, 0xf8, 0x2b, 0x00, 0x00, 0x00, 0x2f, 
    0xff, 0x84, 0x00, 0xd3, 0xff, 0xff, 0xff, 0xff, 
    0xff, 0xff, 0xfe, 0x27, 0x17, 0xe2, 0xf5, 0x95, 
    0x6d, 0x83, 0xe4, 0xd5, 0x0f, 0x41, 0xff, 0xff, 
    0xff, 0xff, 0xff, 0xff, 0xff, 0xff, 0xc7, 0x0a, 
    0x16, 0x87, 0xc6, 0xd7, 0xc4, 0x7f, 0x0d, 0x16, 
    0xdd, 0xff, 0xff, 0xff, 0xff, 0xff, 0xff, 0xff, 
    0xff, 0xff, 0xcf, 0x41, 0x01, 0x00, 0x00, 0x00, 
    0x03, 0x53, 0xe0, 0xff, 0xff, 0xff, 0xff, 0xff, 
    0xff, 0xff, 0xff, 0xff, 0xff, 0xff, 0xff, 0xea, 
    0xc1, 0xb4, 0xc4, 0xf1, 0xff, 0xff, 0xff, 0xff, 
    0xff, 0xff, 0xff, 0xff, 0xff, 0xff, 0xff, 0xff, 
    0xff, 0xff, 0xff, 0xff, 0xff, 0xff, 0xff, 0xff, 
    0xff, 0xff, 0xff, 0xff, 0xff, 0xff, 0xff, 0xff, 
    0xff, 0xff, 0xff, 0xff, 0xff, 0xff, 0xff, 0xff, 
    0xff, 0xff, 0xff, 0xff, 0xff, 0xff, 0xff, 0xff, 
    0xff, 0xff, 0xff, 0xff, 0xff, 0xff, 0xff, 0xff, 
    0xff, 0xff, 0xff, 0xff, 0xff, 0xff, 0xff, 0xff, 
    0xff, 0xff, 0xff, 0xff, 0xff, 0xff, 0xff, 0xff, 
    0xff, 0xff, 0xff, 0xff, 0xff, 0xff, 0xff, 0xff, 
    0xff, 0xff, 0xff, 0xff, 0xff, 0xff, 0xff, 0xff, 
    0xff, 0xff, 0xff, 0xff, 0xff, 0xff, 0xff, 0xff, 
    0xff, 0xff, 0xff, 0xff, 0xff, 0xff, 0xff, 0xff, 
    0xff, 0xff, 0xff, 0xff, 0xff, 0xff, 0xff, 0xff, 
    0xff, 0xff, 0xff, 0xff, 0xff, 0xff, 0xff, 0xff, 
    0xff, 0xff, 0xff, 0xff, 0xff, 0xff, 0xff, 0xff, 
    0xff, 0xff, 0xff, 0xff, 0xff, 0xff, 0xff, 0xff, 
    0xff, 0xff, 0xff, 0xff, 0xff, 0xff, 0xff, 0xff, 
    0xff, 0xff, 0xff, 0xff, 0xff, 0xff, 0xff, 0xff, 
    0xff, 0xff, 0xff, 0xff, 0xff, 0xff, 0xff, 0xff, 
    0xff, 0xff, 0xff, 0xff, 0xff, 0xff, 0xff, 0xff, 
    0xff, 0xff, 0xff, 0xff, 0xff, 0xff, 0xff, 0xff, 
    0xff, 0xff, 0xff, 0xff, 0xff, 0xff, 0xff, 0xff, 
    0xff, 0xff, 0xff, 0xff, 0xff, 0xff, 0xff, 0xff, 
    0xff, 0xff, 0xff, 0xff, 0xff, 0xff, 0xff, 0xff, 
    0xff, 0xff, 0xff, 0xff, 0xff, 0xff, 0xff, 0xff, 
    0xff, 0xff, 0xff, 0xff, 0xff, 0xff, 0xff, 0xff, 
    0xff, 0xff, 0xff, 0xff, 0xff, 0xff, 0xff, 0xff, 
    0xff, 0xff, 0xff, 0xff, 0xff, 0xff, 0xff, 0xff, 
    0xff, 0xff, 0xff, 0xff, 0xff, 0xff, 0xff, 0xff, 
    0xff, 0xff, 0xff, 0xff, 0xff, 0xff, 0xff, 0xff, 
    0xff, 0xff, 0xff, 0xff, 0xff, 0xff, 0xff, 0xff, 
    0xff, 0xff, 0xff, 0xff, 0xff, 0xff, 0xff, 0xff, 
    0xff, 0xff, 0xff, 0xff, 0xff, 0xff, 0xff, 0xff, 
    0xff, 0xff, 0xff, 0xff, 0xff, 0xff, 0xb0, 0x33, 
    0x0a, 0x14, 0x73, 0xff, 0xff, 0xff, 0xff, 0xff, 
    0xff, 0xff, 0xff, 0x64, 0x42, 0x84, 0x20, 0x00, 
    0xc8, 0xff, 0xff, 0xff, 0xff, 0xff, 0xff, 0xff, 
    0xf1, 0xff, 0xff, 0x81, 0x00, 0xa8, 0xff, 0xff, 
    0xff, 0xff, 0xff, 0xff, 0xff, 0x99, 0x33, 0x18, 
    0x08, 0x00, 0xa7, 0xff, 0xff, 0xff, 0xff, 0xff, 
    0xff, 0xf3, 0x01, 0x21, 0xcf, 0x5d, 0x00, 0xa7, 
    0xff, 0xff, 0xff, 0xff, 0xff, 0xff, 0xff, 0x44, 
    0x00, 0x00, 0x31, 0x00, 0xa8, 0xff, 0xff, 0xff, 
    0xff, 0xff, 0xff, 0xff, 0xff, 0xe2, 0xe7, 0xfd, 
    0xd7, 0xf7, 0xff, 0xff, 0xff, 0xff, 0xff, 0xff, 
    0xff, 0x76, 0x6b, 0x6b, 0x6b, 0x6b, 0xcf, 0xff, 
    0xff, 0xff, 0xff, 0xff, 0xff, 0xfd, 0x0a, 0x00, 
    0x00, 0x00, 0x00, 0xa5, 0xff, 0xff, 0xff, 0xff, 
    0xff, 0xff, 0xff, 0xff, 0xff, 0xff, 0xff, 0xff, 
    0xff, 0xff, 0xff, 0xff, 0xff, 0xff, 0xff, 0xff, 
    0xff, 0xff, 0xff, 0xff, 0xff, 0xff, 0xff, 0xff, 
    0xff, 0xff, 0xff, 0xff, 0xff, 0xff, 0xff, 0xff, 
    0xff, 0xff, 0xff, 0xff, 0xff, 0xff, 0xff, 0xff, 
    0xff, 0xff, 0xff, 0xff, 0xff, 0xff, 0xff, 0xff, 
    0xff, 0xff, 0xff, 0xff, 0xff, 0xff, 0xff, 0xff, 
    0xff, 0xff, 0xff, 0xff, 0xff, 0xff, 0xff, 0xff, 
    0xff, 0xff, 0xff, 0xff, 0xff, 0xff, 0xff, 0xff, 
    0xff, 0xff, 0xff, 0xff, 0xff, 0xff, 0xff, 0xff, 
    0xff, 0xff, 0xff, 0xff, 0xff, 0xff, 0xff, 0xff, 
    0xff, 0xff, 0xff, 0xff, 0xff, 0xff, 0xff, 0xff, 
    0xff, 0xff, 0xff, 0xff, 0xff, 0xff, 0xff, 0xff, 
    0xff, 0xff, 0xff, 0xff, 0xff, 0xff, 0xff, 0xff, 
    0xff, 0xff, 0xff, 0xff, 0xff, 0xff, 0xff, 0xff, 
    0xff, 0xff, 0xff, 0xff, 0xff, 0xff, 0xff, 0xff, 
    0xff, 0xff, 0xff, 0xff, 0xff, 0xff, 0xff, 0xff, 
    0xff, 0xff, 0xff, 0xff, 0xff, 0xff, 0xff, 0xff, 
    0xff, 0xff, 0xff, 0xff, 0xff, 0xff, 0xff, 0xff, 
    0xff, 0xff, 0xff, 0xff, 0xff, 0xff, 0xff, 0xff, 
    0xff, 0xff, 0xff, 0xff, 0xff, 0xff, 0xff, 0xff, 
    0xff, 0xff, 0xff, 0xff, 0xff, 0xff, 0xff, 0xff, 
    0xff, 0xff, 0xff, 0xff, 0xff, 0xff, 0xff, 0xff, 
    0xff, 0xff, 0xff, 0xff, 0xff, 0xff, 0xff, 0xff, 
    0xff, 0xff, 0xff, 0xff, 0xff, 0xff, 0xff, 0xff, 
    0xff, 0xff, 0xff, 0xff, 0xff, 0xff, 0xff, 0xff, 
    0xff, 0xff, 0xff, 0xff, 0xff, 0xff, 0xff, 0xff, 
    0xff, 0xff, 0xff, 0xff, 0xff, 0xff, 0xff, 0xff, 
    0xff, 0xff, 0xff, 0xff, 0xff, 0xff, 0xff, 0xff, 
    0xff, 0xff, 0xff, 0xff, 0xff, 0xff, 0xff, 0xff, 
    0xff, 0xff, 0xff, 0xff, 0xff, 0xff, 0xff, 0xff, 
    0xff, 0xff, 0xff, 0xff, 0xff, 0xff, 0xff, 0xff, 
    0xff, 0xff, 0xff, 0xff, 0xff, 0xff, 0xff, 0xff, 
    0xff, 0xff, 0xff, 0xff, 0xff, 0xff, 0xff, 0xff, 
    0xff, 0xff, 0xff, 0xff, 0xff, 0xff, 0xff, 0xff, 
    0xff, 0xff, 0xff, 0xff, 0xff, 0xff, 0xff, 0xff, 
    0xff, 0xff, 0xff, 0xff, 0xff, 0xff, 0xff, 0xff, 
    0xff, 0xff, 0xff, 0xff, 0xff, 0xff, 0xff, 0xff, 
    0xff, 0xff, 0xff, 0xff, 0xff, 0xff, 0xff, 0xff, 
    0xff, 0xff, 0xff, 0xff, 0xff, 0xff, 0xff, 0xff, 
    0xff, 0xff, 0xff, 0xff, 0xff, 0xff, 0xff, 0xff, 
    0xff, 0xff, 0xff, 0xff, 0xff, 0xff, 0xff, 0xff, 
    0xff, 0xff, 0xff, 0xff, 0xff, 0xff, 0xae, 0x08, 
    0x7c, 0xff, 0x47, 0x07, 0xe6, 0xff, 0xff, 0xff, 
    0xff, 0xff, 0xff, 0xff, 0xf2, 0x1a, 0x07, 0xe1, 
    0xa5, 0x00, 0x59, 0xff, 0xff, 0xff, 0xff, 0xff, 
    0xff, 0xff, 0xff, 0x6d, 0x00, 0x71, 0xf1, 0x19, 
    0x03, 0xd9, 0xff, 0xff, 0xff, 0xff, 0xff, 0xff, 
    0xff, 0xe3, 0x03, 0x04, 0xea, 0x86, 0x00, 0x58, 
    0xff, 0xff, 0xff, 0xff, 0xff, 0xff, 0xff, 0xff, 
    0xfa, 0x2a, 0x00, 0xb0, 0xc0, 0x00, 0x1f, 0xf9, 
    0xff, 0xff, 0xff, 0xff, 0xff, 0xff, 0xff, 0xff, 
    0xc2, 0x01, 0x2b, 0xfd, 0x5d, 0x00, 0x92, 0xff, 
    0xff, 0xff, 0xff, 0xff, 0xff, 0xff, 0xff, 0xff, 
    0x63, 0x00, 0xa0, 0xea, 0x11, 0x17, 0xf4, 0xff, 
    0xff, 0xff, 0xff, 0xff, 0xff, 0xff, 0xff, 0xee, 
    0x7c, 0xa9, 0xff, 0xb7, 0x75, 0xdd, 0xff, 0xff, 
    0xff, 0xff, 0xff, 0xff, 0xff, 0xff, 0xff, 0xff, 
    0xff, 0xff, 0xff, 0xff, 0xff, 0xff, 0xff, 0xff, 
    0xff, 0xff, 0xff, 0xff, 0xff, 0xff, 0xff, 0xff, 
    0xff, 0xff, 0xff, 0xff, 0xff, 0xff, 0xff, 0xff, 
    0xff, 0xff, 0xff, 0xff, 0xff, 0xff, 0xff, 0xff, 
    0xff, 0xff, 0xff, 0xff, 0xff, 0xff, 0xff, 0xff, 
    0xff, 0xff, 0xff, 0xff, 0xff, 0xff, 0xff, 0xff, 
    0xff, 0xff, 0xff, 0xff, 0xff, 0xff, 0xff, 0xff, 
    0xff, 0xff, 0xff, 0xff, 0xff, 0xff, 0xff, 0xff, 
    0xff, 0xff, 0xff, 0xff, 0xff, 0xff, 0xff, 0xff, 
    0xff, 0xff, 0xff, 0xff, 0xff, 0xff, 0xff, 0xff, 
    0xff, 0xff, 0xff, 0xff, 0xff, 0xff, 0xff, 0xff, 
    0xff, 0xff, 0xff, 0xff, 0xff, 0xff, 0xff, 0xff, 
    0xff, 0xff, 0xff, 0xff, 0xff, 0xff, 0xff, 0xff, 
    0xff, 0xff, 0xff, 0xff, 0xff, 0xff, 0xff, 0xff, 
    0xff, 0xff, 0xff, 0xff, 0xff, 0xff, 0xff, 0xff, 
    0xff, 0xff, 0xff, 0xff, 0xff, 0xff, 0xff, 0xff, 
    0xff, 0xff, 0xff, 0xff, 0xff, 0xff, 0xff, 0xff, 
    0xff, 0xff, 0xff, 0xff, 0xff, 0xff, 0xff, 0xff, 
    0xff, 0xff, 0xff, 0xff, 0xff, 0xff, 0xff, 0xff, 
    0xff, 0xff, 0xff, 0xff, 0xff, 0xff, 0xff, 0xff, 
    0xff, 0xff, 0xff, 0xff, 0xff, 0xff, 0xff, 0xff, 
    0xff, 0xff, 0xff, 0xff, 0xff, 0xff, 0xff, 0xff, 
    0xff, 0xff, 0xff, 0xff, 0xff, 0xff, 0xff, 0xff, 
    0xff, 0xff, 0xff, 0xff, 0xff, 0xff, 0xff, 0xff, 
    0xff, 0xff, 0xff, 0xff, 0xff, 0xff, 0xff, 0xff, 
    0xff, 0xff, 0xff, 0xff, 0xff, 0xff, 0xff, 0xff, 
    0xff, 0xff, 0xff, 0xff, 0xff, 0xff, 0xff, 0xff, 
    0xff, 0xff, 0xff, 0xff, 0xff, 0xff, 0xff, 0xff, 
    0xff, 0xff, 0xff, 0xff, 0xff, 0xff, 0xff, 0xff, 
    0xff, 0xff, 0xff, 0xff, 0xff, 0xff, 0xff, 0xff, 
    0xff, 0xff, 0xff, 0xff, 0xff, 0xff, 0xff, 0xff, 
    0xff, 0xff, 0xff, 0xff, 0xff, 0xff, 0xff, 0xff, 
    0xff, 0xff, 0xff, 0xff, 0xff, 0xff, 0xff, 0xff, 
    0xff, 0xff, 0xff, 0xff, 0xff, 0xff, 0xff, 0xff, 
    0xff, 0xff, 0xff, 0xff, 0xff, 0xff, 0xff, 0xff, 
    0xff, 0xff, 0xff, 0xff, 0xff, 0xff, 0xff, 0xff, 
    0xff, 0xff, 0xff, 0xff, 0xff, 0xff, 0xff, 0xff, 
    0xff, 0xff, 0xff, 0xff, 0xff, 0xff, 0xff, 0xff, 
    0xff, 0xff, 0xff, 0xff, 0xff, 0xff, 0xff, 0xff, 
    0xff, 0xff, 0xff, 0xff, 0xff, 0xff, 0xff, 0xff, 
    0xff, 0xff, 0xff, 0xff, 0xff, 0xff, 0xff, 0xff, 
    0xff, 0xff, 0xff, 0xff, 0xff, 0xff, 0xff, 0xff, 
    0xff, 0xff, 0xff, 0xff, 0xff, 0xff, 0xff, 0xff, 
    0xff, 0xff, 0xff, 0xff, 0xff, 0xff, 0xff, 0xff, 
    0xff, 0xff, 0xff, 0xff, 0x9b, 0x3b, 0x3b, 0x3b, 
    0x3b, 0x3b, 0x3b, 0x48, 0xeb, 0xff, 0xff, 0xff, 
    0xff, 0xff, 0xff, 0x75, 0x00, 0x00, 0x00, 0x00, 
    0x00, 0x00, 0x00, 0xcc, 0xff, 0xff, 0xff, 0xff, 
    0xff, 0xff, 0xff, 0xff, 0xff, 0xff, 0xff, 0xff, 
    0x6b, 0x00, 0xcb, 0xff, 0xff, 0xff, 0xff, 0xff, 
    0xff, 0xff, 0xff, 0xff, 0xff, 0xff, 0xff, 0x6b, 
    0x00, 0xcb, 0xff, 0xff, 0xff, 0xff, 0xff, 0xff, 
    0xff, 0xff, 0xff, 0xff, 0xff, 0xff, 0xc5, 0x84, 
    0xf0, 0xff, 0xff, 0xff, 0xff, 0xff, 0xff, 0xff, 
    0xff, 0xff, 0xff, 0xff, 0xff, 0xff, 0xff, 0xff, 
    0xff, 0xff, 0xff, 0xff, 0xff, 0xff, 0xff, 0xff, 
    0xff, 0xff, 0xff, 0xff, 0xff, 0xff, 0xff, 0xff, 
    0xff, 0xff, 0xff, 0xff, 0xff, 0xff, 0xff, 0xff, 
    0xff, 0xff, 0xff, 0xff, 0xff, 0xff, 0xff, 0xff, 
    0xff, 0xff, 0xff, 0xff, 0xff, 0xff, 0xff, 0xff, 
    0xff, 0xff, 0xff, 0xff, 0xff, 0xff, 0xff, 0xff, 
    0xff, 0xff, 0xff, 0xff, 0xff, 0xff, 0xff, 0xff, 
    0xff, 0xff, 0xff, 0xff, 0xff, 0xff, 0xff, 0xff, 
    0xff, 0xff, 0xff, 0xff, 0xff, 0xff, 0xff, 0xff, 
    0xff, 0xff, 0xff, 0xff, 0xff, 0xff, 0xff, 0xff, 
    0xff, 0xff, 0xff, 0xff, 0xff, 0xff, 0xff, 0xff, 
    0xff, 0xff, 0xff, 0xff, 0xff, 0xff, 0xff, 0xff, 
    0xff, 0xff, 0xff, 0xff, 0xff, 0xff, 0xff, 0xff, 
    0xff, 0xff, 0xff, 0xff, 0xff, 0xff, 0xff, 0xff, 
    0xff, 0xff, 0xff, 0xff, 0xff, 0xff, 0xff, 0xff, 
    0xff, 0xff, 0xff, 0xff, 0xff, 0xff, 0xff, 0xff, 
    0xff, 0xff, 0xff, 0xff, 0xff, 0xff, 0xff, 0xff, 
    0xff, 0xff, 0xff, 0xff, 0xff, 0xff, 0xff, 0xff, 
    0xff, 0xff, 0xff, 0xff, 0xff, 0xff, 0xff, 0xff, 
    0xff, 0xff, 0xff, 0xff, 0xff, 0xff, 0xff, 0xff, 
    0xff, 0xff, 0xff, 0xff, 0xff, 0xff, 0xff, 0xff, 
    0xff, 0xff, 0xff, 0xff, 0xff, 0xff, 0xff, 0xff, 
    0xff, 0xff, 0xff, 0xff, 0xff, 0xff, 0xff, 0xff, 
    0xff, 0xff, 0xff, 0xff, 0xff, 0xff, 0xff, 0xff, 
    0xff, 0xff, 0xff, 0xff, 0xff, 0xff, 0xff, 0xff, 
    0xff, 0xff, 0xff, 0xff, 0xff, 0xff, 0xff, 0xff, 
    0xff, 0xff, 0xff, 0xff, 0xff, 0xff, 0xff, 0xff, 
    0xff, 0xff, 0xff, 0xff, 0xff, 0xff, 0xff, 0xff, 
    0xff, 0xff, 0xff, 0xff, 0xff, 0xff, 0xff, 0xff, 
    0xff, 0xff, 0xff, 0xff, 0xff, 0xff, 0xff, 0xff, 
    0xff, 0xff, 0xff, 0xff, 0xff, 0xff, 0xff, 0xff, 
    0xff, 0xff, 0xff, 0xff, 0xff, 0xff, 0xff, 0xff, 
    0xff, 0xff, 0xff, 0xff, 0xff, 0xff, 0xff, 0xff, 
    0xff, 0xff, 0xff, 0xff, 0xff, 0xff, 0xff, 0xff, 
    0xff, 0xff, 0xff, 0xff, 0xff, 0xff, 0xff, 0xff, 
    0xff, 0xff, 0xff, 0xff, 0xff, 0xff, 0xff, 0xff, 
    0xff, 0xff, 0xff, 0xff, 0xff, 0xff, 0xff, 0xff, 
    0xff, 0xff, 0xff, 0xff, 0xff, 0xff, 0xff, 0xff, 
    0xff, 0xff, 0xff, 0xff, 0xff, 0xff, 0xff, 0xff, 
    0xff, 0xff, 0xff, 0xff, 0xff, 0xa5, 0x1b, 0x1b, 
    0x1b, 0x2d, 0xff, 0xff, 0xff, 0xff, 0xff, 0xff, 
    0x98, 0x00, 0x00, 0x00, 0x14, 0xff, 0xff, 0xff, 
    0xff, 0xff, 0xff, 0xff, 0xff, 0xff, 0xff, 0xff, 
    0xff, 0xff, 0xff, 0xff, 0xff, 0xff, 0xff, 0xff, 
    0xff, 0xff, 0xff, 0xff, 0xff, 0xff, 0xff, 0xff, 
    0xff, 0xff, 0xff, 0xff, 0xff, 0xff, 0xff, 0xff, 
    0xff, 0xff, 0xff, 0xff, 0xff, 0xff, 0xff, 0xff, 
    0xff, 0xff, 0xff, 0xff, 0xff, 0xff, 0xff, 0xff, 
    0xff, 0xff, 0xff, 0xff, 0xff, 0xff, 0xff, 0xff, 
    0xff, 0xff, 0xff, 0xff, 0xff, 0xff, 0xff, 0xff, 
    0xff, 0xff, 0xff, 0xff, 0xff, 0xff, 0xff, 0xff, 
    0xff, 0xff, 0xff, 0xff, 0xff, 0xff, 0xff, 0xff, 
    0xff, 0xff, 0xff, 0xff, 0xff, 0xff, 0xff, 0xff, 
    0xff, 0xff, 0xff, 0xff, 0xff, 0xff, 0xff, 0xff, 
    0xff, 0xff, 0xff, 0xff, 0xff, 0xff, 0xff, 0xff, 
    0xff, 0xff, 0xff, 0xff, 0xff, 0xff, 0xff, 0xff, 
    0xff, 0xff, 0xff, 0xff, 0xff, 0xff, 0xff, 0xff, 
    0xff, 0xff, 0xff, 0xff, 0xff, 0xff, 0xff, 0xff, 
    0xff, 0xff, 0xff, 0xff, 0xff, 0xff, 0xff, 0xff, 
    0xff, 0xff, 0xff, 0xff, 0xff, 0xff, 0xff, 0xff, 
    0xff, 0xff, 0xff, 0xff, 0xff, 0xff, 0xff, 0xff, 
    0xff, 0xff, 0xff, 0xff, 0xff, 0xff, 0xff, 0xff, 
    0xff, 0xff, 0xff, 0xff, 0xff, 0xff, 0xff, 0xff, 
    0xff, 0xff, 0xff, 0xff, 0xff, 0xff, 0xff, 0xff, 
    0xff, 0xff, 0xff, 0xff, 0xff, 0xff, 0xff, 0xff, 
    0xff, 0xff, 0xff, 0xff, 0xff, 0xff, 0xff, 0xff, 
    0xff, 0xff, 0xff, 0xff, 0xff, 0xff, 0xff, 0xff, 
    0xff, 0xff, 0xff, 0xff, 0xff, 0xff, 0xff, 0xff, 
    0xff, 0xff, 0xff, 0xff, 0xff, 0xff, 0xff, 0xff, 
    0xff, 0xff, 0xff, 0xff, 0xff, 0xff, 0xff, 0xff, 
    0xff, 0xff, 0xff, 0xff, 0xff, 0xff, 0xff, 0xff, 
    0xff, 0xff, 0xff, 0xff, 0xff, 0xff, 0xff, 0xff, 
    0xff, 0xff, 0xff, 0xff, 0xff, 0xff, 0xff, 0xff, 
    0xff, 0xff, 0xff, 0xff, 0xff, 0xff, 0xff, 0xff, 
    0xff, 0xca, 0x3a, 0x10, 0x2b, 0xa9, 0xff, 0xff, 
    0xff, 0xff, 0xff, 0xff, 0xff, 0xff, 0xff, 0xc7, 
    0x1c, 0xb8, 0xf8, 0xc7, 0x26, 0x9d, 0xff, 0xff, 
    0xff, 0xff, 0xff, 0xff, 0xff, 0xff, 0x37, 0xac, 
    0x30, 0x1f, 0x4d, 0xc5, 0x15, 0xfb, 0xff, 0xff, 
    0xff, 0xff, 0xff, 0xff, 0xf7, 0x03, 0xf6, 0x0b, 
    0xc4, 0x00, 0xe7, 0x12, 0xd6, 0xff, 0xff, 0xff, 
    0xff, 0xff, 0xff, 0xf6, 0x01, 0xf5, 0x0b, 0x17, 
    0x4a, 0xff, 0x14, 0xd9, 0xff, 0xff, 0xff, 0xff, 
    0xff, 0xff, 0xff, 0x2f, 0xae, 0x0c, 0xbd, 0x03, 
    0xa8, 0x1d, 0xfd, 0xff, 0xff, 0xff, 0xff, 0xff, 
    0xff, 0xff, 0xbb, 0x1b, 0xa1, 0xf7, 0xab, 0x20, 
    0xae, 0xff, 0xff, 0xff, 0xff, 0xff, 0xff, 0xff, 
    0xff, 0xff, 0xbe, 0x34, 0x0f, 0x2f, 0xb5, 0xff, 
    0xff, 0xff, 0xff, 0xff, 0xff, 0xff, 0xff, 0xff, 
    0xff, 0xff, 0xff, 0xff, 0xff, 0xff, 0xff, 0xff, 
    0xff, 0xff, 0xff, 0xff, 0xff, 0xff, 0xff, 0xff, 
    0xff, 0xff, 0xff, 0xff, 0xff, 0xff, 0xff, 0xff, 
    0xff, 0xff, 0xff, 0xff, 0xff, 0xff, 0xff, 0xff, 
    0xff, 0xff, 0xff, 0xff, 0xff, 0xff, 0xff, 0xff, 
    0xff, 0xff, 0xff, 0xff, 0xff, 0xff, 0xff, 0xff, 
    0xff, 0xff, 0xff, 0xff, 0xff, 0xff, 0xff, 0xff, 
    0xff, 0xff, 0xff, 0xff, 0xff, 0xff, 0xff, 0xff, 
    0xff, 0xff, 0xff, 0xff, 0xff, 0xff, 0xff, 0xff, 
    0xff, 0xff, 0xff, 0xff, 0xff, 0xff, 0xff, 0xff, 
    0xff, 0xff, 0xff, 0xff, 0xff, 0xff, 0xff, 0xff, 
    0xff, 0xff, 0xff, 0xff, 0xff, 0xff, 0xff, 0xff, 
    0xff, 0xff, 0xff, 0xff, 0xff, 0xff, 0xff, 0xff, 
    0xff, 0xff, 0xff, 0xff, 0xff, 0xff, 0xff, 0xff, 
    0xff, 0xff, 0xff, 0xff, 0xff, 0xff, 0xff, 0xff, 
    0xff, 0xff, 0xff, 0xff, 0xff, 0xff, 0xff, 0xff, 
    0xff, 0xff, 0xff, 0xff, 0xff, 0xff, 0xff, 0xff, 
    0xff, 0xff, 0xff, 0xff, 0xff, 0xff, 0xff, 0xff, 
    0xff, 0xff, 0xff, 0xff, 0xff, 0xff, 0xff, 0xff, 
    0xff, 0xff, 0xff, 0xff, 0xff, 0xff, 0xff, 0xff, 
    0xff, 0xff, 0xff, 0xff, 0xff, 0xff, 0xff, 0xff, 
    0xff, 0xff, 0xff, 0xff, 0xff, 0xff, 0xff, 0xff, 
    0xff, 0xff, 0xff, 0xff, 0xff, 0xff, 0xff, 0xff, 
    0xff, 0xff, 0xff, 0xff, 0xff, 0xff, 0xff, 0xff, 
    0xff, 0xff, 0xff, 0xff, 0xff, 0xff, 0xff, 0xff, 
    0xff, 0xff, 0xff, 0xff, 0xff, 0xff, 0xff, 0xff, 
    0xff, 0xff, 0xff, 0xff, 0xff, 0xff, 0xff, 0xff, 
    0xff, 0xff, 0xff, 0xff, 0xff, 0xff, 0xff, 0xff, 
    0xff, 0xff, 0xff, 0xff, 0xff, 0xff, 0xff, 0xff, 
    0xff, 0xff, 0xff, 0xff, 0xff, 0xff, 0xff, 0xff, 
    0xff, 0xff, 0xff, 0xff, 0xff, 0xff, 0xff, 0xff, 
    0xff, 0xff, 0xff, 0xff, 0xff, 0xff, 0xff, 0xff, 
    0xff, 0xff, 0xff, 0xff, 0xff, 0xff, 0xff, 0xff, 
    0xff, 0xff, 0xff, 0xff, 0xff, 0xff, 0xff, 0xff, 
    0xff, 0xff, 0xff, 0xff, 0xff, 0xff, 0xff, 0xff, 
    0xff, 0xff, 0xff, 0xff, 0xff, 0xff, 0xff, 0xff, 
    0xff, 0xff, 0xff, 0xff, 0xff, 0xff, 0xff, 0xff, 
    0xff, 0xff, 0xff, 0xff, 0xff, 0xff, 0xff, 0xff, 
    0xff, 0xff, 0xff, 0xff, 0xff, 0xff, 0xff, 0xff, 
    0xff, 0xff, 0xff, 0xff, 0xff, 0xff, 0xff, 0xff, 
    0xff, 0xff, 0xff, 0xff, 0xff, 0xff, 0xff, 0xff, 
    0xff, 0xff, 0xff, 0xff, 0xff, 0xff, 0xff, 0xff, 
    0xff, 0xff, 0xff, 0xf6, 0x53, 0x4f, 0x4f, 0x4f, 
    0x53, 0xf5, 0xff, 0xff, 0xff, 0xff, 0xff, 0xff, 
    0xed, 0x02, 0x00, 0x00, 0x00, 0x02, 0xeb, 0xff, 
    0xff, 0xff, 0xff, 0xff, 0xff, 0xff, 0xff, 0xff, 
    0xff, 0xff, 0xff, 0xff, 0xff, 0xff, 0xff, 0xff, 
    0xff, 0xff, 0xff, 0xff, 0xff, 0xff, 0xff, 0xff, 
    0xff, 0xff, 0xff, 0xff, 0xff, 0xff, 0xff, 0xff, 
    0xff, 0xff, 0xff, 0xff, 0xff, 0xff, 0xff, 0xff, 
    0xff, 0xff, 0xff, 0xff, 0xff, 0xff, 0xff, 0xff, 
    0xff, 0xff, 0xff, 0xff, 0xff, 0xff, 0xff, 0xff, 
    0xff, 0xff, 0xff, 0xff, 0xff, 0xff, 0xff, 0xff, 
    0xff, 0xff, 0xff, 0xff, 0xff, 0xff, 0xff, 0xff, 
    0xff, 0xff, 0xff, 0xff, 0xff, 0xff, 0xff, 0xff, 
    0xff, 0xff, 0xff, 0xff, 0xff, 0xff, 0xff, 0xff, 
    0xff, 0xff, 0xff, 0xff, 0xff, 0xff, 0xff, 0xff, 
    0xff, 0xff, 0xff, 0xff, 0xff, 0xff, 0xff, 0xff, 
    0xff, 0xff, 0xff, 0xff, 0xff, 0xff, 0xff, 0xff, 
    0xff, 0xff, 0xff, 0xff, 0xff, 0xff, 0xff, 0xff, 
    0xff, 0xff, 0xff, 0xff, 0xff, 0xff, 0xff, 0xff, 
    0xff, 0xff, 0xff, 0xff, 0xff, 0xff, 0xff, 0xff, 
    0xff, 0xff, 0xff, 0xff, 0xff, 0xff, 0xff, 0xff, 
    0xff, 0xff, 0xff, 0xff, 0xff, 0xff, 0xff, 0xff, 
    0xff, 0xff, 0xff, 0xff, 0xff, 0xff, 0xff, 0xff, 
    0xff, 0xff, 0xff, 0xff, 0xff, 0xff, 0xff, 0xff, 
    0xff, 0xff, 0xff, 0xff, 0xff, 0xff, 0xff, 0xff, 
    0xff, 0xff, 0xff, 0xff, 0xff, 0xff, 0xff, 0xff, 
    0xff, 0xff, 0xff, 0xff, 0xff, 0xff, 0xff, 0xff, 
    0xff, 0xff, 0xff, 0xff, 0xff, 0xff, 0xff, 0xff, 
    0xff, 0xff, 0xff, 0xff, 0xff, 0xff, 0xff, 0xff, 
    0xff, 0xff, 0xff, 0xff, 0xff, 0xff, 0xff, 0xff, 
    0xff, 0xff, 0xff, 0xff, 0xff, 0xff, 0xff, 0xff, 
    0xff, 0xff, 0xff, 0xff, 0xff, 0xff, 0xff, 0xff, 
    0xff, 0xff, 0xff, 0xff, 0xff, 0xff, 0xff, 0xff, 
    0xff, 0xff, 0xff, 0xff, 0xff, 0xff, 0xff, 0xff, 
    0xff, 0xff, 0xff, 0xff, 0xff, 0xff, 0xff, 0xff, 
    0xff, 0xff, 0xff, 0xff, 0xff, 0xff, 0xff, 0xff, 
    0xff, 0xff, 0xff, 0xff, 0xff, 0xff, 0xff, 0xff, 
    0xff, 0xff, 0xff, 0xff, 0xff, 0xff, 0xff, 0xff, 
    0xff, 0xff, 0xff, 0xff, 0xff, 0xff, 0xff, 0xff, 
    0xff, 0xff, 0xff, 0xff, 0xff, 0xff, 0xff, 0xff, 
    0xff, 0xff, 0xff, 0xff, 0xff, 0xff, 0xff, 0xff, 
    0xff, 0xff, 0xff, 0xff, 0xff, 0xff, 0xff, 0xff, 
    0xff, 0xff, 0xff, 0xff, 0xff, 0xff, 0xff, 0xff, 
    0xff, 0xff, 0xff, 0xff, 0xff, 0xff, 0xff, 0xff, 
    0xff, 0xff, 0xff, 0xff, 0xff, 0xff, 0xff, 0xff, 
    0xff, 0xff, 0xff, 0xff, 0xff, 0xff, 0xff, 0xff, 
    0xff, 0xff, 0xff, 0xff, 0xff, 0xfd, 0xf9, 0xff, 
    0xff, 0xff, 0xff, 0xff, 0xff, 0xff, 0xff, 0xff, 
    0x83, 0x0a, 0x03, 0x52, 0xf8, 0xff, 0xff, 0xff, 
    0xff, 0xff, 0xff, 0xcc, 0x00, 0x74, 0x8e, 0x00, 
    0x9b, 0xff, 0xff, 0xff, 0xff, 0xff, 0xff, 0xba, 
    0x00, 0x9b, 0xc1, 0x00, 0x95, 0xff, 0xff, 0xff, 
    0xff, 0xff, 0xff, 0xfa, 0x40, 0x00, 0x00, 0x36, 
    0xf3, 0xff, 0xff, 0xff, 0xff, 0xff, 0xff, 0xff, 
    0xfe, 0xd1, 0xd0, 0xfd, 0xff, 0xff, 0xff, 0xff, 
    0xff, 0xff, 0xff, 0xff, 0xff, 0xff, 0xff, 0xff, 
    0xff, 0xff, 0xff, 0xff, 0xff, 0xff, 0xff, 0xff, 
    0xff, 0xff, 0xff, 0xff, 0xff, 0xff, 0xff, 0xff, 
    0xff, 0xff, 0xff, 0xff, 0xff, 0xff, 0xff, 0xff, 
    0xff, 0xff, 0xff, 0xff, 0xff, 0xff, 0xff, 0xff, 
    0xff, 0xff, 0xff, 0xff, 0xff, 0xff, 0xff, 0xff, 
    0xff, 0xff, 0xff, 0xff, 0xff, 0xff, 0xff, 0xff, 
    0xff, 0xff, 0xff, 0xff, 0xff, 0xff, 0xff, 0xff, 
    0xff, 0xff, 0xff, 0xff, 0xff, 0xff, 0xff, 0xff, 
    0xff, 0xff, 0xff, 0xff, 0xff, 0xff, 0xff, 0xff, 
    0xff, 0xff, 0xff, 0xff, 0xff, 0xff, 0xff, 0xff, 
    0xff, 0xff, 0xff, 0xff, 0xff, 0xff, 0xff, 0xff, 
    0xff, 0xff, 0xff, 0xff, 0xff, 0xff, 0xff, 0xff, 
    0xff, 0xff, 0xff, 0xff, 0xff, 0xff, 0xff, 0xff, 
    0xff, 0xff, 0xff, 0xff, 0xff, 0xff, 0xff, 0xff, 
    0xff, 0xff, 0xff, 0xff, 0xff, 0xff, 0xff, 0xff, 
    0xff, 0xff, 0xff, 0xff, 0xff, 0xff, 0xff, 0xff, 
    0xff, 0xff, 0xff, 0xff, 0xff, 0xff, 0xff, 0xff, 
    0xff, 0xff, 0xff, 0xff, 0xff, 0xff, 0xff, 0xff, 
    0xff, 0xff, 0xff, 0xff, 0xff, 0xff, 0xff, 0xff, 
    0xff, 0xff, 0xff, 0xff, 0xff, 0xff, 0xff, 0xff, 
    0xff, 0xff, 0xff, 0xff, 0xff, 0xff, 0xff, 0xff, 
    0xff, 0xff, 0xff, 0xff, 0xff, 0xff, 0xff, 0xff, 
    0xff, 0xff, 0xff, 0xff, 0xff, 0xff, 0xff, 0xff, 
    0xff, 0xff, 0xff, 0xff, 0xff, 0xff, 0xff, 0xff, 
    0xff, 0xff, 0xff, 0xff, 0xff, 0xff, 0xff, 0xff, 
    0xff, 0xff, 0xff, 0xff, 0xff, 0xff, 0xff, 0xff, 
    0xff, 0xff, 0xff, 0xff, 0xff, 0xff, 0xff, 0xff, 
    0xff, 0xff, 0xff, 0xff, 0xff, 0xff, 0xff, 0xff, 
    0xff, 0xff, 0xff, 0xff, 0xff, 0xff, 0xff, 0xff, 
    0xff, 0xff, 0xff, 0xff, 0xff, 0xff, 0xff, 0xff, 
    0xff, 0xff, 0xff, 0xff, 0xff, 0xff, 0xff, 0xff, 
    0xff, 0xff, 0xff, 0xff, 0xff, 0xff, 0xff, 0xff, 
    0xff, 0xff, 0xff, 0xff, 0xff, 0xff, 0xff, 0xff, 
    0xff, 0xff, 0xff, 0xff, 0xff, 0xff, 0xff, 0xff, 
    0xff, 0xff, 0xff, 0xff, 0xff, 0xff, 0xff, 0xff, 
    0xff, 0xff, 0xff, 0xff, 0xff, 0xff, 0xff, 0xff, 
    0xff, 0xff, 0xff, 0xff, 0xff, 0xff, 0xff, 0xff, 
    0xff, 0xff, 0xff, 0xff, 0xff, 0xff, 0xff, 0xff, 
    0xff, 0xff, 0xff, 0xff, 0xff, 0xff, 0xff, 0xff, 
    0xff, 0xff, 0xff, 0xff, 0xff, 0xff, 0xff, 0xff, 
    0xff, 0xff, 0xff, 0xff, 0xff, 0xff, 0xff, 0xff, 
    0xff, 0xff, 0xff, 0xff, 0xff, 0xff, 0xff, 0xff, 
    0xff, 0xff, 0xff, 0xff, 0xff, 0xff, 0xff, 0xa8, 
    0x05, 0xb1, 0xff, 0xff, 0xff, 0xff, 0xff, 0xff, 
    0xff, 0xff, 0xff, 0xff, 0xff, 0xff, 0x9b, 0x00, 
    0xa3, 0xff, 0xff, 0xff, 0xff, 0xff, 0xff, 0xff, 
    0xff, 0xff, 0xff, 0xff, 0xff, 0x9b, 0x00, 0xa3, 
    0xff, 0xff, 0xff, 0xff, 0xff, 0xff, 0xff, 0xff, 
    0xff, 0xc3, 0x43, 0x43, 0x29, 0x00, 0x2b, 0x43, 
    0x43, 0xcc, 0xff, 0xff, 0xff, 0xff, 0xff, 0xff, 
    0xac, 0x00, 0x00, 0x00, 0x00, 0x00, 0x00, 0x00, 
    0xb5, 0xff, 0xff, 0xff, 0xff, 0xff, 0xff, 0xff, 
    0xff, 0xff, 0x9b, 0x00, 0xa3, 0xff, 0xff, 0xff, 
    0xff, 0xff, 0xff, 0xff, 0xff, 0xff, 0xff, 0xff, 
    0xff, 0x9b, 0x00, 0xa3, 0xff, 0xff, 0xff, 0xff, 
    0xff, 0xff, 0xff, 0xff, 0xff, 0xff, 0xff, 0xff, 
    0x9b, 0x00, 0xa3, 0xff, 0xff, 0xff, 0xff, 0xff, 
    0xff, 0xff, 0xff, 0xff, 0xff, 0xff, 0xff, 0xd9, 
    0x85, 0xde, 0xff, 0xff, 0xff, 0xff, 0xff, 0xff, 
    0xff, 0xff, 0xff, 0xd8, 0x38, 0x37, 0x37, 0x37, 
    0x37, 0x37, 0x38, 0xdc, 0xff, 0xff, 0xff, 0xff, 
    0xff, 0xff, 0xca, 0x00, 0x00, 0x00, 0x00, 0x00, 
    0x00, 0x00, 0xcf, 0xff, 0xff, 0xff, 0xff, 0xff, 
    0xff, 0xff, 0xff, 0xff, 0xff, 0xff, 0xff, 0xff, 
    0xff, 0xff, 0xff, 0xff, 0xff, 0xff, 0xff, 0xff, 
    0xff, 0xff, 0xff, 0xff, 0xff, 0xff, 0xff, 0xff, 
    0xff, 0xff, 0xff, 0xff, 0xff, 0xff, 0xff, 0xff, 
    0xff, 0xff, 0xff, 0xff, 0xff, 0xff, 0xff, 0xff, 
    0xff, 0xff, 0xff, 0xff, 0xff, 0xff, 0xff, 0xff, 
    0xff, 0xff, 0xff, 0xff, 0xff, 0xff, 0xff, 0xff, 
    0xff, 0xff, 0xff, 0xff, 0xff, 0xff, 0xff, 0xff, 
    0xff, 0xff, 0xff, 0xff, 0xff, 0xff, 0xff, 0xff, 
    0xff, 0xff, 0xff, 0xff, 0xff, 0xff, 0xff, 0xff, 
    0xff, 0xff, 0xff, 0xff, 0xff, 0xff, 0xff, 0xff, 
    0xff, 0xff, 0xff, 0xff, 0xff, 0xff, 0xff, 0xff, 
    0xff, 0xff, 0xff, 0xff, 0xff, 0xff, 0xff, 0xff, 
    0xff, 0xff, 0xff, 0xff, 0xff, 0xff, 0xff, 0xff, 
    0xff, 0xff, 0xff, 0xff, 0xff, 0xff, 0xff, 0xff, 
    0xff, 0xff, 0xff, 0xff, 0xff, 0xff, 0xff, 0xff, 
    0xff, 0xff, 0xff, 0xff, 0xff, 0xff, 0xff, 0xff, 
    0xff, 0xff, 0xff, 0xff, 0xff, 0xff, 0xff, 0xff, 
    0xff, 0xff, 0xff, 0xff, 0xff, 0xff, 0xff, 0xff, 
    0xff, 0xff, 0xff, 0xff, 0xff, 0xff, 0xff, 0xff, 
    0xff, 0xff, 0xff, 0xff, 0xff, 0xff, 0xff, 0xff, 
    0xff, 0xff, 0xff, 0xff, 0xff, 0xff, 0xff, 0xff, 
    0xff, 0xff, 0xff, 0xff, 0xff, 0xff, 0xff, 0xff, 
    0xff, 0xff, 0xff, 0xff, 0xff, 0xff, 0xff, 0xff, 
    0xff, 0xff, 0xff, 0xff, 0xff, 0xff, 0xff, 0xff, 
    0xff, 0xff, 0xff, 0xff, 0xff, 0xff, 0xff, 0xff, 
    0xff, 0xff, 0xff, 0xff, 0xff, 0xff, 0xff, 0xff, 
    0xff, 0xe8, 0x4f, 0x0d, 0x13, 0x70, 0xfe, 0xff, 
    0xff, 0xff, 0xff, 0xff, 0xff, 0xb0, 0x26, 0x4e, 
    0x00, 0x00, 0xc1, 0xff, 0xff, 0xff, 0xff, 0xff, 
    0xff, 0xfa, 0xfd, 0xff, 0x1b, 0x00, 0xc6, 0xff, 
    0xff, 0xff, 0xff, 0xff, 0xff, 0xff, 0xff, 0xb0, 
    0x00, 0x43, 0xfe, 0xff, 0xff, 0xff, 0xff, 0xff, 
    0xff, 0xff, 0xb8, 0x08, 0x35, 0xee, 0xff, 0xff, 
    0xff, 0xff, 0xff, 0xff, 0xff, 0xca, 0x07, 0x09, 
    0x83, 0x8f, 0xc9, 0xff, 0xff, 0xff, 0xff, 0xff, 
    0xff, 0x96, 0x00, 0x00, 0x00, 0x00, 0x73, 0xff, 
    0xff, 0xff, 0xff, 0xff, 0xff, 0xff, 0xff, 0xff, 
    0xff, 0xff, 0xff, 0xff, 0xff, 0xff, 0xff, 0xff, 
    0xff, 0xff, 0xff, 0xff, 0xff, 0xff, 0xff, 0xff, 
    0xff, 0xff, 0xff, 0xff, 0xff, 0xff, 0xff, 0xff, 
    0xff, 0xff, 0xff, 0xff, 0xff, 0xff, 0xff, 0xff, 
    0xff, 0xff, 0xff, 0xff, 0xff, 0xff, 0xff, 0xff, 
    0xff, 0xff, 0xff, 0xff, 0xff, 0xff, 0xff, 0xff, 
    0xff, 0xff, 0xff, 0xff, 0xff, 0xff, 0xff, 0xff, 
    0xff, 0xff, 0xff, 0xff, 0xff, 0xff, 0xff, 0xff, 
    0xff, 0xff, 0xff, 0xff, 0xff, 0xff, 0xff, 0xff, 
    0xff, 0xff, 0xff, 0xff, 0xff, 0xff, 0xff, 0xff, 
    0xff, 0xff, 0xff, 0xff, 0xff, 0xff, 0xff, 0xff, 
    0xff, 0xff, 0xff, 0xff, 0xff, 0xff, 0xff, 0xff, 
    0xff, 0xff, 0xff, 0xff, 0xff, 0xff, 0xff, 0xff, 
    0xff, 0xff, 0xff, 0xff, 0xff, 0xff, 0xff, 0xff, 
    0xff, 0xff, 0xff, 0xff, 0xff, 0xff, 0xff, 0xff, 
    0xff, 0xff, 0xff, 0xff, 0xff, 0xff, 0xff, 0xff, 
    0xff, 0xff, 0xff, 0xff, 0xff, 0xff, 0xff, 0xff, 
    0xff, 0xff, 0xff, 0xff, 0xff, 0xff, 0xff, 0xff, 
    0xff, 0xff, 0xff, 0xff, 0xff, 0xff, 0xff, 0xff, 
    0xff, 0xff, 0xff, 0xff, 0xff, 0xff, 0xff, 0xff, 
    0xff, 0xff, 0xff, 0xff, 0xff, 0xff, 0xff, 0xff, 
    0xff, 0xff, 0xff, 0xff, 0xff, 0xff, 0xff, 0xff, 
    0xff, 0xff, 0xff, 0xff, 0xff, 0xff, 0xff, 0xff, 
    0xff, 0xff, 0xff, 0xff, 0xff, 0xff, 0xff, 0xff, 
    0xff, 0xff, 0xff, 0xff, 0xff, 0xff, 0xff, 0xff, 
    0xff, 0xff, 0xff, 0xff, 0xff, 0xff, 0xff, 0xff, 
    0xff, 0xff, 0xff, 0xff, 0xff, 0xff, 0xff, 0xff, 
    0xff, 0xff, 0xff, 0xff, 0xff, 0xff, 0xff, 0xff, 
    0xff, 0xff, 0xff, 0xff, 0xff, 0xff, 0xff, 0xff, 
    0xff, 0xff, 0xff, 0xff, 0xff, 0xff, 0xff, 0xff, 
    0xff, 0xff, 0xff, 0xff, 0xff, 0xff, 0xff, 0xff, 
    0xff, 0xff, 0xff, 0xff, 0xff, 0xff, 0xff, 0xff, 
    0xff, 0xff, 0xff, 0xff, 0xff, 0xff, 0xff, 0xff, 
    0xff, 0xff, 0xff, 0xff, 0xff, 0xff, 0xff, 0xff, 
    0xff, 0xdb, 0x43, 0x0a, 0x16, 0x7f, 0xff, 0xff, 
    0xff, 0xff, 0xff, 0xff, 0xff, 0xb5, 0x62, 0x86, 
    0x0a, 0x00, 0xe0, 0xff, 0xff, 0xff, 0xff, 0xff, 
    0xff, 0xff, 0xf7, 0xdd, 0x1b, 0x0b, 0xf0, 0xff, 
    0xff, 0xff, 0xff, 0xff, 0xff, 0xff, 0x29, 0x00, 
    0x01, 0x7b, 0xfe, 0xff, 0xff, 0xff, 0xff, 0xff, 
    0xff, 0xff, 0xd2, 0xb5, 0x2d, 0x00, 0xa4, 0xff, 
    0xff, 0xff, 0xff, 0xff, 0xff, 0xa1, 0x75, 0x8a, 
    0x20, 0x00, 0xa7, 0xff, 0xff, 0xff, 0xff, 0xff, 
    0xff, 0xb3, 0x1e, 0x04, 0x1d, 0x7d, 0xfe, 0xff, 
    0xff, 0xff, 0xff, 0xff, 0xff, 0xff, 0xff, 0xff, 
    0xff, 0xff, 0xff, 0xff, 0xff, 0xff, 0xff, 0xff, 
    0xff, 0xff, 0xff, 0xff, 0xff, 0xff, 0xff, 0xff, 
    0xff, 0xff, 0xff, 0xff, 0xff, 0xff, 0xff, 0xff, 
    0xff, 0xff, 0xff, 0xff, 0xff, 0xff, 0xff, 0xff, 
    0xff, 0xff, 0xff, 0xff, 0xff, 0xff, 0xff, 0xff, 
    0xff, 0xff, 0xff, 0xff, 0xff, 0xff, 0xff, 0xff, 
    0xff, 0xff, 0xff, 0xff, 0xff, 0xff, 0xff, 0xff, 
    0xff, 0xff, 0xff, 0xff, 0xff, 0xff, 0xff, 0xff, 
    0xff, 0xff, 0xff, 0xff, 0xff, 0xff, 0xff, 0xff, 
    0xff, 0xff, 0xff, 0xff, 0xff, 0xff, 0xff, 0xff, 
    0xff, 0xff, 0xff, 0xff, 0xff, 0xff, 0xff, 0xff, 
    0xff, 0xff, 0xff, 0xff, 0xff, 0xff, 0xff, 0xff, 
    0xff, 0xff, 0xff, 0xff, 0xff, 0xff, 0xff, 0xff, 
    0xff, 0xff, 0xff, 0xff, 0xff, 0xff, 0xff, 0xff, 
    0xff, 0xff, 0xff, 0xff, 0xff, 0xff, 0xff, 0xff, 
    0xff, 0xff, 0xff, 0xff, 0xff, 0xff, 0xff, 0xff, 
    0xff, 0xff, 0xff, 0xff, 0xff, 0xff, 0xff, 0xff, 
    0xff, 0xff, 0xff, 0xff, 0xff, 0xff, 0xff, 0xff, 
    0xff, 0xff, 0xff, 0xff, 0xff, 0xff, 0xff, 0xff, 
    0xff, 0xff, 0xff, 0xff, 0xff, 0xff, 0xff, 0xff, 
    0xff, 0xff, 0xff, 0xff, 0xff, 0xff, 0xff, 0xff, 
    0xff, 0xff, 0xff, 0xff, 0xff, 0xff, 0xff, 0xff, 
    0xff, 0xff, 0xff, 0xff, 0xff, 0xff, 0xff, 0xff, 
    0xff, 0xff, 0xff, 0xff, 0xff, 0xff, 0xff, 0xff, 
    0xff, 0xff, 0xff, 0xff, 0xff, 0xff, 0xff, 0xff, 
    0xff, 0xff, 0xff, 0xff, 0xff, 0xff, 0xff, 0xff, 
    0xff, 0xff, 0xff, 0xff, 0xff, 0xff, 0xff, 0xff, 
    0xff, 0xff, 0xff, 0xff, 0xff, 0xff, 0xff, 0xff, 
    0xff, 0xff, 0xff, 0xff, 0xff, 0xff, 0xff, 0xff, 
    0xff, 0xff, 0xff, 0xff, 0xff, 0xff, 0xff, 0xff, 
    0xff, 0xff, 0xff, 0xff, 0xff, 0xff, 0xff, 0xff, 
    0xff, 0xff, 0xff, 0xff, 0xff, 0xff, 0xff, 0xff, 
    0xff, 0xff, 0xff, 0xff, 0xff, 0xff, 0xff, 0xff, 
    0xff, 0xff, 0xff, 0xff, 0xff, 0xff, 0xff, 0xff, 
    0xff, 0xff, 0xff, 0xff, 0xff, 0xfc, 0x3b, 0x03, 
    0xb1, 0xff, 0xff, 0xff, 0xff, 0xff, 0xff, 0xff, 
    0x95, 0x00, 0x59, 0xff, 0xff, 0xff, 0xff, 0xff, 
    0xff, 0xff, 0xfa, 0x17, 0x34, 0xf5, 0xff, 0xff, 
    0xff, 0xff, 0xff, 0xff, 0xff, 0xff, 0xff, 0xff, 
    0xff, 0xff, 0xff, 0xff, 0xff, 0xff, 0xff, 0xff, 
    0xff, 0xff, 0xff, 0xff, 0xff, 0xff, 0xff, 0xff, 
    0xff, 0xff, 0xff, 0xff, 0xff, 0xff, 0xff, 0xff, 
    0xff, 0xff, 0xff, 0xff, 0xff, 0xff, 0xff, 0xff, 
    0xff, 0xff, 0xff, 0xff, 0xff, 0xff, 0xff, 0xff, 
    0xff, 0xff, 0xff, 0xff, 0xff, 0xff, 0xff, 0xff, 
    0xff, 0xff, 0xff, 0xff, 0xff, 0xff, 0xff, 0xff, 
    0xff, 0xff, 0xff, 0xff, 0xff, 0xff, 0xff, 0xff, 
    0xff, 0xff, 0xff, 0xff, 0xff, 0xff, 0xff, 0xff, 
    0xff, 0xff, 0xff, 0xff, 0xff, 0xff, 0xff, 0xff, 
    0xff, 0xff, 0xff, 0xff, 0xff, 0xff, 0xff, 0xff, 
    0xff, 0xff, 0xff, 0xff, 0xff, 0xff, 0xff, 0xff, 
    0xff, 0xff, 0xff, 0xff, 0xff, 0xff, 0xff, 0xff, 
    0xff, 0xff, 0xff, 0xff, 0xff, 0xff, 0xff, 0xff, 
    0xff, 0xff, 0xff, 0xff, 0xff, 0xff, 0xff, 0xff, 
    0xff, 0xff, 0xff, 0xff, 0xff, 0xff, 0xff, 0xff, 
    0xff, 0xff, 0xff, 0xff, 0xff, 0xff, 0xff, 0xff, 
    0xff, 0xff, 0xff, 0xff, 0xff, 0xff, 0xff, 0xff, 
    0xff, 0xff, 0xff, 0xff, 0xff, 0xff, 0xff, 0xff, 
    0xff, 0xff, 0xff, 0xff, 0xff, 0xff, 0xff, 0xff, 
    0xff, 0xff, 0xff, 0xff, 0xff, 0xff, 0xff, 0xff, 
    0xff, 0xff, 0xff, 0xff, 0xff, 0xff, 0xff, 0xff, 
    0xff, 0xff, 0xff, 0xff, 0xff, 0xff, 0xff, 0xff, 
    0xff, 0xff, 0xff, 0xff, 0xff, 0xff, 0xff, 0xff, 
    0xff, 0xff, 0xff, 0xff, 0xff, 0xff, 0xff, 0xff, 
    0xff, 0xff, 0xff, 0xff, 0xff, 0xff, 0xff, 0xff, 
    0xff, 0xff, 0xff, 0xff, 0xff, 0xff, 0xff, 0xff, 
    0xff, 0xff, 0xff, 0xff, 0xff, 0xff, 0xff, 0xff, 
    0xff, 0xff, 0xff, 0xff, 0xff, 0xff, 0xff, 0xff, 
    0xff, 0xff, 0xff, 0xff, 0xff, 0xff, 0xff, 0xff, 
    0xff, 0xff, 0xff, 0xff, 0xff, 0xff, 0xff, 0xff, 
    0xff, 0xff, 0xff, 0xff, 0xff, 0xff, 0xff, 0xff, 
    0xff, 0xff, 0xff, 0xff, 0xff, 0xff, 0xff, 0xff, 
    0xff, 0xff, 0xff, 0xff, 0xff, 0xff, 0xff, 0xff, 
    0xff, 0xff, 0xff, 0xff, 0xff, 0xff, 0xff, 0xff, 
    0xff, 0xff, 0xff, 0xff, 0xff, 0xff, 0xff, 0xff, 
    0xff, 0xff, 0xff, 0xff, 0xff, 0xff, 0xff, 0xff, 
    0xff, 0xff, 0xff, 0xff, 0xff, 0xff, 0xff, 0xff, 
    0xff, 0xff, 0xff, 0xff, 0xff, 0xff, 0xff, 0xff, 
    0xff, 0xff, 0xff, 0xff, 0xff, 0xff, 0xff, 0xff, 
    0xff, 0xff, 0xff, 0xff, 0xff, 0xff, 0xff, 0xff, 
    0xff, 0xff, 0xff, 0xff, 0xff, 0xff, 0xff, 0xff, 
    0xff, 0xff, 0xff, 0xff, 0xff, 0xff, 0xff, 0xff, 
    0xff, 0xff, 0xff, 0xff, 0xff, 0xff, 0xff, 0xff, 
    0xff, 0xff, 0xff, 0xff, 0xff, 0xff, 0xff, 0xff, 
    0xff, 0xff, 0xff, 0xff, 0xff, 0xff, 0xff, 0xff, 
    0xff, 0xff, 0xff, 0xff, 0xff, 0xff, 0xff, 0xff, 
    0xff, 0xff, 0xff, 0xff, 0xff, 0xff, 0xff, 0xff, 
    0xff, 0xff, 0xff, 0xff, 0xff, 0xff, 0xff, 0xff, 
    0xff, 0xff, 0xff, 0xff, 0xff, 0xff, 0xff, 0xff, 
    0xff, 0xff, 0xff, 0x2e, 0x06, 0xb9, 0xff, 0xff, 
    0x74, 0x03, 0x78, 0xff, 0xff, 0xff, 0xff, 0xff, 
    0xff, 0xff, 0xff, 0x1b, 0x00, 0xab, 0xff, 0xff, 
    0x63, 0x00, 0x67, 0xff, 0xff, 0xff, 0xff, 0xff, 
    0xff, 0xff, 0xff, 0x1b, 0x00, 0xab, 0xff, 0xff, 
    0x63, 0x00, 0x67, 0xff, 0xff, 0xff, 0xff, 0xff, 
    0xff, 0xff, 0xff, 0x1b, 0x00, 0xab, 0xff, 0xff, 
    0x63, 0x00, 0x67, 0xff, 0xff, 0xff, 0xff, 0xff, 
    0xff, 0xff, 0xff, 0x1b, 0x00, 0xab, 0xff, 0xff, 
    0x63, 0x00, 0x67, 0xff, 0xff, 0xff, 0xff, 0xff, 
    0xff, 0xff, 0xff, 0x1b, 0x00, 0xa4, 0xff, 0xff, 
    0x5d, 0x00, 0x67, 0xff, 0xff, 0xff, 0xff, 0xff, 
    0xff, 0xff, 0xff, 0x1b, 0x00, 0x4e, 0xf2, 0xa2, 
    0x05, 0x00, 0x4d, 0xf8, 0xff, 0xff, 0xff, 0xff, 
    0xff, 0xff, 0xff, 0x1b, 0x00, 0x00, 0x00, 0x00, 
    0x16, 0x00, 0x00, 0x01, 0xfe, 0xff, 0xff, 0xff, 
    0xff, 0xff, 0xff, 0x1b, 0x00, 0x2a, 0x09, 0x5c, 
    0xe8, 0x48, 0x05, 0x2a, 0xff, 0xff, 0xff, 0xff, 
    0xff, 0xff, 0xff, 0x1b, 0x00, 0xbc, 0xff, 0xff, 
    0xff, 0xff, 0xff, 0xff, 0xff, 0xff, 0xff, 0xff, 
    0xff, 0xff, 0xff, 0x1b, 0x00, 0xad, 0xff, 0xff, 
    0xff, 0xff, 0xff, 0xff, 0xff, 0xff, 0xff, 0xff, 
    0xff, 0xff, 0xff, 0x2c, 0x03, 0xb9, 0xff, 0xff, 
    0xff, 0xff, 0xff, 0xff, 0xff, 0xff, 0xff, 0xff, 
    0xff, 0xff, 0xff, 0xff, 0xff, 0xff, 0xff, 0xff, 
    0xff, 0xff, 0xff, 0xff, 0xff, 0xff, 0xff, 0xff, 
    0xff, 0xff, 0xff, 0xff, 0xff, 0xff, 0xff, 0xff, 
    0xff, 0xff, 0xff, 0xff, 0xff, 0xff, 0xff, 0xff, 
    0xff, 0xff, 0xff, 0xff, 0xff, 0xff, 0xff, 0xff, 
    0xff, 0xff, 0xff, 0xff, 0xff, 0xff, 0xff, 0xff, 
    0xff, 0xff, 0xff, 0xff, 0xff, 0xff, 0xff, 0xff, 
    0xff, 0xff, 0xff, 0xff, 0xff, 0xff, 0xff, 0xff, 
    0xff, 0xff, 0xff, 0xff, 0xff, 0xff, 0xff, 0xff, 
    0xff, 0xff, 0xff, 0xff, 0xff, 0xff, 0xff, 0xff, 
    0xff, 0xff, 0xff, 0xff, 0xff, 0xff, 0xff, 0xff, 
    0xff, 0xff, 0xff, 0xff, 0xff, 0xff, 0xff, 0xff, 
    0xff, 0xff, 0xff, 0xff, 0xff, 0xff, 0xff, 0xff, 
    0xff, 0xff, 0xff, 0xff, 0xff, 0xff, 0xff, 0xff, 
    0xff, 0xff, 0xff, 0xff, 0xff, 0xff, 0xff, 0xff, 
    0xff, 0xff, 0xff, 0xff, 0xff, 0xff, 0xff, 0xff, 
    0xff, 0xff, 0xff, 0xff, 0xff, 0xff, 0xff, 0xff, 
    0xff, 0xff, 0xff, 0xff, 0xff, 0xff, 0xff, 0xff, 
    0xff, 0xff, 0xff, 0xff, 0xff, 0xff, 0xff, 0xff, 
    0xff, 0xff, 0xff, 0xff, 0xff, 0xff, 0xff, 0xff, 
    0xff, 0xff, 0xff, 0xff, 0xff, 0xff, 0xff, 0xff, 
    0xff, 0xff, 0xff, 0xff, 0xff, 0xff, 0xff, 0xff, 
    0xff, 0xff, 0xff, 0xff, 0xff, 0xff, 0xff, 0xff, 
    0xff, 0xff, 0xff, 0xff, 0xff, 0xff, 0xff, 0xff, 
    0xff, 0xff, 0xff, 0xff, 0xff, 0xff, 0xff, 0xff, 
    0xff, 0xff, 0xff, 0xff, 0xff, 0xff, 0xff, 0xff, 
    0xff, 0xff, 0xff, 0xff, 0xff, 0xff, 0xff, 0xff, 
    0xff, 0xff, 0xff, 0xff, 0xff, 0xff, 0xff, 0xff, 
    0xff, 0xff, 0xff, 0xff, 0xff, 0xff, 0xff, 0xff, 
    0xff, 0xff, 0xff, 0xff, 0xff, 0xff, 0xff, 0xff, 
    0xff, 0xff, 0xff, 0xff, 0xfd, 0x91, 0x25, 0x05, 
    0x00, 0x00, 0x00, 0x01, 0xb0, 0xff, 0xff, 0xff, 
    0xff, 0xff, 0xff, 0xff, 0x71, 0x00, 0x00, 0x00, 
    0x00, 0x52, 0x47, 0x00, 0x9b, 0xff, 0xff, 0xff, 
    0xff, 0xff, 0xff, 0xe7, 0x03, 0x00, 0x00, 0x00, 
    0x00, 0xd3, 0xb7, 0x00, 0x9b, 0xff, 0xff, 0xff, 
    0xff, 0xff, 0xff, 0xbf, 0x00, 0x00, 0x00, 0x00, 
    0x00, 0xd3, 0xb7, 0x00, 0x9b, 0xff, 0xff, 0xff, 
    0xff, 0xff, 0xff, 0xd8, 0x00, 0x00, 0x00, 0x00, 
    0x00, 0xd3, 0xb7, 0x00, 0x9b, 0xff, 0xff, 0xff, 
    0xff, 0xff, 0xff, 0xfc, 0x2c, 0x00, 0x00, 0x00, 
    0x00, 0xd3, 0xb7, 0x00, 0x9b, 0xff, 0xff, 0xff, 
    0xff, 0xff, 0xff, 0xff, 0xd5, 0x32, 0x00, 0x00, 
    0x00, 0xd3, 0xb7, 0x00, 0x9b, 0xff, 0xff, 0xff, 
    0xff, 0xff, 0xff, 0xff, 0xff, 0xfe, 0xdc, 0x60, 
    0x00, 0xd3, 0xb7, 0x00, 0x9b, 0xff, 0xff, 0xff, 
    0xff, 0xff, 0xff, 0xff, 0xff, 0xff, 0xff, 0x7f, 
    0x00, 0xd3, 0xb7, 0x00, 0x9b, 0xff, 0xff, 0xff, 
    0xff, 0xff, 0xff, 0xff, 0xff, 0xff, 0xff, 0x7f, 
    0x00, 0xd3, 0xb7, 0x00, 0x9b, 0xff, 0xff, 0xff, 
    0xff, 0xff, 0xff, 0xff, 0xff, 0xff, 0xff, 0x7f, 
    0x00, 0xd3, 0xb7, 0x00, 0x9b, 0xff, 0xff, 0xff, 
    0xff, 0xff, 0xff, 0xff, 0xff, 0xff, 0xff, 0x7f, 
    0x00, 0xd3, 0xb7, 0x00, 0x9b, 0xff, 0xff, 0xff, 
    0xff, 0xff, 0xff, 0xff, 0xff, 0xff, 0xff, 0x7f, 
    0x00, 0xd3, 0xb7, 0x00, 0x9b, 0xff, 0xff, 0xff, 
    0xff, 0xff, 0xff, 0xff, 0xff, 0xff, 0xff, 0x83, 
    0x00, 0xd6, 0xb9, 0x00, 0x9e, 0xff, 0xff, 0xff, 
    0xff, 0xff, 0xff, 0xff, 0xff, 0xff, 0xff, 0xfa, 
    0xe8, 0xff, 0xfe, 0xe6, 0xfc, 0xff, 0xff, 0xff, 
    0xff, 0xff, 0xff, 0xff, 0xff, 0xff, 0xff, 0xff, 
    0xff, 0xff, 0xff, 0xff, 0xff, 0xff, 0xff, 0xff, 
    0xff, 0xff, 0xff, 0xff, 0xff, 0xff, 0xff, 0xff, 
    0xff, 0xff, 0xff, 0xff, 0xff, 0xff, 0xff, 0xff, 
    0xff, 0xff, 0xff, 0xff, 0xff, 0xff, 0xff, 0xff, 
    0xff, 0xff, 0xff, 0xff, 0xff, 0xff, 0xff, 0xff, 
    0xff, 0xff, 0xff, 0xff, 0xff, 0xff, 0xff, 0xff, 
    0xff, 0xff, 0xff, 0xff, 0xff, 0xff, 0xff, 0xff, 
    0xff, 0xff, 0xff, 0xff, 0xff, 0xff, 0xff, 0xff, 
    0xff, 0xff, 0xff, 0xff, 0xff, 0xff, 0xff, 0xff, 
    0xff, 0xff, 0xff, 0xff, 0xff, 0xff, 0xff, 0xff, 
    0xff, 0xff, 0xff, 0xff, 0xff, 0xff, 0xff, 0xff, 
    0xff, 0xff, 0xff, 0xff, 0xff, 0xff, 0xff, 0xff, 
    0xff, 0xff, 0xff, 0xff, 0xff, 0xff, 0xff, 0xff, 
    0xff, 0xff, 0xff, 0xff, 0xff, 0xff, 0xff, 0xff, 
    0xff, 0xff, 0xff, 0xff, 0xff, 0xff, 0xff, 0xff, 
    0xff, 0xff, 0xff, 0xff, 0xff, 0xff, 0xff, 0xff, 
    0xff, 0xff, 0xff, 0xff, 0xff, 0xff, 0xff, 0xff, 
    0xff, 0xff, 0xff, 0xff, 0xff, 0xff, 0xff, 0xff, 
    0xff, 0xff, 0xff, 0xff, 0xff, 0xff, 0xff, 0xff, 
    0xff, 0xff, 0xff, 0xff, 0xff, 0xff, 0xff, 0xff, 
    0xff, 0xff, 0xff, 0xff, 0xff, 0xff, 0xff, 0xff, 
    0xff, 0xff, 0xff, 0xff, 0xff, 0xff, 0xff, 0xff, 
    0xff, 0xff, 0xff, 0xff, 0xff, 0xff, 0xff, 0xff, 
    0xff, 0xff, 0xff, 0xff, 0xff, 0xff, 0xff, 0xff, 
    0xff, 0xff, 0xff, 0xff, 0xff, 0xff, 0xff, 0xff, 
    0xff, 0xff, 0xff, 0xff, 0xff, 0xff, 0xff, 0xff, 
    0xff, 0xff, 0x7e, 0x30, 0xa5, 0xff, 0xff, 0xff, 
    0xff, 0xff, 0xff, 0x1e, 0x00, 0x52, 0xff, 0xff, 
    0xff, 0xff, 0xff, 0xff, 0x5a, 0x07, 0x8c, 0xff, 
    0xff, 0xff, 0xff, 0xff, 0xff, 0xff, 0xff, 0xff, 
    0xff, 0xff, 0xff, 0xff, 0xff, 0xff, 0xff, 0xff, 
    0xff, 0xff, 0xff, 0xff, 0xff, 0xff, 0xff, 0xff, 
    0xff, 0xff, 0xff, 0xff, 0xff, 0xff, 0xff, 0xff, 
    0xff, 0xff, 0xff, 0xff, 0xff, 0xff, 0xff, 0xff, 
    0xff, 0xff, 0xff, 0xff, 0xff, 0xff, 0xff, 0xff, 
    0xff, 0xff, 0xff, 0xff, 0xff, 0xff, 0xff, 0xff, 
    0xff, 0xff, 0xff, 0xff, 0xff, 0xff, 0xff, 0xff, 
    0xff, 0xff, 0xff, 0xff, 0xff, 0xff, 0xff, 0xff, 
    0xff, 0xff, 0xff, 0xff, 0xff, 0xff, 0xff, 0xff, 
    0xff, 0xff, 0xff, 0xff, 0xff, 0xff, 0xff, 0xff, 
    0xff, 0xff, 0xff, 0xff, 0xff, 0xff, 0xff, 0xff, 
    0xff, 0xff, 0xff, 0xff, 0xff, 0xff, 0xff, 0xff, 
    0xff, 0xff, 0xff, 0xff, 0xff, 0xff, 0xff, 0xff, 
    0xff, 0xff, 0xff, 0xff, 0xff, 0xff, 0xff, 0xff, 
    0xff, 0xff, 0xff, 0xff, 0xff, 0xff, 0xff, 0xff, 
    0xff, 0xff, 0xff, 0xff, 0xff, 0xff, 0xff, 0xff, 
    0xff, 0xff, 0xff, 0xff, 0xff, 0xff, 0xff, 0xff, 
    0xff, 0xff, 0xff, 0xff, 0xff, 0xff, 0xff, 0xff, 
    0xff, 0xff, 0xff, 0xff, 0xff, 0xff, 0xff, 0xff, 
    0xff, 0xff, 0xff, 0xff, 0xff, 0xff, 0xff, 0xff, 
    0xff, 0xff, 0xff, 0xff, 0xff, 0xff, 0xff, 0xff, 
    0xff, 0xff, 0xff, 0xff, 0xff, 0xff, 0xff, 0xff, 
    0xff, 0xff, 0xff, 0xff, 0xff, 0xff, 0xff, 0xff, 
    0xff, 0xff, 0xff, 0xff, 0xff, 0xff, 0xff, 0xff, 
    0xff, 0xff, 0xff, 0xff, 0xff, 0xff, 0xff, 0xff, 
    0xff, 0xff, 0xff, 0xff, 0xff, 0xff, 0xff, 0xff, 
    0xff, 0xff, 0xff, 0xff, 0xff, 0xff, 0xff, 0xff, 
    0xff, 0xff, 0xff, 0xff, 0xff, 0xff, 0xff, 0xff, 
    0xff, 0xff, 0xff, 0xff, 0xff, 0xff, 0xff, 0xff, 
    0xff, 0xff, 0xff, 0xff, 0xff, 0xff, 0xff, 0xff, 
    0xff, 0xff, 0xff, 0xff, 0xff, 0xff, 0xff, 0xff, 
    0xff, 0xff, 0xff, 0xff, 0xff, 0xff, 0xff, 0xff, 
    0xff, 0xff, 0xff, 0xff, 0xff, 0xff, 0xff, 0xff, 
    0xff, 0xff, 0xff, 0xff, 0xff, 0xff, 0xff, 0xff, 
    0xff, 0xff, 0xff, 0xff, 0xff, 0xff, 0xff, 0xff, 
    0xff, 0xff, 0xff, 0xff, 0xff, 0xff, 0xff, 0xff, 
    0xff, 0xff, 0xff, 0xff, 0xff, 0xff, 0xff, 0xff, 
    0xff, 0xff, 0xff, 0xff, 0xff, 0xff, 0xff, 0xff, 
    0xff, 0xff, 0xff, 0xff, 0xff, 0xff, 0xff, 0xff, 
    0xff, 0xff, 0xff, 0xff, 0xff, 0xff, 0xff, 0xff, 
    0xff, 0xff, 0xff, 0xff, 0xff, 0xff, 0xff, 0xff, 
    0xff, 0xff, 0xff, 0xff, 0xff, 0xff, 0xff, 0xff, 
    0xff, 0xff, 0xa8, 0x7f, 0xf2, 0xff, 0xff, 0xff, 
    0xff, 0xff, 0xff, 0xff, 0xff, 0x9a, 0x00, 0x9e, 
    0xff, 0xff, 0xff, 0xff, 0xff, 0xff, 0xf8, 0x73, 
    0x42, 0x00, 0x7e, 0xff, 0xff, 0xff, 0xff, 0xff, 
    0xff, 0xf1, 0x2a, 0x05, 0x2c, 0xdc, 0xff, 0xff, 
    0xff, 0xff, 0xff, 0xff, 0xff, 0xff, 0xff, 0xff, 
    0xff, 0xff, 0xff, 0xff, 0xff, 0xff, 0xff, 0xff, 
    0xff, 0xff, 0xff, 0xff, 0xff, 0xff, 0xff, 0xff, 
    0xff, 0xff, 0xff, 0xff, 0xff, 0xff, 0xff, 0xff, 
    0xff, 0xff, 0xff, 0xff, 0xff, 0xff, 0xff, 0xff, 
    0xff, 0xff, 0xff, 0xff, 0xff, 0xff, 0xff, 0xff, 
    0xff, 0xff, 0xff, 0xff, 0xff, 0xff, 0xff, 0xff, 
    0xff, 0xff, 0xff, 0xff, 0xff, 0xff, 0xff, 0xff, 
    0xff, 0xff, 0xff, 0xff, 0xff, 0xff, 0xff, 0xff, 
    0xff, 0xff, 0xff, 0xff, 0xff, 0xff, 0xff, 0xff, 
    0xff, 0xff, 0xff, 0xff, 0xff, 0xff, 0xff, 0xff, 
    0xff, 0xff, 0xff, 0xff, 0xff, 0xff, 0xff, 0xff, 
    0xff, 0xff, 0xff, 0xff, 0xff, 0xff, 0xff, 0xff, 
    0xff, 0xff, 0xff, 0xff, 0xff, 0xff, 0xff, 0xff, 
    0xff, 0xff, 0xff, 0xff, 0xff, 0xff, 0xff, 0xff, 
    0xff, 0xff, 0xff, 0xff, 0xff, 0xff, 0xff, 0xff, 
    0xff, 0xff, 0xff, 0xff, 0xff, 0xff, 0xff, 0xff, 
    0xff, 0xff, 0xff, 0xea, 0x5f, 0x02, 0x71, 0xff, 
    0xff, 0xff, 0xff, 0xff, 0xff, 0x48, 0x19, 0x00, 
    0x6b, 0xff, 0xff, 0xff, 0xff, 0xff, 0xff, 0xd8, 
    0xca, 0x00, 0x6b, 0xff, 0xff, 0xff, 0xff, 0xff, 
    0xff, 0xff, 0xcb, 0x00, 0x6b, 0xff, 0xff, 0xff, 
    0xff, 0xff, 0xff, 0xff, 0xcb, 0x00, 0x6b, 0xff, 
    0xff, 0xff, 0xff, 0xff, 0xff, 0xff, 0xcb, 0x00, 
    0x6b, 0xff, 0xff, 0xff, 0xff, 0xff, 0xff, 0xff, 
    0xd0, 0x01, 0x72, 0xff, 0xff, 0xff, 0xff, 0xff, 
    0xff, 0xff, 0xff, 0xff, 0xff, 0xff, 0xff, 0xff, 
    0xff, 0xff, 0xff, 0xff, 0xff, 0xff, 0xff, 0xff, 
    0xff, 0xff, 0xff, 0xff, 0xff, 0xff, 0xff, 0xff, 
    0xff, 0xff, 0xff, 0xff, 0xff, 0xff, 0xff, 0xff, 
    0xff, 0xff, 0xff, 0xff, 0xff, 0xff, 0xff, 0xff, 
    0xff, 0xff, 0xff, 0xff, 0xff, 0xff, 0xff, 0xff, 
    0xff, 0xff, 0xff, 0xff, 0xff, 0xff, 0xff, 0xff, 
    0xff, 0xff, 0xff, 0xff, 0xff, 0xff, 0xff, 0xff, 
    0xff, 0xff, 0xff, 0xff, 0xff, 0xff, 0xff, 0xff, 
    0xff, 0xff, 0xff, 0xff, 0xff, 0xff, 0xff, 0xff, 
    0xff, 0xff, 0xff, 0xff, 0xff, 0xff, 0xff, 0xff, 
    0xff, 0xff, 0xff, 0xff, 0xff, 0xff, 0xff, 0xff, 
    0xff, 0xff, 0xff, 0xff, 0xff, 0xff, 0xff, 0xff, 
    0xff, 0xff, 0xff, 0xff, 0xff, 0xff, 0xff, 0xff, 
    0xff, 0xff, 0xff, 0xff, 0xff, 0xff, 0xff, 0xff, 
    0xff, 0xff, 0xff, 0xff, 0xff, 0xff, 0xff, 0xff, 
    0xff, 0xff, 0xff, 0xff, 0xff, 0xff, 0xff, 0xff, 
    0xff, 0xff, 0xff, 0xff, 0xff, 0xff, 0xff, 0xff, 
    0xff, 0xff, 0xff, 0xff, 0xff, 0xff, 0xff, 0xff, 
    0xff, 0xff, 0xff, 0xff, 0xff, 0xff, 0xff, 0xff, 
    0xff, 0xff, 0xff, 0xff, 0xff, 0xff, 0xff, 0xff, 
    0xff, 0xff, 0xff, 0xff, 0xff, 0xff, 0xff, 0xff, 
    0xff, 0xff, 0xff, 0xff, 0xff, 0xff, 0xff, 0xff, 
    0xff, 0xff, 0xff, 0xff, 0xff, 0xff, 0xff, 0xff, 
    0xff, 0xff, 0xff, 0xff, 0xff, 0xff, 0xff, 0xff, 
    0xff, 0xff, 0xff, 0xff, 0xff, 0xff, 0xff, 0xff, 
    0xff, 0xff, 0xff, 0xff, 0xff, 0xff, 0xff, 0xff, 
    0xff, 0xff, 0xff, 0xff, 0xff, 0xff, 0xff, 0xff, 
    0xff, 0xff, 0xff, 0xff, 0xff, 0xff, 0xff, 0xff, 
    0xff, 0xff, 0xff, 0xff, 0xff, 0xff, 0xff, 0xff, 
    0xff, 0xff, 0xff, 0xff, 0xff, 0xff, 0xff, 0xff, 
    0xff, 0xff, 0xff, 0xff, 0xff, 0xff, 0xff, 0xff, 
    0xff, 0xff, 0xff, 0xff, 0xff, 0xff, 0xff, 0xff, 
    0xff, 0xff, 0xff, 0xff, 0xff, 0xff, 0xff, 0xff, 
    0xff, 0xff, 0xff, 0xff, 0xff, 0xff, 0xff, 0xff, 
    0xff, 0xff, 0xdf, 0x4f, 0x12, 0x18, 0x65, 0xf2, 
    0xff, 0xff, 0xff, 0xff, 0xff, 0xff, 0xfe, 0x31, 
    0x00, 0x57, 0x36, 0x00, 0x6b, 0xff, 0xff, 0xff, 
    0xff, 0xff, 0xff, 0xdb, 0x00, 0x29, 0xff, 0xe5, 
    0x00, 0x1c, 0xff, 0xff, 0xff, 0xff, 0xff, 0xff, 
    0xc9, 0x00, 0x3e, 0xff, 0xfb, 0x00, 0x0d, 0xff, 
    0xff, 0xff, 0xff, 0xff, 0xff, 0xe9, 0x02, 0x10, 
    0xdf, 0xaf, 0x00, 0x3e, 0xff, 0xff, 0xff, 0xff, 
    0xff, 0xff, 0xff, 0x6a, 0x00, 0x00, 0x00, 0x0b, 
    0xc2, 0xff, 0xff, 0xff, 0xff, 0xff, 0xff, 0xff, 
    0xff, 0xb8, 0x86, 0x93, 0xdf, 0xff, 0xff, 0xff, 
    0xff, 0xff, 0xff, 0xff, 0xff, 0x85, 0x6b, 0x6b, 
    0x6b, 0x6b, 0xae, 0xff, 0xff, 0xff, 0xff, 0xff, 
    0xff, 0xff, 0x23, 0x00, 0x00, 0x00, 0x00, 0x6b, 
    0xff, 0xff, 0xff, 0xff, 0xff, 0xff, 0xff, 0xff, 
    0xff, 0xff, 0xff, 0xff, 0xff, 0xff, 0xff, 0xff, 
    0xff, 0xff, 0xff, 0xff, 0xff, 0xff, 0xff, 0xff, 
    0xff, 0xff, 0xff, 0xff, 0xff, 0xff, 0xff, 0xff, 
    0xff, 0xff, 0xff, 0xff, 0xff, 0xff, 0xff, 0xff, 
    0xff, 0xff, 0xff, 0xff, 0xff, 0xff, 0xff, 0xff, 
    0xff, 0xff, 0xff, 0xff, 0xff, 0xff, 0xff, 0xff, 
    0xff, 0xff, 0xff, 0xff, 0xff, 0xff, 0xff, 0xff, 
    0xff, 0xff, 0xff, 0xff, 0xff, 0xff, 0xff, 0xff, 
    0xff, 0xff, 0xff, 0xff, 0xff, 0xff, 0xff, 0xff, 
    0xff, 0xff, 0xff, 0xff, 0xff, 0xff, 0xff, 0xff, 
    0xff, 0xff, 0xff, 0xff, 0xff, 0xff, 0xff, 0xff, 
    0xff, 0xff, 0xff, 0xff, 0xff, 0xff, 0xff, 0xff, 
    0xff, 0xff, 0xff, 0xff, 0xff, 0xff, 0xff, 0xff, 
    0xff, 0xff, 0xff, 0xff, 0xff, 0xff, 0xff, 0xff, 
    0xff, 0xff, 0xff, 0xff, 0xff, 0xff, 0xff, 0xff, 
    0xff, 0xff, 0xff, 0xff, 0xff, 0xff, 0xff, 0xff, 
    0xff, 0xff, 0xff, 0xff, 0xff, 0xff, 0xff, 0xff, 
    0xff, 0xff, 0xff, 0xff, 0xff, 0xff, 0xff, 0xff, 
    0xff, 0xff, 0xff, 0xff, 0xff, 0xff, 0xff, 0xff, 
    0xff, 0xff, 0xff, 0xff, 0xff, 0xff, 0xff, 0xff, 
    0xff, 0xff, 0xff, 0xff, 0xff, 0xff, 0xff, 0xff, 
    0xff, 0xff, 0xff, 0xff, 0xff, 0xff, 0xff, 0xff, 
    0xff, 0xff, 0xff, 0xff, 0xff, 0xff, 0xff, 0xff, 
    0xff, 0xff, 0xff, 0xff, 0xff, 0xff, 0xff, 0xff, 
    0xff, 0xff, 0xff, 0xff, 0xff, 0xff, 0xff, 0xff, 
    0xff, 0xff, 0xff, 0xff, 0xff, 0xff, 0xff, 0xff, 
    0xff, 0xff, 0xff, 0xff, 0xff, 0xff, 0xff, 0xff, 
    0xff, 0xff, 0xff, 0xff, 0xff, 0xff, 0xff, 0xff, 
    0xff, 0xff, 0xff, 0xff, 0xff, 0xff, 0xff, 0xff, 
    0xff, 0xff, 0xff, 0xff, 0xff, 0xff, 0xff, 0xff, 
    0xff, 0xff, 0xff, 0xff, 0xff, 0xff, 0xff, 0xff, 
    0xff, 0xff, 0xff, 0xff, 0xff, 0xff, 0xff, 0xff, 
    0xff, 0xff, 0xff, 0xff, 0xff, 0xff, 0xff, 0xff, 
    0xff, 0xff, 0xff, 0xff, 0xff, 0xff, 0xff, 0xff, 
    0xff, 0xff, 0xff, 0xff, 0xff, 0xff, 0xff, 0xff, 
    0xff, 0xff, 0xff, 0xff, 0xff, 0xff, 0xff, 0xff, 
    0xff, 0xff, 0xff, 0xff, 0xff, 0xff, 0xff, 0xff, 
    0xff, 0xff, 0xff, 0xff, 0xff, 0xff, 0xff, 0xff, 
    0xff, 0xff, 0xff, 0xff, 0xff, 0xff, 0xff, 0xff, 
    0xff, 0xff, 0xff, 0xff, 0xff, 0xff, 0xff, 0xff, 
    0xff, 0xff, 0xff, 0x7d, 0x02, 0xaa, 0xfd, 0x1b, 
    0x29, 0xf7, 0xff, 0xff, 0xff, 0xff, 0xff, 0xff, 
    0xff, 0xe2, 0x06, 0x1e, 0xf6, 0x7d, 0x00, 0x81, 
    0xff, 0xff, 0xff, 0xff, 0xff, 0xff, 0xff, 0xff, 
    0x67, 0x00, 0x81, 0xef, 0x0f, 0x0a, 0xe1, 0xff, 
    0xff, 0xff, 0xff, 0xff, 0xff, 0xff, 0xe0, 0x05, 
    0x0a, 0xe9, 0x7e, 0x00, 0x5a, 0xff, 0xff, 0xff, 
    0xff, 0xff, 0xff, 0xff, 0xe9, 0x09, 0x07, 0xe6, 
    0x87, 0x00, 0x4d, 0xff, 0xff, 0xff, 0xff, 0xff, 
    0xff, 0xff, 0x75, 0x00, 0x76, 0xf3, 0x14, 0x04, 
    0xd6, 0xff, 0xff, 0xff, 0xff, 0xff, 0xff, 0xec, 
    0x0c, 0x15, 0xf1, 0x86, 0x00, 0x72, 0xff, 0xff, 
    0xff, 0xff, 0xff, 0xff, 0xff, 0x95, 0x07, 0x9d, 
    0xff, 0x26, 0x23, 0xf1, 0xff, 0xff, 0xff, 0xff, 
    0xff, 0xff, 0xff, 0xff, 0xff, 0xff, 0xff, 0xff, 
    0xff, 0xff, 0xff, 0xff, 0xff, 0xff, 0xff, 0xff, 
    0xff, 0xff, 0xff, 0xff, 0xff, 0xff, 0xff, 0xff, 
    0xff, 0xff, 0xff, 0xff, 0xff, 0xff, 0xff, 0xff, 
    0xff, 0xff, 0xff, 0xff, 0xff, 0xff, 0xff, 0xff, 
    0xff, 0xff, 0xff, 0xff, 0xff, 0xff, 0xff, 0xff, 
    0xff, 0xff, 0xff, 0xff, 0xff, 0xff, 0xff, 0xff, 
    0xff, 0xff, 0xff, 0xff, 0xff, 0xff, 0xff, 0xff, 
    0xff, 0xff, 0xff, 0xff, 0xff, 0xff, 0xff, 0xff, 
    0xff, 0xff, 0xff, 0xff, 0xff, 0xff, 0xff, 0xff, 
    0xff, 0xff, 0xff, 0xff, 0xff, 0xff, 0xff, 0xff, 
    0xff, 0xff, 0xff, 0xff, 0xff, 0xff, 0xff, 0xff, 
    0xff, 0xff, 0xff, 0xff, 0xff, 0xff, 0xff, 0xff, 
    0xff, 0xff, 0xff, 0xff, 0xff, 0xff, 0xff, 0xff, 
    0xff, 0xff, 0xff, 0xff, 0xff, 0xff, 0xff, 0xff, 
    0xff, 0xff, 0xff, 0xff, 0xff, 0xff, 0xff, 0xff, 
    0xff, 0xff, 0xff, 0xff, 0xff, 0xff, 0xff, 0xff, 
    0xff, 0xff, 0xff, 0xff, 0xff, 0xff, 0xff, 0xff, 
    0xff, 0xff, 0xff, 0xff, 0xff, 0xff, 0xff, 0xff, 
    0xff, 0xff, 0xff, 0xff, 0xff, 0xff, 0xff, 0xff, 
    0xff, 0xff, 0xff, 0xff, 0xff, 0xff, 0xff, 0xff, 
    0xff, 0xff, 0xff, 0xff, 0xff, 0xff, 0xff, 0xff, 
    0xff, 0xff, 0xff, 0xff, 0xff, 0xff, 0xff, 0xff, 
    0xff, 0xff, 0xff, 0xff, 0xff, 0xff, 0xff, 0xff, 
    0xff, 0xff, 0xff, 0xff, 0xff, 0xff, 0xff, 0xff, 
    0xff, 0xff, 0xff, 0xff, 0xff, 0xff, 0xff, 0xff, 
    0xff, 0xff, 0xff, 0xff, 0xff, 0xff, 0xff, 0xff, 
    0xff, 0xff, 0xff, 0xff, 0xff, 0xff, 0xff, 0xff, 
    0xff, 0xff, 0xff, 0xff, 0xff, 0xff, 0xff, 0xff, 
    0xff, 0xff, 0xff, 0xff, 0xff, 0xff, 0xff, 0xff, 
    0xff, 0xff, 0xff, 0xff, 0xff, 0xff, 0xff, 0xff, 
    0xff, 0xff, 0xff, 0xff, 0xff, 0xff, 0xff, 0xff, 
    0xff, 0xff, 0xff, 0xff, 0xff, 0xff, 0xff, 0xff, 
    0xff, 0xff, 0xff, 0xff, 0xff, 0xff, 0xff, 0xff, 
    0xff, 0xff, 0xff, 0xff, 0xff, 0xff, 0xff, 0xff, 
    0xff, 0xff, 0xff, 0xff, 0xff, 0xff, 0xff, 0xff, 
    0xff, 0xff, 0xff, 0xff, 0xff, 0xff, 0xff, 0xff, 
    0xff, 0xff, 0xff, 0xff, 0xff, 0xff, 0xff, 0xff, 
    0xff, 0xff, 0xff, 0xff, 0xff, 0xfe, 0x97, 0x0d, 
    0x2a, 0xff, 0xff, 0xff, 0xff, 0xcd, 0x12, 0x67, 
    0xff, 0xff, 0xff, 0xff, 0xff, 0xff, 0xff, 0x8f, 
    0x04, 0x01, 0x27, 0xff, 0xff, 0xff, 0xf7, 0x29, 
    0x13, 0xe7, 0xff, 0xff, 0xff, 0xff, 0xff, 0xff, 
    0xff, 0xcd, 0xdf, 0x0b, 0x27, 0xff, 0xff, 0xff, 
    0x70, 0x00, 0xaa, 0xff, 0xff, 0xff, 0xff, 0xff, 
    0xff, 0xff, 0xff, 0xff, 0xff, 0x0b, 0x27, 0xff, 
    0xff, 0xbe, 0x01, 0x5b, 0xff, 0xff, 0xff, 0xff, 
    0xff, 0xff, 0xff, 0xff, 0xff, 0xff, 0xff, 0x0b, 
    0x27, 0xff, 0xf1, 0x1e, 0x1c, 0xef, 0xff, 0xff, 
    0xff, 0xff, 0xff, 0xff, 0xff, 0xff, 0xff, 0xff, 
    0xff, 0x0b, 0x27, 0xff, 0x5e, 0x01, 0xba, 0xff, 
    0xff, 0xff, 0xff, 0xff, 0xff, 0xff, 0xff, 0xff, 
    0xff, 0xff, 0xff, 0xb8, 0xc1, 0xaf, 0x00, 0x6c, 
    0xea, 0x47, 0x3d, 0xa3, 0xff, 0xff, 0xff, 0xff, 
    0xff, 0xff, 0xff, 0xff, 0xff, 0xff, 0xe9, 0x15, 
    0x26, 0xf5, 0x62, 0x0e, 0x00, 0x77, 0xff, 0xff, 
    0xff, 0xff, 0xff, 0xff, 0xff, 0xff, 0xff, 0xff, 
    0x4e, 0x03, 0xc8, 0xc8, 0x02, 0x8f, 0x00, 0x77, 
    0xff, 0xff, 0xff, 0xff, 0xff, 0xff, 0xff, 0xff, 
    0xff, 0x9d, 0x00, 0x7d, 0xff, 0x37, 0x57, 0xc5, 
    0x00, 0x74, 0xff, 0xff, 0xff, 0xff, 0xff, 0xff, 
    0xff, 0xff, 0xdf, 0x0d, 0x32, 0xfa, 0xff, 0x02, 
    0x00, 0x00, 0x00, 0x00, 0xb7, 0xff, 0xff, 0xff, 
    0xff, 0xff, 0xff, 0xfd, 0x3f, 0x08, 0xd5, 0xff, 
    0xff, 0xd1, 0xcb, 0xa2, 0x00, 0x5f, 0xf5, 0xff, 
    0xff, 0xff, 0xff, 0xff, 0xff, 0xd9, 0x4f, 0xa7, 
    0xff, 0xff, 0xff, 0xff, 0xff, 0xf4, 0xaf, 0xdc, 
    0xff, 0xff, 0xff, 0xff, 0xff, 0xff, 0xff, 0xff, 
    0xff, 0xff, 0xff, 0xff, 0xff, 0xff, 0xff, 0xff, 
    0xff, 0xff, 0xff, 0xff, 0xff, 0xff, 0xff, 0xff, 
    0xff, 0xff, 0xff, 0xff, 0xff, 0xff, 0xff, 0xff, 
    0xff, 0xff, 0xff, 0xff, 0xff, 0xff, 0xff, 0xff, 
    0xff, 0xff, 0xff, 0xff, 0xff, 0xff, 0xff, 0xff, 
    0xff, 0xff, 0xff, 0xff, 0xff, 0xff, 0xff, 0xff, 
    0xff, 0xff, 0xff, 0xff, 0xff, 0xff, 0xff, 0xff, 
    0xff, 0xff, 0xff, 0xff, 0xff, 0xff, 0xff, 0xff, 
    0xff, 0xff, 0xff, 0xff, 0xff, 0xff, 0xff, 0xff, 
    0xff, 0xff, 0xff, 0xff, 0xff, 0xff, 0xff, 0xff, 
    0xff, 0xff, 0xff, 0xff, 0xff, 0xff, 0xff, 0xff, 
    0xff, 0xff, 0xff, 0xff, 0xff, 0xff, 0xff, 0xff, 
    0xff, 0xff, 0xff, 0xff, 0xff, 0xff, 0xff, 0xff, 
    0xff, 0xff, 0xff, 0xff, 0xff, 0xff, 0xff, 0xff, 
    0xff, 0xff, 0xff, 0xff, 0xff, 0xff, 0xff, 0xff, 
    0xff, 0xff, 0xff, 0xff, 0xff, 0xff, 0xff, 0xff, 
    0xff, 0xff, 0xff, 0xff, 0xff, 0xff, 0xff, 0xff, 
    0xff, 0xff, 0xff, 0xff, 0xff, 0xff, 0xff, 0xff, 
    0xff, 0xff, 0xff, 0xff, 0xff, 0xff, 0xff, 0xff, 
    0xff, 0xff, 0xff, 0xff, 0xff, 0xff, 0xff, 0xff, 
    0xff, 0xff, 0xff, 0xff, 0xff, 0xff, 0xff, 0xff, 
    0xff, 0xff, 0xff, 0xff, 0xff, 0xff, 0xff, 0xff, 
    0xff, 0xff, 0xff, 0xff, 0xff, 0xff, 0xff, 0xff, 
    0xff, 0xff, 0xff, 0xff, 0xff, 0xff, 0xff, 0xff, 
    0xff, 0xff, 0xff, 0xff, 0xff, 0xff, 0xff, 0xff, 
    0xff, 0xff, 0xff, 0xff, 0xff, 0xff, 0xff, 0xff, 
    0xff, 0xff, 0xff, 0xff, 0xff, 0xff, 0xff, 0xff, 
    0xff, 0xff, 0xff, 0xff, 0xff, 0xff, 0xff, 0xff, 
    0xff, 0xff, 0xff, 0xff, 0xff, 0xff, 0xff, 0xff, 
    0xff, 0xff, 0xff, 0xff, 0xff, 0xff, 0xff, 0xff, 
    0xff, 0xff, 0xff, 0xff, 0xff, 0xff, 0xff, 0xff, 
    0xff, 0xff, 0xff, 0xff, 0xff, 0xff, 0xff, 0xff, 
    0xff, 0xff, 0xff, 0xff, 0xff, 0xff, 0xff, 0xff, 
    0xff, 0xff, 0xff, 0xff, 0xff, 0xff, 0xff, 0xff, 
    0xff, 0xff, 0xff, 0xff, 0xff, 0xff, 0xff, 0xff, 
    0xff, 0xff, 0xff, 0xff, 0xff, 0xff, 0xff, 0xff, 
    0xff, 0xff, 0xff, 0xff, 0xff, 0xff, 0xff, 0xff, 
    0xff, 0xff, 0xff, 0xff, 0xff, 0xff, 0xff, 0xff, 
    0xff, 0xf8, 0x85, 0x0b, 0x2a, 0xff, 0xff, 0xff, 
    0xff, 0xcd, 0x12, 0x67, 0xff, 0xff, 0xff, 0xff, 
    0xff, 0xff, 0xff, 0x85, 0x20, 0x04, 0x27, 0xff, 
    0xff, 0xff, 0xf7, 0x2a, 0x13, 0xe7, 0xff, 0xff, 
    0xff, 0xff, 0xff, 0xff, 0xff, 0xe8, 0xfb, 0x0b, 
    0x27, 0xff, 0xff, 0xff, 0x71, 0x00, 0xa9, 0xff, 
    0xff, 0xff, 0xff, 0xff, 0xff, 0xff, 0xff, 0xff, 
    0xff, 0x0b, 0x27, 0xff, 0xff, 0xc0, 0x01, 0x59, 
    0xff, 0xff, 0xff, 0xff, 0xff, 0xff, 0xff, 0xff, 
    0xff, 0xff, 0xff, 0x0b, 0x27, 0xff, 0xf2, 0x20, 
    0x1a, 0xee, 0xff, 0xff, 0xff, 0xff, 0xff, 0xff, 
    0xff, 0xff, 0xff, 0xff, 0xff, 0x0d, 0x28, 0xff, 
    0x62, 0x00, 0xb7, 0xfc, 0xf0, 0xff, 0xff, 0xff, 
    0xff, 0xff, 0xff, 0xff, 0xff, 0xff, 0xff, 0xf0, 
    0xf2, 0xb2, 0x00, 0x68, 0x84, 0x09, 0x00, 0x24, 
    0xd9, 0xff, 0xff, 0xff, 0xff, 0xff, 0xff, 0xff, 
    0xff, 0xff, 0xeb, 0x17, 0x23, 0xf4, 0x8d, 0xa4, 
    0x42, 0x00, 0x78, 0xff, 0xff, 0xff, 0xff, 0xff, 
    0xff, 0xff, 0xff, 0xff, 0x53, 0x02, 0xc4, 0xff, 
    0xff, 0xff, 0x5a, 0x00, 0x96, 0xff, 0xff, 0xff, 
    0xff, 0xff, 0xff, 0xff, 0xff, 0xa3, 0x00, 0x77, 
    0xff, 0xff, 0xff, 0x8d, 0x00, 0x3e, 0xf9, 0xff, 
    0xff, 0xff, 0xff, 0xff, 0xff, 0xff, 0xe3, 0x10, 
    0x2d, 0xf9, 0xff, 0xff, 0x8f, 0x00, 0x40, 0xe6, 
    0xf6, 0xff, 0xff, 0xff, 0xff, 0xff, 0xff, 0xfe, 
    0x45, 0x06, 0xd0, 0xff, 0xff, 0xff, 0x27, 0x00, 
    0x00, 0x00, 0x3a, 0xff, 0xff, 0xff, 0xff, 0xff, 
    0xff, 0xd8, 0x43, 0x9d, 0xff, 0xff, 0xff, 0xff, 
    0xd2, 0xbf, 0xbf, 0xbf, 0xd2, 0xff, 0xff, 0xff, 
    0xff, 0xff, 0xff, 0xff, 0xff, 0xff, 0xff, 0xff, 
    0xff, 0xff, 0xff, 0xff, 0xff, 0xff, 0xff, 0xff, 
    0xff, 0xff, 0xff, 0xff, 0xff, 0xff, 0xff, 0xff, 
    0xff, 0xff, 0xff, 0xff, 0xff, 0xff, 0xff, 0xff, 
    0xff, 0xff, 0xff, 0xff, 0xff, 0xff, 0xff, 0xff, 
    0xff, 0xff, 0xff, 0xff, 0xff, 0xff, 0xff, 0xff, 
    0xff, 0xff, 0xff, 0xff, 0xff, 0xff, 0xff, 0xff, 
    0xff, 0xff, 0xff, 0xff, 0xff, 0xff, 0xff, 0xff, 
    0xff, 0xff, 0xff, 0xff, 0xff, 0xff, 0xff, 0xff, 
    0xff, 0xff, 0xff, 0xff, 0xff, 0xff, 0xff, 0xff, 
    0xff, 0xff, 0xff, 0xff, 0xff, 0xff, 0xff, 0xff, 
    0xff, 0xff, 0xff, 0xff, 0xff, 0xff, 0xff, 0xff, 
    0xff, 0xff, 0xff, 0xff, 0xff, 0xff, 0xff, 0xff, 
    0xff, 0xff, 0xff, 0xff, 0xff, 0xff, 0xff, 0xff, 
    0xff, 0xff, 0xff, 0xff, 0xff, 0xff, 0xff, 0xff, 
    0xff, 0xff, 0xff, 0xff, 0xff, 0xff, 0xff, 0xff, 
    0xff, 0xff, 0xff, 0xff, 0xff, 0xff, 0xff, 0xff, 
    0xff, 0xff, 0xff, 0xff, 0xff, 0xff, 0xff, 0xff, 
    0xff, 0xff, 0xff, 0xff, 0xff, 0xff, 0xff, 0xff, 
    0xff, 0xff, 0xff, 0xff, 0xff, 0xff, 0xff, 0xff, 
    0xff, 0xff, 0xff, 0xff, 0xff, 0xff, 0xff, 0xff, 
    0xff, 0xff, 0xff, 0xff, 0xff, 0xff, 0xff, 0xff, 
    0xff, 0xff, 0xff, 0xff, 0xff, 0xff, 0xff, 0xff, 
    0xff, 0xff, 0xff, 0xff, 0xff, 0xff, 0xff, 0xff, 
    0xff, 0xff, 0xff, 0xff, 0xff, 0xff, 0xff, 0xff, 
    0xff, 0xff, 0xff, 0xff, 0xff, 0xff, 0xff, 0xff, 
    0xff, 0xff, 0xff, 0xff, 0xff, 0xff, 0xff, 0xff, 
    0xff, 0xff, 0xff, 0xff, 0xff, 0xff, 0xff, 0xff, 
    0xff, 0xff, 0xff, 0xff, 0xff, 0xff, 0xff, 0xff, 
    0xff, 0xff, 0xff, 0xff, 0xff, 0xff, 0xff, 0xff, 
    0xff, 0xff, 0xff, 0xff, 0xff, 0xff, 0xff, 0xff, 
    0xff, 0xff, 0xff, 0xff, 0xff, 0xff, 0xff, 0xff, 
    0xff, 0xff, 0xff, 0xff, 0xff, 0xff, 0xff, 0xff, 
    0xff, 0xff, 0xff, 0xff, 0xff, 0xff, 0xff, 0xff, 
    0xff, 0xff, 0xff, 0xff, 0xff, 0xff, 0xff, 0xff, 
    0xff, 0xff, 0xff, 0xff, 0xff, 0xff, 0xff, 0xff, 
    0xff, 0xff, 0xff, 0xff, 0xff, 0xff, 0xff, 0xff, 
    0xff, 0xff, 0xff, 0xff, 0xff, 0xff, 0xff, 0xff, 
    0xff, 0xff, 0xff, 0xff, 0xff, 0xff, 0xff, 0xff, 
    0xff, 0xff, 0xff, 0xff, 0xff, 0xff, 0xff, 0xd9, 
    0x36, 0x05, 0x11, 0x8b, 0xff, 0xff, 0xff, 0xff, 
    0x99, 0x04, 0xa2, 0xff, 0xff, 0xff, 0xff, 0xff, 
    0xff, 0xff, 0xd2, 0x97, 0xb7, 0x04, 0x03, 0xf8, 
    0xff, 0xff, 0xd8, 0x09, 0x3c, 0xfd, 0xff, 0xff, 
    0xff, 0xff, 0xff, 0xff, 0xff, 0xff, 0xff, 0xe5, 
    0x0b, 0x16, 0xfd, 0xff, 0xfb, 0x36, 0x0c, 0xdd, 
    0xff, 0xff, 0xff, 0xff, 0xff, 0xff, 0xff, 0xff, 
    0xff, 0x36, 0x01, 0x00, 0x7a, 0xfe, 0xff, 0x81, 
    0x00, 0x99, 0xff, 0xff, 0xff, 0xff, 0xff, 0xff, 
    0xff, 0xff, 0xff, 0xd6, 0xc1, 0xc2, 0x1b, 0x00, 
    0xbc, 0xcd, 0x05, 0x4a, 0xff, 0xff, 0xff, 0xff, 
    0xff, 0xff, 0xff, 0xff, 0xff, 0xff, 0xa0, 0x00, 
    0x00, 0x00, 0x3a, 0xe7, 0x2a, 0x12, 0xe6, 0xff, 
    0xff, 0xff, 0xff, 0xff, 0xff, 0xff, 0xff, 0xff, 
    0xff, 0xff, 0xe9, 0xcf, 0xe3, 0xff, 0x71, 0x00, 
    0xa9, 0xad, 0x07, 0x08, 0xb7, 0xff, 0xff, 0xff, 
    0xff, 0xff, 0xff, 0xff, 0xff, 0xff, 0xff, 0xff, 
    0xbf, 0x01, 0x59, 0xf7, 0x20, 0x18, 0x00, 0xab, 
    0xff, 0xff, 0xff, 0xff, 0xff, 0xff, 0xff, 0xff, 
    0xff, 0xff, 0xf1, 0x1f, 0x1b, 0xee, 0x84, 0x16, 
    0x85, 0x00, 0xab, 0xff, 0xff, 0xff, 0xff, 0xff, 
    0xff, 0xff, 0xff, 0xff, 0xff, 0x60, 0x00, 0xb9, 
    0xee, 0x0b, 0x91, 0x8f, 0x00, 0xa7, 0xff, 0xff, 
    0xff, 0xff, 0xff, 0xff, 0xff, 0xff, 0xff, 0xb0, 
    0x00, 0x6a, 0xff, 0xce, 0x00, 0x00, 0x00, 0x00, 
    0x00, 0xee, 0xff, 0xff, 0xff, 0xff, 0xff, 0xff, 
    0xff, 0xea, 0x16, 0x25, 0xf5, 0xff, 0xfb, 0xcc, 
    0xcb, 0x75, 0x00, 0x8a, 0xff, 0xff, 0xff, 0xff, 
    0xff, 0xff, 0xff, 0xff, 0xb1, 0x51, 0xcd, 0xff, 
    0xff, 0xff, 0xff, 0xff, 0xe4, 0xae, 0xec, 0xff, 
    0xff, 0xff, 0xff, 0xff, 0xff, 0xff, 0xff, 0xff, 
    0xff, 0xff, 0xff, 0xff, 0xff, 0xff, 0xff, 0xff, 
    0xff, 0xff, 0xff, 0xff, 0xff, 0xff, 0xff, 0xff, 
    0xff, 0xff, 0xff, 0xff, 0xff, 0xff, 0xff, 0xff, 
    0xff, 0xff, 0xff, 0xff, 0xff, 0xff, 0xff, 0xff, 
    0xff, 0xff, 0xff, 0xff, 0xff, 0xff, 0xff, 0xff, 
    0xff, 0xff, 0xff, 0xff, 0xff, 0xff, 0xff, 0xff, 
    0xff, 0xff, 0xff, 0xff, 0xff, 0xff, 0xff, 0xff, 
    0xff, 0xff, 0xff, 0xff, 0xff, 0xff, 0xff, 0xff, 
    0xff, 0xff, 0xff, 0xff, 0xff, 0xff, 0xff, 0xff, 
    0xff, 0xff, 0xff, 0xff, 0xff, 0xff, 0xff, 0xff, 
    0xff, 0xff, 0xff, 0xff, 0xff, 0xff, 0xff, 0xff, 
    0xff, 0xff, 0xff, 0xff, 0xff, 0xff, 0xff, 0xff, 
    0xff, 0xff, 0xff, 0xff, 0xff, 0xff, 0xff, 0xff, 
    0xff, 0xff, 0xff, 0xff, 0xff, 0xff, 0xff, 0xff, 
    0xff, 0xff, 0xff, 0xff, 0xff, 0xff, 0xff, 0xff, 
    0xff, 0xff, 0xff, 0xff, 0xff, 0xff, 0xff, 0xff, 
    0xff, 0xff, 0xff, 0xff, 0xff, 0xff, 0xff, 0xff, 
    0xff, 0xff, 0xff, 0xff, 0xff, 0xff, 0xff, 0xff, 
    0xff, 0xff, 0xff, 0xff, 0xff, 0xff, 0xff, 0xff, 
    0xff, 0xff, 0xff, 0xff, 0xff, 0xff, 0xff, 0xff, 
    0xff, 0xff, 0xff, 0xff, 0xff, 0xff, 0xff, 0xff, 
    0xff, 0xff, 0xff, 0xff, 0xff, 0xff, 0xff, 0xff, 
    0xff, 0xff, 0xff, 0xff, 0xff, 0xff, 0xff, 0xff, 
    0xff, 0xff, 0xff, 0xff, 0xff, 0xff, 0xff, 0xff, 
    0xff, 0xff, 0xff, 0xff, 0xff, 0xff, 0xff, 0xff, 
    0xff, 0xff, 0xff, 0xff, 0xff, 0xff, 0xff, 0xff, 
    0xff, 0xff, 0xff, 0xff, 0xff, 0xff, 0xff, 0xff, 
    0xff, 0xff, 0xff, 0xff, 0xff, 0xff, 0xff, 0xff, 
    0xff, 0xff, 0xff, 0xff, 0xff, 0xff, 0xff, 0xff, 
    0xff, 0xff, 0xff, 0xff, 0xff, 0xff, 0xff, 0xff, 
    0xff, 0xff, 0xff, 0xff, 0xff, 0xff, 0xff, 0xff, 
    0xff, 0xff, 0xff, 0xff, 0xff, 0xff, 0xff, 0xff, 
    0xff, 0xff, 0xff, 0xff, 0xff, 0xff, 0xff, 0xff, 
    0xff, 0xff, 0xff, 0xff, 0xff, 0xff, 0xff, 0xff, 
    0xff, 0xff, 0xff, 0xff, 0xff, 0xff, 0xff, 0xff, 
    0xff, 0xff, 0xff, 0xff, 0xff, 0xff, 0xff, 0xff, 
    0xbc, 0x53, 0xa4, 0xff, 0xff, 0xff, 0xff, 0xff, 
    0xff, 0xff, 0xff, 0xff, 0xff, 0xff, 0x5a, 0x00, 
    0x37, 0xff, 0xff, 0xff, 0xff, 0xff, 0xff, 0xff, 
    0xff, 0xff, 0xff, 0xff, 0x8f, 0x06, 0x6b, 0xff, 
    0xff, 0xff, 0xff, 0xff, 0xff, 0xff, 0xff, 0xff, 
    0xff, 0xff, 0xff, 0xff, 0xff, 0xff, 0xff, 0xff, 
    0xff, 0xff, 0xff, 0xff, 0xff, 0xff, 0xff, 0xff, 
    0xaf, 0x05, 0x69, 0xff, 0xff, 0xff, 0xff, 0xff, 
    0xff, 0xff, 0xff, 0xff, 0xff, 0xff, 0x96, 0x00, 
    0x57, 0xff, 0xff, 0xff, 0xff, 0xff, 0xff, 0xff, 
    0xff, 0xff, 0xf4, 0x6f, 0x19, 0x00, 0x4f, 0xff, 
    0xff, 0xff, 0xff, 0xff, 0xff, 0xff, 0xff, 0xff, 
    0x4c, 0x00, 0x19, 0x7d, 0xc7, 0xff, 0xff, 0xff, 
    0xff, 0xff, 0xff, 0xff, 0xff, 0xe2, 0x00, 0x00, 
    0xc4, 0xff, 0xff, 0xff, 0xff, 0xff, 0xff, 0xff, 
    0xff, 0xff, 0xff, 0xc5, 0x00, 0x00, 0xe3, 0xff, 
    0xff, 0xff, 0xff, 0xff, 0xff, 0xff, 0xff, 0xff, 
    0xff, 0xe7, 0x00, 0x00, 0x7a, 0xff, 0xff, 0xcf, 
    0xe7, 0xff, 0xff, 0xff, 0xff, 0xff, 0xff, 0xff, 
    0x5f, 0x00, 0x00, 0x14, 0x1a, 0x00, 0xb0, 0xff, 
    0xff, 0xff, 0xff, 0xff, 0xff, 0xff, 0xf7, 0x77, 
    0x1f, 0x04, 0x17, 0x59, 0xe9, 0xff, 0xff, 0xff, 
    0xff, 0xff, 0xff, 0xff, 0xff, 0xff, 0xff, 0xff, 
    0xff, 0xff, 0xff, 0xff, 0xff, 0xff, 0xff, 0xff, 
    0xff, 0xff, 0xff, 0xff, 0xff, 0xff, 0xff, 0xff, 
    0xff, 0xff, 0xff, 0xff, 0xff, 0xff, 0xff, 0xff, 
    0xff, 0xff, 0xff, 0xff, 0xff, 0xff, 0xff, 0xff, 
    0xff, 0xff, 0xff, 0xff, 0xff, 0xff, 0xff, 0xff, 
    0xff, 0xff, 0xff, 0xff, 0xff, 0xff, 0xff, 0xff, 
    0xff, 0xff, 0xff, 0xff, 0xff, 0xff, 0xff, 0xff, 
    0xff, 0xff, 0xff, 0xff, 0xff, 0xff, 0xff, 0xff, 
    0xff, 0xff, 0xff, 0xff, 0xff, 0xff, 0xff, 0xff, 
    0xff, 0xff, 0xff, 0xff, 0xff, 0xff, 0xff, 0xff, 
    0xff, 0xff, 0xff, 0xff, 0xff, 0xff, 0xff, 0xff, 
    0xff, 0xff, 0xff, 0xff, 0xff, 0xff, 0xff, 0xff, 
    0xff, 0xff, 0xff, 0xff, 0xff, 0xff, 0xff, 0xff, 
    0xff, 0xff, 0xff, 0xff, 0xff, 0xff, 0xff, 0xff, 
    0xff, 0xff, 0xff, 0xff, 0xff, 0xff, 0xff, 0xff, 
    0xff, 0xff, 0xff, 0xff, 0xff, 0xff, 0xff, 0xff, 
    0xff, 0xff, 0xff, 0xff, 0xff, 0xff, 0xff, 0xff, 
    0xff, 0xff, 0xff, 0xff, 0xff, 0xff, 0xff, 0xff, 
    0xff, 0xff, 0xff, 0xff, 0xff, 0xff, 0xff, 0xff, 
    0xff, 0xff, 0xff, 0xff, 0xff, 0xff, 0xff, 0xff, 
    0xff, 0xff, 0xff, 0xff, 0xff, 0xff, 0xff, 0xff, 
    0xff, 0xff, 0xff, 0xff, 0xff, 0xff, 0xff, 0xff, 
    0xff, 0xff, 0xff, 0xff, 0xff, 0xff, 0xff, 0xa8, 
    0x81, 0xcb, 0xff, 0xff, 0xff, 0xff, 0xff, 0xff, 
    0xff, 0xff, 0xff, 0xff, 0xff, 0xff, 0xff, 0xff, 
    0xc8, 0x17, 0x0c, 0xc9, 0xff, 0xff, 0xff, 0xff, 
    0xff, 0xff, 0xff, 0xff, 0xff, 0xff, 0xff, 0xff, 
    0xff, 0xff, 0xe0, 0x33, 0x15, 0xe7, 0xff, 0xff, 
    0xff, 0xff, 0xff, 0xff, 0xff, 0xff, 0xff, 0xff, 
    0xff, 0xff, 0xff, 0xff, 0xff, 0xff, 0xff, 0xff, 
    0xff, 0xff, 0xff, 0xff, 0xff, 0xff, 0xff, 0xff, 
    0xff, 0xff, 0xff, 0xff, 0xdb, 0x08, 0x00, 0x11, 
    0xed, 0xff, 0xff, 0xff, 0xff, 0xff, 0xff, 0xff, 
    0xff, 0xff, 0xff, 0xff, 0xff, 0x85, 0x00, 0x00, 
    0x00, 0x9c, 0xff, 0xff, 0xff, 0xff, 0xff, 0xff, 
    0xff, 0xff, 0xff, 0xff, 0xff, 0xff, 0x2f, 0x00, 
    0x42, 0x00, 0x47, 0xff, 0xff, 0xff, 0xff, 0xff, 
    0xff, 0xff, 0xff, 0xff, 0xff, 0xff, 0xda, 0x00, 
    0x1f, 0xc5, 0x00, 0x04, 0xed, 0xff, 0xff, 0xff, 
    0xff, 0xff, 0xff, 0xff, 0xff, 0xff, 0xff, 0x85, 
    0x00, 0x70, 0xfe, 0x19, 0x00, 0x9c, 0xff, 0xff, 
    0xff, 0xff, 0xff, 0xff, 0xff, 0xff, 0xff, 0xff, 
    0x30, 0x00, 0xc2, 0xff, 0x69, 0x00, 0x47, 0xff, 
    0xff, 0xff, 0xff, 0xff, 0xff, 0xff, 0xff, 0xff, 
    0xdb, 0x00, 0x16, 0xfd, 0xff, 0xba, 0x00, 0x04, 
    0xed, 0xff, 0xff, 0xff, 0xff, 0xff, 0xff, 0xff, 
    0xff, 0x86, 0x00, 0x09, 0x23, 0x23, 0x20, 0x00, 
    0x00, 0x9d, 0xff, 0xff, 0xff, 0xff, 0xff, 0xff, 
    0xff, 0xff, 0x31, 0x00, 0x00, 0x00, 0x00, 0x00, 
    0x00, 0x00, 0x48, 0xff, 0xff, 0xff, 0xff, 0xff, 
    0xff, 0xff, 0xdc, 0x00, 0x03, 0xed, 0xff, 0xff, 
    0xff, 0xa0, 0x00, 0x05, 0xed, 0xff, 0xff, 0xff, 
    0xff, 0xff, 0xff, 0x87, 0x00, 0x3a, 0xff, 0xff, 
    0xff, 0xff, 0xea, 0x02, 0x00, 0x9d, 0xff, 0xff, 
    0xff, 0xff, 0xff, 0xff, 0x51, 0x02, 0x8f, 0xff, 
    0xff, 0xff, 0xff, 0xff, 0x3f, 0x00, 0x66, 0xff, 
    0xff, 0xff, 0xff, 0xff, 0xff, 0xff, 0xff, 0xff, 
    0xff, 0xff, 0xff, 0xff, 0xff, 0xff, 0xff, 0xff, 
    0xff, 0xff, 0xff, 0xff, 0xff, 0xff, 0xff, 0xff, 
    0xff, 0xff, 0xff, 0xff, 0xff, 0xff, 0xff, 0xff, 
    0xff, 0xff, 0xff, 0xff, 0xff, 0xff, 0xff, 0xff, 
    0xff, 0xff, 0xff, 0xff, 0xff, 0xff, 0xff, 0xff, 
    0xff, 0xff, 0xff, 0xff, 0xff, 0xff, 0xff, 0xff, 
    0xff, 0xff, 0xff, 0xff, 0xff, 0xff, 0xff, 0xff, 
    0xff, 0xff, 0xff, 0xff, 0xff, 0xff, 0xff, 0xff, 
    0xff, 0xff, 0xff, 0xff, 0xff, 0xff, 0xff, 0xff, 
    0xff, 0xff, 0xff, 0xff, 0xff, 0xff, 0xff, 0xff, 
    0xff, 0xff, 0xff, 0xff, 0xff, 0xff, 0xff, 0xff, 
    0xff, 0xff, 0xff, 0xff, 0xff, 0xff, 0xff, 0xff, 
    0xff, 0xff, 0xff, 0xff, 0xff, 0xff, 0xff, 0xff, 
    0xff, 0xff, 0xff, 0xff, 0xff, 0xff, 0xff, 0xff, 
    0xff, 0xff, 0xff, 0xff, 0xff, 0xff, 0xff, 0xff, 
    0xff, 0xff, 0xff, 0xff, 0xff, 0xff, 0xff, 0xff, 
    0xff, 0xff, 0xff, 0xff, 0xff, 0xff, 0xff, 0xff, 
    0xff, 0xff, 0xff, 0xff, 0xff, 0xff, 0xff, 0xff, 
    0xff, 0xff, 0xff, 0xff, 0xff, 0xff, 0xff, 0xff, 
    0xff, 0xff, 0xff, 0xff, 0xff, 0xff, 0xff, 0xff, 
    0xff, 0xff, 0xff, 0xff, 0xff, 0xff, 0xff, 0xff, 
    0xff, 0xff, 0xff, 0xff, 0xff, 0xff, 0xff, 0xff, 
    0xff, 0xff, 0xff, 0xff, 0xff, 0xff, 0xff, 0xff, 
    0xff, 0xff, 0xff, 0xff, 0xff, 0xff, 0xff, 0xff, 
    0xff, 0xff, 0xff, 0xff, 0xff, 0xff, 0xff, 0xff, 
    0xff, 0xff, 0xff, 0xff, 0xff, 0xff, 0xff, 0xff, 
    0xff, 0xff, 0xff, 0xff, 0xff, 0xff, 0xff, 0xff, 
    0xff, 0xff, 0xff, 0xff, 0xff, 0xff, 0xff, 0xff, 
    0xff, 0xff, 0xff, 0xff, 0xff, 0xff, 0xff, 0xff, 
    0xff, 0xff, 0xff, 0xff, 0xff, 0xff, 0xff, 0xff, 
    0xfb, 0x93, 0x84, 0xe3, 0xff, 0xff, 0xff, 0xff, 
    0xff, 0xff, 0xff, 0xff, 0xff, 0xff, 0xff, 0xff, 
    0xfe, 0x5c, 0x00, 0x62, 0xfa, 0xff, 0xff, 0xff, 
    0xff, 0xff, 0xff, 0xff, 0xff, 0xff, 0xff, 0xff, 
    0xff, 0x7d, 0x09, 0x88, 0xff, 0xff, 0xff, 0xff, 
    0xff, 0xff, 0xff, 0xff, 0xff, 0xff, 0xff, 0xff, 
    0xff, 0xff, 0xff, 0xff, 0xff, 0xff, 0xff, 0xff, 
    0xff, 0xff, 0xff, 0xff, 0xff, 0xff, 0xff, 0xff, 
    0xff, 0xff, 0xdb, 0x08, 0x00, 0x11, 0xed, 0xff, 
    0xff, 0xff, 0xff, 0xff, 0xff, 0xff, 0xff, 0xff, 
    0xff, 0xff, 0xff, 0x85, 0x00, 0x00, 0x00, 0x9c, 
    0xff, 0xff, 0xff, 0xff, 0xff, 0xff, 0xff, 0xff, 
    0xff, 0xff, 0xff, 0xff, 0x2f, 0x00, 0x42, 0x00, 
    0x47, 0xff, 0xff, 0xff, 0xff, 0xff, 0xff, 0xff, 
    0xff, 0xff, 0xff, 0xff, 0xda, 0x00, 0x1f, 0xc5, 
    0x00, 0x04, 0xed, 0xff, 0xff, 0xff, 0xff, 0xff, 
    0xff, 0xff, 0xff, 0xff, 0xff, 0x85, 0x00, 0x70, 
    0xfe, 0x19, 0x00, 0x9c, 0xff, 0xff, 0xff, 0xff, 
    0xff, 0xff, 0xff, 0xff, 0xff, 0xff, 0x30, 0x00, 
    0xc2, 0xff, 0x69, 0x00, 0x47, 0xff, 0xff, 0xff, 
    0xff, 0xff, 0xff, 0xff, 0xff, 0xff, 0xdb, 0x00, 
    0x16, 0xfd, 0xff, 0xba, 0x00, 0x04, 0xed, 0xff, 
    0xff, 0xff, 0xff, 0xff, 0xff, 0xff, 0xff, 0x86, 
    0x00, 0x09, 0x23, 0x23, 0x20, 0x00, 0x00, 0x9d, 
    0xff, 0xff, 0xff, 0xff, 0xff, 0xff, 0xff, 0xff, 
    0x31, 0x00, 0x00, 0x00, 0x00, 0x00, 0x00, 0x00, 
    0x48, 0xff, 0xff, 0xff, 0xff, 0xff, 0xff, 0xff, 
    0xdc, 0x00, 0x03, 0xed, 0xff, 0xff, 0xff, 0xa0, 
    0x00, 0x05, 0xed, 0xff, 0xff, 0xff, 0xff, 0xff, 
    0xff, 0x87, 0x00, 0x3a, 0xff, 0xff, 0xff, 0xff, 
    0xea, 0x02, 0x00, 0x9d, 0xff, 0xff, 0xff, 0xff, 
    0xff, 0xff, 0x51, 0x02, 0x8f, 0xff, 0xff, 0xff, 
    0xff, 0xff, 0x3f, 0x00, 0x66, 0xff, 0xff, 0xff, 
    0xff, 0xff, 0xff, 0xff, 0xff, 0xff, 0xff, 0xff, 
    0xff, 0xff, 0xff, 0xff, 0xff, 0xff, 0xff, 0xff, 
    0xff, 0xff, 0xff, 0xff, 0xff, 0xff, 0xff, 0xff, 
    0xff, 0xff, 0xff, 0xff, 0xff, 0xff, 0xff, 0xff, 
    0xff, 0xff, 0xff, 0xff, 0xff, 0xff, 0xff, 0xff, 
    0xff, 0xff, 0xff, 0xff, 0xff, 0xff, 0xff, 0xff, 
    0xff, 0xff, 0xff, 0xff, 0xff, 0xff, 0xff, 0xff, 
    0xff, 0xff, 0xff, 0xff, 0xff, 0xff, 0xff, 0xff, 
    0xff, 0xff, 0xff, 0xff, 0xff, 0xff, 0xff, 0xff, 
    0xff, 0xff, 0xff, 0xff, 0xff, 0xff, 0xff, 0xff, 
    0xff, 0xff, 0xff, 0xff, 0xff, 0xff, 0xff, 0xff, 
    0xff, 0xff, 0xff, 0xff, 0xff, 0xff, 0xff, 0xff, 
    0xff, 0xff, 0xff, 0xff, 0xff, 0xff, 0xff, 0xff, 
    0xff, 0xff, 0xff, 0xff, 0xff, 0xff, 0xff, 0xff, 
    0xff, 0xff, 0xff, 0xff, 0xff, 0xff, 0xff, 0xff, 
    0xff, 0xff, 0xff, 0xff, 0xff, 0xff, 0xff, 0xff, 
    0xff, 0xff, 0xff, 0xff, 0xff, 0xff, 0xff, 0xff, 
    0xff, 0xff, 0xff, 0xff, 0xff, 0xff, 0xff, 0xff, 
    0xff, 0xff, 0xff, 0xff, 0xff, 0xff, 0xff, 0xff, 
    0xff, 0xff, 0xff, 0xff, 0xff, 0xff, 0xff, 0xff, 
    0xff, 0xff, 0xff, 0xff, 0xff, 0xff, 0xff, 0xff, 
    0xff, 0xff, 0xff, 0xff, 0xff, 0xff, 0xff, 0xff, 
    0xff, 0xff, 0xff, 0xff, 0xff, 0xff, 0xff, 0xff, 
    0xff, 0xff, 0xff, 0xff, 0xff, 0xff, 0xff, 0xff, 
    0xff, 0xff, 0xff, 0xff, 0xff, 0xff, 0xff, 0xff, 
    0xff, 0xff, 0xff, 0xff, 0xff, 0xff, 0xff, 0xff, 
    0xff, 0xff, 0xff, 0xff, 0xff, 0xff, 0xff, 0xff, 
    0xff, 0xff, 0xff, 0xff, 0xff, 0xff, 0xff, 0xff, 
    0xff, 0xff, 0xff, 0xff, 0xff, 0xff, 0xff, 0xff, 
    0xff, 0xff, 0xff, 0xff, 0xff, 0xff, 0xff, 0xff, 
    0xff, 0xff, 0xff, 0xff, 0xff, 0xa6, 0x80, 0xb0, 
    0xff, 0xff, 0xff, 0xff, 0xff, 0xff, 0xff, 0xff, 
    0xff, 0xff, 0xff, 0xff, 0xff, 0x81, 0x00, 0x24, 
    0x00, 0x94, 0xff, 0xff, 0xff, 0xff, 0xff, 0xff, 
    0xff, 0xff, 0xff, 0xff, 0xff, 0x9a, 0x01, 0x63, 
    0xfa, 0x51, 0x01, 0xa8, 0xff, 0xff, 0xff, 0xff, 
    0xff, 0xff, 0xff, 0xff, 0xff, 0xff, 0xff, 0xff, 
    0xff, 0xff, 0xff, 0xff, 0xff, 0xff, 0xff, 0xff, 
    0xff, 0xff, 0xff, 0xff, 0xff, 0xff, 0xff, 0xff, 
    0xdb, 0x08, 0x00, 0x11, 0xed, 0xff, 0xff, 0xff, 
    0xff, 0xff, 0xff, 0xff, 0xff, 0xff, 0xff, 0xff, 
    0xff, 0x85, 0x00, 0x00, 0x00, 0x9c, 0xff, 0xff, 
    0xff, 0xff, 0xff, 0xff, 0xff, 0xff, 0xff, 0xff, 
    0xff, 0xff, 0x2f, 0x00, 0x42, 0x00, 0x47, 0xff, 
    0xff, 0xff, 0xff, 0xff, 0xff, 0xff, 0xff, 0xff, 
    0xff, 0xff, 0xda, 0x00, 0x1f, 0xc5, 0x00, 0x04, 
    0xed, 0xff, 0xff, 0xff, 0xff, 0xff, 0xff, 0xff, 
    0xff, 0xff, 0xff, 0x85, 0x00, 0x70, 0xfe, 0x19, 
    0x00, 0x9c, 0xff, 0xff, 0xff, 0xff, 0xff, 0xff, 
    0xff, 0xff, 0xff, 0xff, 0x30, 0x00, 0xc2, 0xff, 
    0x69, 0x00, 0x47, 0xff, 0xff, 0xff, 0xff, 0xff, 
    0xff, 0xff, 0xff, 0xff, 0xdb, 0x00, 0x16, 0xfd, 
    0xff, 0xba, 0x00, 0x04, 0xed, 0xff, 0xff, 0xff, 
    0xff, 0xff, 0xff, 0xff, 0xff, 0x86, 0x00, 0x09, 
    0x23, 0x23, 0x20, 0x00, 0x00, 0x9d, 0xff, 0xff, 
    0xff, 0xff, 0xff, 0xff, 0xff, 0xff, 0x31, 0x00, 
    0x00, 0x00, 0x00, 0x00, 0x00, 0x00, 0x48, 0xff, 
    0xff, 0xff, 0xff, 0xff, 0xff, 0xff, 0xdc, 0x00, 
    0x03, 0xed, 0xff, 0xff, 0xff, 0xa0, 0x00, 0x05, 
    0xed, 0xff, 0xff, 0xff, 0xff, 0xff, 0xff, 0x87, 
    0x00, 0x3a, 0xff, 0xff, 0xff, 0xff, 0xea, 0x02, 
    0x00, 0x9d, 0xff, 0xff, 0xff, 0xff, 0xff, 0xff, 
    0x51, 0x02, 0x8f, 0xff, 0xff, 0xff, 0xff, 0xff, 
    0x3f, 0x00, 0x66, 0xff, 0xff, 0xff, 0xff, 0xff, 
    0xff, 0xff, 0xff, 0xff, 0xff, 0xff, 0xff, 0xff, 
    0xff, 0xff, 0xff, 0xff, 0xff, 0xff, 0xff, 0xff, 
    0xff, 0xff, 0xff, 0xff, 0xff, 0xff, 0xff, 0xff, 
    0xff, 0xff, 0xff, 0xff, 0xff, 0xff, 0xff, 0xff, 
    0xff, 0xff, 0xff, 0xff, 0xff, 0xff, 0xff, 0xff, 
    0xff, 0xff, 0xff, 0xff, 0xff, 0xff, 0xff, 0xff, 
    0xff, 0xff, 0xff, 0xff, 0xff, 0xff, 0xff, 0xff, 
    0xff, 0xff, 0xff, 0xff, 0xff, 0xff, 0xff, 0xff, 
    0xff, 0xff, 0xff, 0xff, 0xff, 0xff, 0xff, 0xff, 
    0xff, 0xff, 0xff, 0xff, 0xff, 0xff, 0xff, 0xff, 
    0xff, 0xff, 0xff, 0xff, 0xff, 0xff, 0xff, 0xff, 
    0xff, 0xff, 0xff, 0xff, 0xff, 0xff, 0xff, 0xff, 
    0xff, 0xff, 0xff, 0xff, 0xff, 0xff, 0xff, 0xff, 
    0xff, 0xff, 0xff, 0xff, 0xff, 0xff, 0xff, 0xff, 
    0xff, 0xff, 0xff, 0xff, 0xff, 0xff, 0xff, 0xff, 
    0xff, 0xff, 0xff, 0xff, 0xff, 0xff, 0xff, 0xff, 
    0xff, 0xff, 0xff, 0xff, 0xff, 0xff, 0xff, 0xff, 
    0xff, 0xff, 0xff, 0xff, 0xff, 0xff, 0xff, 0xff, 
    0xff, 0xff, 0xff, 0xff, 0xff, 0xff, 0xff, 0xff, 
    0xff, 0xff, 0xff, 0xff, 0xff, 0xff, 0xff, 0xff, 
    0xff, 0xff, 0xff, 0xff, 0xff, 0xff, 0xff, 0xff, 
    0xff, 0xff, 0xff, 0xff, 0xff, 0xff, 0xff, 0xff, 
    0xff, 0xff, 0xff, 0xff, 0xff, 0xff, 0xff, 0xff, 
    0xff, 0xff, 0xff, 0xff, 0xff, 0xff, 0xff, 0xff, 
    0xff, 0xff, 0xff, 0xff, 0xff, 0xff, 0xff, 0xff, 
    0xff, 0xff, 0xff, 0xff, 0xff, 0xff, 0xff, 0xff, 
    0xff, 0xff, 0xff, 0xff, 0xff, 0xff, 0xff, 0xff, 
    0xff, 0xff, 0xff, 0xff, 0xff, 0xff, 0xff, 0xff, 
    0xff, 0xff, 0xff, 0xff, 0xff, 0xff, 0xff, 0xff, 
    0xff, 0xff, 0xff, 0xff, 0xff, 0xff, 0xff, 0xff, 
    0xff, 0xff, 0xff, 0xff, 0xff, 0xff, 0xff, 0xff, 
    0xff, 0xff, 0xff, 0xff, 0xff, 0xff, 0xff, 0xff, 
    0xff, 0xff, 0xce, 0x29, 0x06, 0x27, 0x5d, 0x19, 
    0x70, 0xff, 0xff, 0xff, 0xff, 0xff, 0xff, 0xff, 
    0xff, 0xff, 0xff, 0x6c, 0x16, 0x58, 0x23, 0x05, 
    0x25, 0xce, 0xff, 0xff, 0xff, 0xff, 0xff, 0xff, 
    0xff, 0xff, 0xff, 0xff, 0xff, 0xff, 0xff, 0xff, 
    0xff, 0xff, 0xff, 0xff, 0xff, 0xff, 0xff, 0xff, 
    0xff, 0xff, 0xff, 0xff, 0xff, 0xff, 0xdb, 0x08, 
    0x00, 0x11, 0xed, 0xff, 0xff, 0xff, 0xff, 0xff, 
    0xff, 0xff, 0xff, 0xff, 0xff, 0xff, 0xff, 0x85, 
    0x00, 0x00, 0x00, 0x9c, 0xff, 0xff, 0xff, 0xff, 
    0xff, 0xff, 0xff, 0xff, 0xff, 0xff, 0xff, 0xff, 
    0x2f, 0x00, 0x42, 0x00, 0x47, 0xff, 0xff, 0xff, 
    0xff, 0xff, 0xff, 0xff, 0xff, 0xff, 0xff, 0xff, 
    0xda, 0x00, 0x1f, 0xc5, 0x00, 0x04, 0xed, 0xff, 
    0xff, 0xff, 0xff, 0xff, 0xff, 0xff, 0xff, 0xff, 
    0xff, 0x85, 0x00, 0x70, 0xfe, 0x19, 0x00, 0x9c, 
    0xff, 0xff, 0xff, 0xff, 0xff, 0xff, 0xff, 0xff, 
    0xff, 0xff, 0x30, 0x00, 0xc2, 0xff, 0x69, 0x00, 
    0x47, 0xff, 0xff, 0xff, 0xff, 0xff, 0xff, 0xff, 
    0xff, 0xff, 0xdb, 0x00, 0x16, 0xfd, 0xff, 0xba, 
    0x00, 0x04, 0xed, 0xff, 0xff, 0xff, 0xff, 0xff, 
    0xff, 0xff, 0xff, 0x86, 0x00, 0x09, 0x23, 0x23, 
    0x20, 0x00, 0x00, 0x9d, 0xff, 0xff, 0xff, 0xff, 
    0xff, 0xff, 0xff, 0xff, 0x31, 0x00, 0x00, 0x00, 
    0x00, 0x00, 0x00, 0x00, 0x48, 0xff, 0xff, 0xff, 
    0xff, 0xff, 0xff, 0xff, 0xdc, 0x00, 0x03, 0xed, 
    0xff, 0xff, 0xff, 0xa0, 0x00, 0x05, 0xed, 0xff, 
    0xff, 0xff, 0xff, 0xff, 0xff, 0x87, 0x00, 0x3a, 
    0xff, 0xff, 0xff, 0xff, 0xea, 0x02, 0x00, 0x9d, 
    0xff, 0xff, 0xff, 0xff, 0xff, 0xff, 0x51, 0x02, 
    0x8f, 0xff, 0xff, 0xff, 0xff, 0xff, 0x3f, 0x00, 
    0x66, 0xff, 0xff, 0xff, 0xff, 0xff, 0xff, 0xff, 
    0xff, 0xff, 0xff, 0xff, 0xff, 0xff, 0xff, 0xff, 
    0xff, 0xff, 0xff, 0xff, 0xff, 0xff, 0xff, 0xff, 
    0xff, 0xff, 0xff, 0xff, 0xff, 0xff, 0xff, 0xff, 
    0xff, 0xff, 0xff, 0xff, 0xff, 0xff, 0xff, 0xff, 
    0xff, 0xff, 0xff, 0xff, 0xff, 0xff, 0xff, 0xff, 
    0xff, 0xff, 0xff, 0xff, 0xff, 0xff, 0xff, 0xff, 
    0xff, 0xff, 0xff, 0xff, 0xff, 0xff, 0xff, 0xff, 
    0xff, 0xff, 0xff, 0xff, 0xff, 0xff, 0xff, 0xff, 
    0xff, 0xff, 0xff, 0xff, 0xff, 0xff, 0xff, 0xff, 
    0xff, 0xff, 0xff, 0xff, 0xff, 0xff, 0xff, 0xff, 
    0xff, 0xff, 0xff, 0xff, 0xff, 0xff, 0xff, 0xff, 
    0xff, 0xff, 0xff, 0xff, 0xff, 0xff, 0xff, 0xff, 
    0xff, 0xff, 0xff, 0xff, 0xff, 0xff, 0xff, 0xff, 
    0xff, 0xff, 0xff, 0xff, 0xff, 0xff, 0xff, 0xff, 
    0xff, 0xff, 0xff, 0xff, 0xff, 0xff, 0xff, 0xff, 
    0xff, 0xff, 0xff, 0xff, 0xff, 0xff, 0xff, 0xff, 
    0xff, 0xff, 0xff, 0xff, 0xff, 0xff, 0xff, 0xff, 
    0xff, 0xff, 0xff, 0xff, 0xff, 0xff, 0xff, 0xff, 
    0xff, 0xff, 0xff, 0xff, 0xff, 0xff, 0xff, 0xff, 
    0xff, 0xff, 0xff, 0xff, 0xff, 0xff, 0xff, 0xff, 
    0xff, 0xff, 0xff, 0xff, 0xff, 0xff, 0xff, 0xff, 
    0xff, 0xff, 0xff, 0xff, 0xff, 0xff, 0xff, 0xff, 
    0xff, 0xff, 0xff, 0xff, 0xff, 0xff, 0xff, 0xff, 
    0xff, 0xff, 0xff, 0xff, 0xff, 0xff, 0xff, 0xff, 
    0xff, 0xff, 0xff, 0xff, 0xff, 0xff, 0xff, 0xff, 
    0xff, 0xff, 0xff, 0xff, 0xff, 0xff, 0xff, 0xff, 
    0xff, 0xff, 0xff, 0xff, 0xff, 0xff, 0xff, 0xff, 
    0xff, 0xff, 0xff, 0xff, 0xff, 0xff, 0xff, 0xff, 
    0xff, 0xff, 0xff, 0xff, 0xff, 0xff, 0xff, 0xff, 
    0xff, 0xff, 0xff, 0xff, 0xff, 0xff, 0xff, 0xf5, 
    0xbf, 0xec, 0xff, 0xeb, 0xbf, 0xf5, 0xff, 0xff, 
    0xff, 0xff, 0xff, 0xff, 0xff, 0xff, 0xff, 0xff, 
    0x78, 0x00, 0x57, 0xff, 0x4f, 0x00, 0x7f, 0xff, 
    0xff, 0xff, 0xff, 0xff, 0xff, 0xff, 0xff, 0xff, 
    0xff, 0x95, 0x06, 0x79, 0xff, 0x6f, 0x07, 0x9f, 
    0xff, 0xff, 0xff, 0xff, 0xff, 0xff, 0xff, 0xff, 
    0xff, 0xff, 0xff, 0xff, 0xff, 0xff, 0xff, 0xff, 
    0xff, 0xff, 0xff, 0xff, 0xff, 0xff, 0xff, 0xff, 
    0xff, 0xff, 0xff, 0xff, 0xdb, 0x08, 0x00, 0x11, 
    0xed, 0xff, 0xff, 0xff, 0xff, 0xff, 0xff, 0xff, 
    0xff, 0xff, 0xff, 0xff, 0xff, 0x85, 0x00, 0x00, 
    0x00, 0x9c, 0xff, 0xff, 0xff, 0xff, 0xff, 0xff, 
    0xff, 0xff, 0xff, 0xff, 0xff, 0xff, 0x2f, 0x00, 
    0x42, 0x00, 0x47, 0xff, 0xff, 0xff, 0xff, 0xff, 
    0xff, 0xff, 0xff, 0xff, 0xff, 0xff, 0xda, 0x00, 
    0x1f, 0xc5, 0x00, 0x04, 0xed, 0xff, 0xff, 0xff, 
    0xff, 0xff, 0xff, 0xff, 0xff, 0xff, 0xff, 0x85, 
    0x00, 0x70, 0xfe, 0x19, 0x00, 0x9c, 0xff, 0xff, 
    0xff, 0xff, 0xff, 0xff, 0xff, 0xff, 0xff, 0xff, 
    0x30, 0x00, 0xc2, 0xff, 0x69, 0x00, 0x47, 0xff, 
    0xff, 0xff, 0xff, 0xff, 0xff, 0xff, 0xff, 0xff, 
    0xdb, 0x00, 0x16, 0xfd, 0xff, 0xba, 0x00, 0x04, 
    0xed, 0xff, 0xff, 0xff, 0xff, 0xff, 0xff, 0xff, 
    0xff, 0x86, 0x00, 0x09, 0x23, 0x23, 0x20, 0x00, 
    0x00, 0x9d, 0xff, 0xff, 0xff, 0xff, 0xff, 0xff, 
    0xff, 0xff, 0x31, 0x00, 0x00, 0x00, 0x00, 0x00, 
    0x00, 0x00, 0x48, 0xff, 0xff, 0xff, 0xff, 0xff, 
    0xff, 0xff, 0xdc, 0x00, 0x03, 0xed, 0xff, 0xff, 
    0xff, 0xa0, 0x00, 0x05, 0xed, 0xff, 0xff, 0xff, 
    0xff, 0xff, 0xff, 0x87, 0x00, 0x3a, 0xff, 0xff, 
    0xff, 0xff, 0xea, 0x02, 0x00, 0x9d, 0xff, 0xff, 
    0xff, 0xff, 0xff, 0xff, 0x51, 0x02, 0x8f, 0xff, 
    0xff, 0xff, 0xff, 0xff, 0x3f, 0x00, 0x66, 0xff, 
    0xff, 0xff, 0xff, 0xff, 0xff, 0xff, 0xff, 0xff, 
    0xff, 0xff, 0xff, 0xff, 0xff, 0xff, 0xff, 0xff, 
    0xff, 0xff, 0xff, 0xff, 0xff, 0xff, 0xff, 0xff, 
    0xff, 0xff, 0xff, 0xff, 0xff, 0xff, 0xff, 0xff, 
    0xff, 0xff, 0xff, 0xff, 0xff, 0xff, 0xff, 0xff, 
    0xff, 0xff, 0xff, 0xff, 0xff, 0xff, 0xff, 0xff, 
    0xff, 0xff, 0xff, 0xff, 0xff, 0xff, 0xff, 0xff, 
    0xff, 0xff, 0xff, 0xff, 0xff, 0xff, 0xff, 0xff, 
    0xff, 0xff, 0xff, 0xff, 0xff, 0xff, 0xff, 0xff, 
    0xff, 0xff, 0xff, 0xff, 0xff, 0xff, 0xff, 0xff, 
    0xff, 0xff, 0xff, 0xff, 0xff, 0xff, 0xff, 0xff, 
    0xff, 0xff, 0xff, 0xff, 0xff, 0xff, 0xff, 0xff, 
    0xff, 0xff, 0xff, 0xff, 0xff, 0xff, 0xff, 0xff, 
    0xff, 0xff, 0xff, 0xff, 0xff, 0xff, 0xff, 0xff, 
    0xff, 0xff, 0xff, 0xff, 0xff, 0xff, 0xff, 0xff, 
    0xff, 0xff, 0xff, 0xff, 0xff, 0xff, 0xff, 0xff, 
    0xff, 0xff, 0xff, 0xff, 0xff, 0xff, 0xff, 0xff, 
    0xff, 0xff, 0xff, 0xff, 0xff, 0xff, 0xff, 0xff, 
    0xff, 0xff, 0xff, 0xff, 0xff, 0xff, 0xff, 0xff, 
    0xff, 0xff, 0xff, 0xff, 0xff, 0xff, 0xff, 0xff, 
    0xff, 0xff, 0xff, 0xff, 0xff, 0xff, 0xff, 0xff, 
    0xff, 0xff, 0xff, 0xff, 0xff, 0xff, 0xff, 0xff, 
    0xff, 0xff, 0xff, 0xff, 0xff, 0xff, 0xff, 0xff, 
    0xff, 0xff, 0xff, 0xff, 0xff, 0xff, 0xff, 0xff, 
    0xff, 0xff, 0xff, 0xff, 0xff, 0xff, 0xff, 0xff, 
    0xff, 0xff, 0xff, 0xff, 0xff, 0xff, 0xff, 0xff, 
    0xff, 0xff, 0xff, 0xff, 0xff, 0xff, 0xff, 0xff, 
    0xff, 0xff, 0xff, 0xff, 0xff, 0xff, 0xff, 0xff, 
    0xff, 0xff, 0xff, 0xff, 0xff, 0xff, 0xff, 0xff, 
    0xff, 0xff, 0xff, 0xff, 0xff, 0xff, 0xff, 0xff, 
    0xff, 0xff, 0xff, 0xff, 0xff, 0xff, 0xdb, 0x42, 
    0x1b, 0x3d, 0xd9, 0xff, 0xff, 0xff, 0xff, 0xff, 
    0xff, 0xff, 0xff, 0xff, 0xff, 0xff, 0xff, 0x72, 
    0x20, 0xd3, 0x19, 0x7a, 0xff, 0xff, 0xff, 0xff, 
    0xff, 0xff, 0xff, 0xff, 0xff, 0xff, 0xff, 0xff, 
    0xbb, 0x0e, 0x07, 0x18, 0xcb, 0xff, 0xff, 0xff, 
    0xff, 0xff, 0xff, 0xff, 0xff, 0xff, 0xff, 0xff, 
    0xff, 0xff, 0xfb, 0xeb, 0xfe, 0xff, 0xff, 0xff, 
    0xff, 0xff, 0xff, 0xff, 0xff, 0xff, 0xff, 0xff, 
    0xff, 0xff, 0xdb, 0x08, 0x00, 0x11, 0xed, 0xff, 
    0xff, 0xff, 0xff, 0xff, 0xff, 0xff, 0xff, 0xff, 
    0xff, 0xff, 0xff, 0x85, 0x00, 0x00, 0x00, 0x9c, 
    0xff, 0xff, 0xff, 0xff, 0xff, 0xff, 0xff, 0xff, 
    0xff, 0xff, 0xff, 0xff, 0x2f, 0x00, 0x42, 0x00, 
    0x47, 0xff, 0xff, 0xff, 0xff, 0xff, 0xff, 0xff, 
    0xff, 0xff, 0xff, 0xff, 0xda, 0x00, 0x1f, 0xc5, 
    0x00, 0x04, 0xed, 0xff, 0xff, 0xff, 0xff, 0xff, 
    0xff, 0xff, 0xff, 0xff, 0xff, 0x85, 0x00, 0x70, 
    0xfe, 0x19, 0x00, 0x9c, 0xff, 0xff, 0xff, 0xff, 
    0xff, 0xff, 0xff, 0xff, 0xff, 0xff, 0x30, 0x00, 
    0xc2, 0xff, 0x69, 0x00, 0x47, 0xff, 0xff, 0xff, 
    0xff, 0xff, 0xff, 0xff, 0xff, 0xff, 0xdb, 0x00, 
    0x16, 0xfd, 0xff, 0xba, 0x00, 0x04, 0xed, 0xff, 
    0xff, 0xff, 0xff, 0xff, 0xff, 0xff, 0xff, 0x86, 
    0x00, 0x09, 0x23, 0x23, 0x20, 0x00, 0x00, 0x9d, 
    0xff, 0xff, 0xff, 0xff, 0xff, 0xff, 0xff, 0xff, 
    0x31, 0x00, 0x00, 0x00, 0x00, 0x00, 0x00, 0x00, 
    0x48, 0xff, 0xff, 0xff, 0xff, 0xff, 0xff, 0xff, 
    0xdc, 0x00, 0x03, 0xed, 0xff, 0xff, 0xff, 0xa0, 
    0x00, 0x05, 0xed, 0xff, 0xff, 0xff, 0xff, 0xff, 
    0xff, 0x87, 0x00, 0x3a, 0xff, 0xff, 0xff, 0xff, 
    0xea, 0x02, 0x00, 0x9d, 0xff, 0xff, 0xff, 0xff, 
    0xff, 0xff, 0x51, 0x02, 0x8f, 0xff, 0xff, 0xff, 
    0xff, 0xff, 0x3f, 0x00, 0x66, 0xff, 0xff, 0xff, 
    0xff, 0xff, 0xff, 0xff, 0xff, 0xff, 0xff, 0xff, 
    0xff, 0xff, 0xff, 0xff, 0xff, 0xff, 0xff, 0xff, 
    0xff, 0xff, 0xff, 0xff, 0xff, 0xff, 0xff, 0xff, 
    0xff, 0xff, 0xff, 0xff, 0xff, 0xff, 0xff, 0xff, 
    0xff, 0xff, 0xff, 0xff, 0xff, 0xff, 0xff, 0xff, 
    0xff, 0xff, 0xff, 0xff, 0xff, 0xff, 0xff, 0xff, 
    0xff, 0xff, 0xff, 0xff, 0xff, 0xff, 0xff, 0xff, 
    0xff, 0xff, 0xff, 0xff, 0xff, 0xff, 0xff, 0xff, 
    0xff, 0xff, 0xff, 0xff, 0xff, 0xff, 0xff, 0xff, 
    0xff, 0xff, 0xff, 0xff, 0xff, 0xff, 0xff, 0xff, 
    0xff, 0xff, 0xff, 0xff, 0xff, 0xff, 0xff, 0xff, 
    0xff, 0xff, 0xff, 0xff, 0xff, 0xff, 0xff, 0xff, 
    0xff, 0xff, 0xff, 0xff, 0xff, 0xff, 0xff, 0xff, 
    0xff, 0xff, 0xff, 0xff, 0xff, 0xff, 0xff, 0xff, 
    0xff, 0xff, 0xff, 0xff, 0xff, 0xff, 0xff, 0xff, 
    0xff, 0xff, 0xff, 0xff, 0xff, 0xff, 0xff, 0xff, 
    0xff, 0xff, 0xff, 0xff, 0xff, 0xff, 0xff, 0xff, 
    0xff, 0xff, 0xff, 0xff, 0xff, 0xff, 0xff, 0xff, 
    0xff, 0xff, 0xff, 0xff, 0xff, 0xff, 0xff, 0xff, 
    0xff, 0xff, 0xff, 0xff, 0xff, 0xff, 0xff, 0xff, 
    0xff, 0xff, 0xff, 0xff, 0xff, 0xff, 0xff, 0xff, 
    0xff, 0xff, 0xff, 0xff, 0xff, 0xff, 0xff, 0xff, 
    0xff, 0xff, 0xff, 0xff, 0xff, 0xff, 0xff, 0xff, 
    0xff, 0xff, 0xff, 0xff, 0xff, 0xff, 0xff, 0xff, 
    0xff, 0xff, 0xff, 0xff, 0xff, 0xff, 0xff, 0xff, 
    0xff, 0xff, 0xff, 0xff, 0xff, 0xff, 0xff, 0xff, 
    0xff, 0xff, 0xff, 0xff, 0xff, 0xff, 0xff, 0xff, 
    0xff, 0xff, 0xff, 0xff, 0xff, 0xff, 0xff, 0xff, 
    0xff, 0xff, 0xff, 0xff, 0xff, 0xff, 0xff, 0xff, 
    0xff, 0xff, 0xff, 0xff, 0xff, 0xff, 0xff, 0xff, 
    0xff, 0xff, 0xff, 0xff, 0xff, 0xff, 0xff, 0xff, 
    0xff, 0xff, 0xff, 0xff, 0xff, 0xff, 0xff, 0xff, 
    0xff, 0xff, 0xff, 0xff, 0xff, 0xff, 0xff, 0xff, 
    0xff, 0xff, 0xff, 0xff, 0xff, 0xff, 0xff, 0xff, 
    0xff, 0xff, 0xff, 0xff, 0xff, 0xff, 0xff, 0xff, 
    0xff, 0xff, 0xff, 0xff, 0xff, 0xff, 0xff, 0xff, 
    0xff, 0xff, 0xff, 0xff, 0xff, 0xff, 0xff, 0xff, 
    0xff, 0xff, 0xff, 0xff, 0xff, 0xff, 0xff, 0xff, 
    0xff, 0xff, 0xff, 0xff, 0xff, 0xff, 0xff, 0xff, 
    0xff, 0xff, 0xff, 0xff, 0xff, 0xff, 0xff, 0xff, 
    0xff, 0xff, 0xff, 0xff, 0xff, 0xff, 0xff, 0xff, 
    0xff, 0xff, 0xff, 0xff, 0xff, 0xff, 0xff, 0xff, 
    0xff, 0xff, 0xff, 0xff, 0xff, 0xff, 0xff, 0xff, 
    0xff, 0xff, 0xff, 0xff, 0xff, 0xff, 0xff, 0xff, 
    0xff, 0xff, 0xd0, 0x0a, 0x00, 0x00, 0x00, 0x00, 
    0x00, 0x00, 0x04, 0xf3, 0xff, 0xff, 0xff, 0xff, 
    0xff, 0xff, 0xff, 0xff, 0xff, 0xff, 0xff, 0x55, 
    0x00, 0x02, 0x00, 0x0a, 0x23, 0x23, 0x23, 0x28, 
    0xf6, 0xff, 0xff, 0xff, 0xff, 0xff, 0xff, 0xff, 
    0xff, 0xff, 0xff, 0xda, 0x02, 0x04, 0x4f, 0x00, 
    0x4b, 0xff, 0xff, 0xff, 0xff, 0xff, 0xff, 0xff, 
    0xff, 0xff, 0xff, 0xff, 0xff, 0xff, 0xff, 0xff, 
    0x62, 0x00, 0x57, 0x6b, 0x00, 0x4b, 0xff, 0xff, 
    0xff, 0xff, 0xff, 0xff, 0xff, 0xff, 0xff, 0xff, 
    0xff, 0xff, 0xff, 0xff, 0xe3, 0x06, 0x00, 0xc6, 
    0x6b, 0x00, 0x4b, 0xff, 0xff, 0xff, 0xff, 0xff, 
    0xff, 0xff, 0xff, 0xff, 0xff, 0xff, 0xff, 0xff, 
    0xff, 0x6f, 0x00, 0x35, 0xff, 0x6b, 0x00, 0x00, 
    0x00, 0x00, 0x00, 0x93, 0xff, 0xff, 0xff, 0xff, 
    0xff, 0xff, 0xff, 0xff, 0xff, 0xeb, 0x0a, 0x00, 
    0xa5, 0xff, 0x6b, 0x00, 0x09, 0x1f, 0x1f, 0x1f, 
    0xa3, 0xff, 0xff, 0xff, 0xff, 0xff, 0xff, 0xff, 
    0xff, 0xff, 0x7c, 0x00, 0x19, 0xfa, 0xff, 0x6b, 
    0x00, 0x4b, 0xff, 0xff, 0xff, 0xff, 0xff, 0xff, 
    0xff, 0xff, 0xff, 0xff, 0xff, 0xff, 0xf2, 0x10, 
    0x00, 0x00, 0x00, 0x00, 0x00, 0x00, 0x4b, 0xff, 
    0xff, 0xff, 0xff, 0xff, 0xff, 0xff, 0xff, 0xff, 
    0xff, 0xff, 0xff, 0x89, 0x00, 0x02, 0x27, 0x27, 
    0x27, 0x10, 0x00, 0x4b, 0xff, 0xff, 0xff, 0xff, 
    0xff, 0xff, 0xff, 0xff, 0xff, 0xff, 0xff, 0xf7, 
    0x18, 0x00, 0x64, 0xff, 0xff, 0xff, 0x6b, 0x00, 
    0x08, 0x1b, 0x1b, 0x1b, 0x1e, 0xee, 0xff, 0xff, 
    0xff, 0xff, 0xff, 0xff, 0xb3, 0x00, 0x17, 0xe8, 
    0xff, 0xff, 0xff, 0x86, 0x00, 0x00, 0x00, 0x00, 
    0x00, 0x02, 0xea, 0xff, 0xff, 0xff, 0xff, 0xff, 
    0xff, 0xff, 0xff, 0xff, 0xff, 0xff, 0xff, 0xff, 
    0xff, 0xff, 0xff, 0xff, 0xff, 0xff, 0xff, 0xff, 
    0xff, 0xff, 0xff, 0xff, 0xff, 0xff, 0xff, 0xff, 
    0xff, 0xff, 0xff, 0xff, 0xff, 0xff, 0xff, 0xff, 
    0xff, 0xff, 0xff, 0xff, 0xff, 0xff, 0xff, 0xff, 
    0xff, 0xff, 0xff, 0xff, 0xff, 0xff, 0xff, 0xff, 
    0xff, 0xff, 0xff, 0xff, 0xff, 0xff, 0xff, 0xff, 
    0xff, 0xff, 0xff, 0xff, 0xff, 0xff, 0xff, 0xff, 
    0xff, 0xff, 0xff, 0xff, 0xff, 0xff, 0xff, 0xff, 
    0xff, 0xff, 0xff, 0xff, 0xff, 0xff, 0xff, 0xff, 
    0xff, 0xff, 0xff, 0xff, 0xff, 0xff, 0xff, 0xff, 
    0xff, 0xff, 0xff, 0xff, 0xff, 0xff, 0xff, 0xff, 
    0xff, 0xff, 0xff, 0xff, 0xff, 0xff, 0xff, 0xff, 
    0xff, 0xff, 0xff, 0xff, 0xff, 0xff, 0xff, 0xff, 
    0xff, 0xff, 0xff, 0xff, 0xff, 0xff, 0xff, 0xff, 
    0xff, 0xff, 0xff, 0xff, 0xff, 0xff, 0xff, 0xff, 
    0xff, 0xff, 0xff, 0xff, 0xff, 0xff, 0xff, 0xff, 
    0xff, 0xff, 0xff, 0xff, 0xff, 0xff, 0xff, 0xff, 
    0xff, 0xff, 0xff, 0xff, 0xff, 0xff, 0xff, 0xff, 
    0xff, 0xff, 0xff, 0xff, 0xff, 0xff, 0xff, 0xff, 
    0xff, 0xff, 0xff, 0xff, 0xff, 0xff, 0xff, 0xff, 
    0xff, 0xff, 0xff, 0xff, 0xff, 0xff, 0xff, 0xff, 
    0xff, 0xff, 0xff, 0xff, 0xff, 0xff, 0xff, 0xff, 
    0xff, 0xff, 0xff, 0xff, 0xff, 0xff, 0xff, 0xff, 
    0xff, 0xff, 0xff, 0xff, 0xff, 0xff, 0xff, 0xff, 
    0xff, 0xff, 0xff, 0xff, 0xff, 0xff, 0xff, 0xff, 
    0xff, 0xff, 0xff, 0xff, 0xff, 0xff, 0xff, 0xff, 
    0xff, 0xff, 0xff, 0xff, 0xff, 0xff, 0xff, 0xff, 
    0xff, 0xff, 0xff, 0xff, 0xff, 0xff, 0xff, 0xff, 
    0xff, 0xff, 0xff, 0xff, 0xff, 0xff, 0xff, 0xff, 
    0xff, 0xff, 0xff, 0xff, 0xff, 0xff, 0xff, 0xff, 
    0xff, 0xff, 0xff, 0xff, 0xff, 0xff, 0xff, 0xff, 
    0xff, 0xff, 0xff, 0xff, 0xff, 0xff, 0xff, 0xff, 
    0xff, 0xff, 0xff, 0xff, 0xff, 0xff, 0xff, 0xff, 
    0xff, 0xff, 0xff, 0xff, 0xff, 0xff, 0xff, 0xff, 
    0xff, 0xff, 0xff, 0xff, 0xff, 0xff, 0xff, 0xff, 
    0xff, 0xff, 0xff, 0xff, 0xff, 0xff, 0xff, 0xff, 
    0xff, 0xff, 0xff, 0xff, 0xff, 0xff, 0xff, 0xff, 
    0xff, 0xff, 0xff, 0xff, 0xff, 0xff, 0xff, 0xff, 
    0xff, 0xff, 0xff, 0xff, 0xff, 0xff, 0xff, 0xff, 
    0xff, 0xff, 0xff, 0xff, 0xff, 0xff, 0xff, 0xff, 
    0xff, 0xff, 0xff, 0xfb, 0x96, 0x35, 0x0b, 0x0e, 
    0x45, 0xb8, 0xff, 0xff, 0xff, 0xff, 0xff, 0xff, 
    0xff, 0xff, 0xfc, 0x4b, 0x00, 0x00, 0x00, 0x00, 
    0x00, 0x03, 0xf6, 0xff, 0xff, 0xff, 0xff, 0xff, 
    0xff, 0xff, 0x8a, 0x00, 0x00, 0x5e, 0xe1, 0xe7, 
    0xa2, 0x20, 0xf6, 0xff, 0xff, 0xff, 0xff, 0xff, 
    0xff, 0xfe, 0x1a, 0x00, 0x3a, 0xff, 0xff, 0xff, 
    0xff, 0xff, 0xff, 0xff, 0xff, 0xff, 0xff, 0xff, 
    0xff, 0xd7, 0x00, 0x00, 0x9e, 0xff, 0xff, 0xff, 
    0xff, 0xff, 0xff, 0xff, 0xff, 0xff, 0xff, 0xff, 
    0xff, 0xb9, 0x00, 0x00, 0xc1, 0xff, 0xff, 0xff, 
    0xff, 0xff, 0xff, 0xff, 0xff, 0xff, 0xff, 0xff, 
    0xff, 0xb6, 0x00, 0x00, 0xc9, 0xff, 0xff, 0xff, 
    0xff, 0xff, 0xff, 0xff, 0xff, 0xff, 0xff, 0xff, 
    0xff, 0xce, 0x00, 0x00, 0xa7, 0xff, 0xff, 0xff, 
    0xff, 0xff, 0xff, 0xff, 0xff, 0xff, 0xff, 0xff, 
    0xff, 0xfa, 0x0d, 0x00, 0x40, 0xff, 0xff, 0xff, 
    0xff, 0xff, 0xff, 0xff, 0xff, 0xff, 0xff, 0xff, 
    0xff, 0xff, 0x6f, 0x00, 0x00, 0x60, 0xcd, 0xe0, 
    0xa7, 0x2b, 0xed, 0xff, 0xff, 0xff, 0xff, 0xff, 
    0xff, 0xff, 0xf2, 0x34, 0x00, 0x00, 0x00, 0x00, 
    0x00, 0x04, 0xf1, 0xff, 0xff, 0xff, 0xff, 0xff, 
    0xff, 0xff, 0xff, 0xf7, 0x92, 0x3e, 0x00, 0x12, 
    0x55, 0xc5, 0xff, 0xff, 0xff, 0xff, 0xff, 0xff, 
    0xff, 0xff, 0xff, 0xff, 0xff, 0xfb, 0x18, 0x2c, 
    0xff, 0xff, 0xff, 0xff, 0xff, 0xff, 0xff, 0xff, 
    0xff, 0xff, 0xff, 0xff, 0xb5, 0x6d, 0x0f, 0x02, 
    0xfa, 0xff, 0xff, 0xff, 0xff, 0xff, 0xff, 0xff, 
    0xff, 0xff, 0xff, 0xff, 0x92, 0x0f, 0x0b, 0x76, 
    0xff, 0xff, 0xff, 0xff, 0xff, 0xff, 0xff, 0xff, 
    0xff, 0xff, 0xff, 0xff, 0xff, 0xff, 0xff, 0xff, 
    0xff, 0xff, 0xff, 0xff, 0xff, 0xff, 0xff, 0xff, 
    0xff, 0xff, 0xff, 0xff, 0xff, 0xff, 0xff, 0xff, 
    0xff, 0xff, 0xff, 0xff, 0xff, 0xff, 0xff, 0xff, 
    0xff, 0xff, 0xff, 0xff, 0xff, 0xff, 0xff, 0xff, 
    0xff, 0xff, 0xff, 0xff, 0xff, 0xff, 0xff, 0xff, 
    0xff, 0xff, 0xff, 0xff, 0xff, 0xff, 0xff, 0xff, 
    0xff, 0xff, 0xff, 0xff, 0xff, 0xff, 0xff, 0xff, 
    0xff, 0xff, 0xff, 0xff, 0xff, 0xff, 0xff, 0xff, 
    0xff, 0xff, 0xff, 0xff, 0xff, 0xff, 0xff, 0xff, 
    0xff, 0xff, 0xff, 0xff, 0xff, 0xff, 0xff, 0xff, 
    0xff, 0xff, 0xff, 0xff, 0xff, 0xff, 0xff, 0xff, 
    0xff, 0xff, 0xff, 0xff, 0xff, 0xff, 0xff, 0xff, 
    0xff, 0xff, 0xff, 0xff, 0xff, 0xff, 0xff, 0xff, 
    0xff, 0xff, 0xff, 0xff, 0xff, 0xff, 0xff, 0xff, 
    0xff, 0xff, 0xff, 0xff, 0xff, 0xff, 0xff, 0xff, 
    0xff, 0xff, 0xff, 0xff, 0xff, 0xff, 0xff, 0xff, 
    0xff, 0xff, 0xff, 0xff, 0xff, 0xff, 0xff, 0xff, 
    0xff, 0xff, 0xff, 0xff, 0xff, 0xff, 0xff, 0xff, 
    0xff, 0xff, 0xff, 0xff, 0xff, 0xff, 0xff, 0xff, 
    0xff, 0xff, 0xff, 0xff, 0xff, 0xff, 0xcc, 0x82, 
    0xb2, 0xff, 0xff, 0xff, 0xff, 0xff, 0xff, 0xff, 
    0xff, 0xff, 0xff, 0xff, 0xdc, 0x1a, 0x01, 0xb5, 
    0xff, 0xff, 0xff, 0xff, 0xff, 0xff, 0xff, 0xff, 
    0xff, 0xff, 0xff, 0xd9, 0x18, 0x11, 0xdd, 0xff, 
    0xff, 0xff, 0xff, 0xff, 0xff, 0xff, 0xff, 0xff, 
    0xff, 0xff, 0xdc, 0x84, 0xc3, 0xff, 0xff, 0xff, 
    0xff, 0xff, 0xff, 0xff, 0xff, 0xff, 0x60, 0x00, 
    0x00, 0x00, 0x00, 0x00, 0x1f, 0xff, 0xff, 0xff, 
    0xff, 0xff, 0xff, 0xff, 0x3b, 0x00, 0x0c, 0x1b, 
    0x1b, 0x1b, 0x39, 0xff, 0xff, 0xff, 0xff, 0xff, 
    0xff, 0xff, 0x3b, 0x00, 0x73, 0xff, 0xff, 0xff, 
    0xff, 0xff, 0xff, 0xff, 0xff, 0xff, 0xff, 0xff, 
    0x3b, 0x00, 0x73, 0xff, 0xff, 0xff, 0xff, 0xff, 
    0xff, 0xff, 0xff, 0xff, 0xff, 0xff, 0x3b, 0x00, 
    0x73, 0xff, 0xff, 0xff, 0xff, 0xff, 0xff, 0xff, 
    0xff, 0xff, 0xff, 0xff, 0x3b, 0x00, 0x00, 0x00, 
    0x00, 0x00, 0xbb, 0xff, 0xff, 0xff, 0xff, 0xff, 
    0xff, 0xff, 0x3b, 0x00, 0x12, 0x27, 0x27, 0x28, 
    0xc8, 0xff, 0xff, 0xff, 0xff, 0xff, 0xff, 0xff, 
    0x3b, 0x00, 0x73, 0xff, 0xff, 0xff, 0xff, 0xff, 
    0xff, 0xff, 0xff, 0xff, 0xff, 0xff, 0x3b, 0x00, 
    0x73, 0xff, 0xff, 0xff, 0xff, 0xff, 0xff, 0xff, 
    0xff, 0xff, 0xff, 0xff, 0x3b, 0x00, 0x73, 0xff, 
    0xff, 0xff, 0xff, 0xff, 0xff, 0xff, 0xff, 0xff, 
    0xff, 0xff, 0x3b, 0x00, 0x0c, 0x1b, 0x1b, 0x1b, 
    0x30, 0xff, 0xff, 0xff, 0xff, 0xff, 0xff, 0xff, 
    0x5f, 0x00, 0x00, 0x00, 0x00, 0x00, 0x13, 0xff, 
    0xff, 0xff, 0xff, 0xff, 0xff, 0xff, 0xff, 0xff, 
    0xff, 0xff, 0xff, 0xff, 0xff, 0xff, 0xff, 0xff, 
    0xff, 0xff, 0xff, 0xff, 0xff, 0xff, 0xff, 0xff, 
    0xff, 0xff, 0xff, 0xff, 0xff, 0xff, 0xff, 0xff, 
    0xff, 0xff, 0xff, 0xff, 0xff, 0xff, 0xff, 0xff, 
    0xff, 0xff, 0xff, 0xff, 0xff, 0xff, 0xff, 0xff, 
    0xff, 0xff, 0xff, 0xff, 0xff, 0xff, 0xff, 0xff, 
    0xff, 0xff, 0xff, 0xff, 0xff, 0xff, 0xff, 0xff, 
    0xff, 0xff, 0xff, 0xff, 0xff, 0xff, 0xff, 0xff, 
    0xff, 0xff, 0xff, 0xff, 0xff, 0xff, 0xff, 0xff, 
    0xff, 0xff, 0xff, 0xff, 0xff, 0xff, 0xff, 0xff, 
    0xff, 0xff, 0xff, 0xff, 0xff, 0xff, 0xff, 0xff, 
    0xff, 0xff, 0xff, 0xff, 0xff, 0xff, 0xff, 0xff, 
    0xff, 0xff, 0xff, 0xff, 0xff, 0xff, 0xff, 0xff, 
    0xff, 0xff, 0xff, 0xff, 0xff, 0xff, 0xff, 0xff, 
    0xff, 0xff, 0xff, 0xff, 0xff, 0xff, 0xff, 0xff, 
    0xff, 0xff, 0xff, 0xff, 0xff, 0xff, 0xff, 0xff, 
    0xff, 0xff, 0xff, 0xff, 0xff, 0xff, 0xff, 0xff, 
    0xff, 0xff, 0xff, 0xff, 0xff, 0xff, 0xff, 0xff, 
    0xff, 0xff, 0xff, 0xff, 0xff, 0xff, 0xff, 0xff, 
    0xff, 0xff, 0xff, 0xff, 0xff, 0xff, 0xff, 0xff, 
    0xff, 0xff, 0xff, 0xff, 0xff, 0xff, 0xff, 0xff, 
    0xff, 0xff, 0xff, 0xff, 0xff, 0xff, 0xff, 0xff, 
    0xff, 0xff, 0xff, 0xff, 0xff, 0xff, 0xff, 0xff, 
    0xff, 0xff, 0xff, 0xff, 0xff, 0xff, 0xff, 0xc1, 
    0x81, 0xbf, 0xff, 0xff, 0xff, 0xff, 0xff, 0xff, 
    0xff, 0xff, 0xff, 0xce, 0x08, 0x0e, 0xc9, 0xff, 
    0xff, 0xff, 0xff, 0xff, 0xff, 0xff, 0xff, 0xed, 
    0x20, 0x0c, 0xc5, 0xff, 0xff, 0xff, 0xff, 0xff, 
    0xff, 0xff, 0xff, 0xff, 0xd2, 0x82, 0xce, 0xff, 
    0xff, 0xff, 0xff, 0xff, 0xff, 0xff, 0xff, 0x60, 
    0x00, 0x00, 0x00, 0x00, 0x00, 0x1f, 0xff, 0xff, 
    0xff, 0xff, 0xff, 0xff, 0x3b, 0x00, 0x0c, 0x1b, 
    0x1b, 0x1b, 0x39, 0xff, 0xff, 0xff, 0xff, 0xff, 
    0xff, 0x3b, 0x00, 0x73, 0xff, 0xff, 0xff, 0xff, 
    0xff, 0xff, 0xff, 0xff, 0xff, 0xff, 0x3b, 0x00, 
    0x73, 0xff, 0xff, 0xff, 0xff, 0xff, 0xff, 0xff, 
    0xff, 0xff, 0xff, 0x3b, 0x00, 0x73, 0xff, 0xff, 
    0xff, 0xff, 0xff, 0xff, 0xff, 0xff, 0xff, 0xff, 
    0x3b, 0x00, 0x00, 0x00, 0x00, 0x00, 0xbb, 0xff, 
    0xff, 0xff, 0xff, 0xff, 0xff, 0x3b, 0x00, 0x12, 
    0x27, 0x27, 0x28, 0xc8, 0xff, 0xff, 0xff, 0xff, 
    0xff, 0xff, 0x3b, 0x00, 0x73, 0xff, 0xff, 0xff, 
    0xff, 0xff, 0xff, 0xff, 0xff, 0xff, 0xff, 0x3b, 
    0x00, 0x73, 0xff, 0xff, 0xff, 0xff, 0xff, 0xff, 
    0xff, 0xff, 0xff, 0xff, 0x3b, 0x00, 0x73, 0xff, 
    0xff, 0xff, 0xff, 0xff, 0xff, 0xff, 0xff, 0xff, 
    0xff, 0x3b, 0x00, 0x0c, 0x1b, 0x1b, 0x1b, 0x30, 
    0xff, 0xff, 0xff, 0xff, 0xff, 0xff, 0x5f, 0x00, 
    0x00, 0x00, 0x00, 0x00, 0x13, 0xff, 0xff, 0xff, 
    0xff, 0xff, 0xff, 0xff, 0xff, 0xff, 0xff, 0xff, 
    0xff, 0xff, 0xff, 0xff, 0xff, 0xff, 0xff, 0xff, 
    0xff, 0xff, 0xff, 0xff, 0xff, 0xff, 0xff, 0xff, 
    0xff, 0xff, 0xff, 0xff, 0xff, 0xff, 0xff, 0xff, 
    0xff, 0xff, 0xff, 0xff, 0xff, 0xff, 0xff, 0xff, 
    0xff, 0xff, 0xff, 0xff, 0xff, 0xff, 0xff, 0xff, 
    0xff, 0xff, 0xff, 0xff, 0xff, 0xff, 0xff, 0xff, 
    0xff, 0xff, 0xff, 0xff, 0xff, 0xff, 0xff, 0xff, 
    0xff, 0xff, 0xff, 0xff, 0xff, 0xff, 0xff, 0xff, 
    0xff, 0xff, 0xff, 0xff, 0xff, 0xff, 0xff, 0xff, 
    0xff, 0xff, 0xff, 0xff, 0xff, 0xff, 0xff, 0xff, 
    0xff, 0xff, 0xff, 0xff, 0xff, 0xff, 0xff, 0xff, 
    0xff, 0xff, 0xff, 0xff, 0xff, 0xff, 0xff, 0xff, 
    0xff, 0xff, 0xff, 0xff, 0xff, 0xff, 0xff, 0xff, 
    0xff, 0xff, 0xff, 0xff, 0xff, 0xff, 0xff, 0xff, 
    0xff, 0xff, 0xff, 0xff, 0xff, 0xff, 0xff, 0xff, 
    0xff, 0xff, 0xff, 0xff, 0xff, 0xff, 0xff, 0xff, 
    0xff, 0xff, 0xff, 0xff, 0xff, 0xff, 0xff, 0xff, 
    0xff, 0xff, 0xff, 0xff, 0xff, 0xff, 0xff, 0xff, 
    0xff, 0xff, 0xff, 0xff, 0xff, 0xff, 0xff, 0xff, 
    0xff, 0xff, 0xff, 0xff, 0xff, 0xff, 0xff, 0xff, 
    0xff, 0xff, 0xff, 0xff, 0xff, 0xff, 0xff, 0xff, 
    0xff, 0xff, 0xff, 0xff, 0xff, 0xff, 0xff, 0xff, 
    0xff, 0xff, 0xff, 0xff, 0xff, 0xff, 0xff, 0xff, 
    0xff, 0xff, 0xbe, 0x80, 0xa4, 0xff, 0xff, 0xff, 
    0xff, 0xff, 0xff, 0xff, 0xff, 0xff, 0xff, 0xc4, 
    0x05, 0x05, 0x00, 0x9d, 0xff, 0xff, 0xff, 0xff, 
    0xff, 0xff, 0xff, 0xff, 0xe5, 0x18, 0x0f, 0xcf, 
    0x29, 0x06, 0xc5, 0xff, 0xff, 0xff, 0xff, 0xff, 
    0xff, 0xff, 0xc4, 0x80, 0xc6, 0xff, 0xdb, 0x81, 
    0xa9, 0xff, 0xff, 0xff, 0xff, 0xff, 0xff, 0xff, 
    0x60, 0x00, 0x00, 0x00, 0x00, 0x00, 0x1f, 0xff, 
    0xff, 0xff, 0xff, 0xff, 0xff, 0xff, 0x3b, 0x00, 
    0x0c, 0x1b, 0x1b, 0x1b, 0x39, 0xff, 0xff, 0xff, 
    0xff, 0xff, 0xff, 0xff, 0x3b, 0x00, 0x73, 0xff, 
    0xff, 0xff, 0xff, 0xff, 0xff, 0xff, 0xff, 0xff, 
    0xff, 0xff, 0x3b, 0x00, 0x73, 0xff, 0xff, 0xff, 
    0xff, 0xff, 0xff, 0xff, 0xff, 0xff, 0xff, 0xff, 
    0x3b, 0x00, 0x73, 0xff, 0xff, 0xff, 0xff, 0xff, 
    0xff, 0xff, 0xff, 0xff, 0xff, 0xff, 0x3b, 0x00, 
    0x00, 0x00, 0x00, 0x00, 0xbb, 0xff, 0xff, 0xff, 
    0xff, 0xff, 0xff, 0xff, 0x3b, 0x00, 0x12, 0x27, 
    0x27, 0x28, 0xc8, 0xff, 0xff, 0xff, 0xff, 0xff, 
    0xff, 0xff, 0x3b, 0x00, 0x73, 0xff, 0xff, 0xff, 
    0xff, 0xff, 0xff, 0xff, 0xff, 0xff, 0xff, 0xff, 
    0x3b, 0x00, 0x73, 0xff, 0xff, 0xff, 0xff, 0xff, 
    0xff, 0xff, 0xff, 0xff, 0xff, 0xff, 0x3b, 0x00, 
    0x73, 0xff, 0xff, 0xff, 0xff, 0xff, 0xff, 0xff, 
    0xff, 0xff, 0xff, 0xff, 0x3b, 0x00, 0x0c, 0x1b, 
    0x1b, 0x1b, 0x30, 0xff, 0xff, 0xff, 0xff, 0xff, 
    0xff, 0xff, 0x5f, 0x00, 0x00, 0x00, 0x00, 0x00, 
    0x13, 0xff, 0xff, 0xff, 0xff, 0xff, 0xff, 0xff, 
    0xff, 0xff, 0xff, 0xff, 0xff, 0xff, 0xff, 0xff, 
    0xff, 0xff, 0xff, 0xff, 0xff, 0xff, 0xff, 0xff, 
    0xff, 0xff, 0xff, 0xff, 0xff, 0xff, 0xff, 0xff, 
    0xff, 0xff, 0xff, 0xff, 0xff, 0xff, 0xff, 0xff, 
    0xff, 0xff, 0xff, 0xff, 0xff, 0xff, 0xff, 0xff, 
    0xff, 0xff, 0xff, 0xff, 0xff, 0xff, 0xff, 0xff, 
    0xff, 0xff, 0xff, 0xff, 0xff, 0xff, 0xff, 0xff, 
    0xff, 0xff, 0xff, 0xff, 0xff, 0xff, 0xff, 0xff, 
    0xff, 0xff, 0xff, 0xff, 0xff, 0xff, 0xff, 0xff, 
    0xff, 0xff, 0xff, 0xff, 0xff, 0xff, 0xff, 0xff, 
    0xff, 0xff, 0xff, 0xff, 0xff, 0xff, 0xff, 0xff, 
    0xff, 0xff, 0xff, 0xff, 0xff, 0xff, 0xff, 0xff, 
    0xff, 0xff, 0xff, 0xff, 0xff, 0xff, 0xff, 0xff, 
    0xff, 0xff, 0xff, 0xff, 0xff, 0xff, 0xff, 0xff, 
    0xff, 0xff, 0xff, 0xff, 0xff, 0xff, 0xff, 0xff, 
    0xff, 0xff, 0xff, 0xff, 0xff, 0xff, 0xff, 0xff, 
    0xff, 0xff, 0xff, 0xff, 0xff, 0xff, 0xff, 0xff, 
    0xff, 0xff, 0xff, 0xff, 0xff, 0xff, 0xff, 0xff, 
    0xff, 0xff, 0xff, 0xff, 0xff, 0xff, 0xff, 0xff, 
    0xff, 0xff, 0xff, 0xff, 0xff, 0xff, 0xff, 0xff, 
    0xff, 0xff, 0xff, 0xff, 0xff, 0xff, 0xff, 0xff, 
    0xff, 0xff, 0xff, 0xff, 0xff, 0xff, 0xff, 0xff, 
    0xff, 0xff, 0xff, 0xff, 0xff, 0xff, 0xff, 0xff, 
    0xff, 0xff, 0xff, 0xff, 0xff, 0xff, 0xff, 0xff, 
    0xff, 0xff, 0xff, 0xff, 0xfc, 0xc2, 0xe2, 0xff, 
    0xf5, 0xbf, 0xec, 0xff, 0xff, 0xff, 0xff, 0xff, 
    0xff, 0xff, 0xa3, 0x00, 0x2b, 0xff, 0x7b, 0x00, 
    0x57, 0xff, 0xff, 0xff, 0xff, 0xff, 0xff, 0xff, 
    0xbd, 0x09, 0x4f, 0xff, 0x97, 0x06, 0x79, 0xff, 
    0xff, 0xff, 0xff, 0xff, 0xff, 0xff, 0xff, 0xff, 
    0xff, 0xff, 0xff, 0xff, 0xff, 0xff, 0xff, 0xff, 
    0xff, 0xff, 0xff, 0xff, 0x60, 0x00, 0x00, 0x00, 
    0x00, 0x00, 0x1f, 0xff, 0xff, 0xff, 0xff, 0xff, 
    0xff, 0xff, 0x3b, 0x00, 0x0c, 0x1b, 0x1b, 0x1b, 
    0x39, 0xff, 0xff, 0xff, 0xff, 0xff, 0xff, 0xff, 
    0x3b, 0x00, 0x73, 0xff, 0xff, 0xff, 0xff, 0xff, 
    0xff, 0xff, 0xff, 0xff, 0xff, 0xff, 0x3b, 0x00, 
    0x73, 0xff, 0xff, 0xff, 0xff, 0xff, 0xff, 0xff, 
    0xff, 0xff, 0xff, 0xff, 0x3b, 0x00, 0x73, 0xff, 
    0xff, 0xff, 0xff, 0xff, 0xff, 0xff, 0xff, 0xff, 
    0xff, 0xff, 0x3b, 0x00, 0x00, 0x00, 0x00, 0x00, 
    0xbb, 0xff, 0xff, 0xff, 0xff, 0xff, 0xff, 0xff, 
    0x3b, 0x00, 0x12, 0x27, 0x27, 0x28, 0xc8, 0xff, 
    0xff, 0xff, 0xff, 0xff, 0xff, 0xff, 0x3b, 0x00, 
    0x73, 0xff, 0xff, 0xff, 0xff, 0xff, 0xff, 0xff, 
    0xff, 0xff, 0xff, 0xff, 0x3b, 0x00, 0x73, 0xff, 
    0xff, 0xff, 0xff, 0xff, 0xff, 0xff, 0xff, 0xff, 
    0xff, 0xff, 0x3b, 0x00, 0x73, 0xff, 0xff, 0xff, 
    0xff, 0xff, 0xff, 0xff, 0xff, 0xff, 0xff, 0xff, 
    0x3b, 0x00, 0x0c, 0x1b, 0x1b, 0x1b, 0x30, 0xff, 
    0xff, 0xff, 0xff, 0xff, 0xff, 0xff, 0x5f, 0x00, 
    0x00, 0x00, 0x00, 0x00, 0x13, 0xff, 0xff, 0xff, 
    0xff, 0xff, 0xff, 0xff, 0xff, 0xff, 0xff, 0xff, 
    0xff, 0xff, 0xff, 0xff, 0xff, 0xff, 0xff, 0xff, 
    0xff, 0xff, 0xff, 0xff, 0xff, 0xff, 0xff, 0xff, 
    0xff, 0xff, 0xff, 0xff, 0xff, 0xff, 0xff, 0xff, 
    0xff, 0xff, 0xff, 0xff, 0xff, 0xff, 0xff, 0xff, 
    0xff, 0xff, 0xff, 0xff, 0xff, 0xff, 0xff, 0xff, 
    0xff, 0xff, 0xff, 0xff, 0xff, 0xff, 0xff, 0xff, 
    0xff, 0xff, 0xff, 0xff, 0xff, 0xff, 0xff, 0xff, 
    0xff, 0xff, 0xff, 0xff, 0xff, 0xff, 0xff, 0xff, 
    0xff, 0xff, 0xff, 0xff, 0xff, 0xff, 0xff, 0xff, 
    0xff, 0xff, 0xff, 0xff, 0xff, 0xff, 0xff, 0xff, 
    0xff, 0xff, 0xff, 0xff, 0xff, 0xff, 0xff, 0xff, 
    0xff, 0xff, 0xff, 0xff, 0xff, 0xff, 0xff, 0xff, 
    0xff, 0xff, 0xff, 0xff, 0xff, 0xff, 0xff, 0xff, 
    0xff, 0xff, 0xff, 0xff, 0xff, 0xff, 0xff, 0xff, 
    0xff, 0xff, 0xff, 0xff, 0xff, 0xff, 0xff, 0xff, 
    0xff, 0xff, 0xff, 0xff, 0xff, 0xff, 0xff, 0xff, 
    0xff, 0xff, 0xff, 0xff, 0xff, 0xff, 0xff, 0xff, 
    0xff, 0xff, 0xff, 0xff, 0xff, 0xff, 0xff, 0xff, 
    0xff, 0xff, 0xff, 0xff, 0xff, 0xff, 0xff, 0xff, 
    0xff, 0xff, 0xff, 0xff, 0xff, 0xff, 0xff, 0xff, 
    0xff, 0xff, 0xff, 0xff, 0xff, 0xff, 0xff, 0xff, 
    0xff, 0xff, 0xff, 0xff, 0xff, 0xff, 0xff, 0xff, 
    0xff, 0xff, 0xff, 0xff, 0xc8, 0x81, 0xab, 0xff, 
    0xff, 0xff, 0xff, 0xff, 0xff, 0xff, 0xff, 0xff, 
    0xea, 0x39, 0x00, 0x92, 0xff, 0xff, 0xff, 0xff, 
    0xff, 0xff, 0xff, 0xff, 0xff, 0xf8, 0x5d, 0x05, 
    0xb5, 0xff, 0xff, 0xff, 0xff, 0xff, 0xff, 0xff, 
    0xff, 0xff, 0xff, 0xff, 0xff, 0xff, 0xff, 0xff, 
    0xff, 0xff, 0xff, 0xff, 0xff, 0xff, 0x4f, 0x03, 
    0x81, 0xff, 0xff, 0xff, 0xff, 0xff, 0xff, 0xff, 
    0xff, 0xff, 0x3b, 0x00, 0x6f, 0xff, 0xff, 0xff, 
    0xff, 0xff, 0xff, 0xff, 0xff, 0xff, 0x3b, 0x00, 
    0x6f, 0xff, 0xff, 0xff, 0xff, 0xff, 0xff, 0xff, 
    0xff, 0xff, 0x3b, 0x00, 0x6f, 0xff, 0xff, 0xff, 
    0xff, 0xff, 0xff, 0xff, 0xff, 0xff, 0x3b, 0x00, 
    0x6f, 0xff, 0xff, 0xff, 0xff, 0xff, 0xff, 0xff, 
    0xff, 0xff, 0x3b, 0x00, 0x6f, 0xff, 0xff, 0xff, 
    0xff, 0xff, 0xff, 0xff, 0xff, 0xff, 0x3b, 0x00, 
    0x6f, 0xff, 0xff, 0xff, 0xff, 0xff, 0xff, 0xff, 
    0xff, 0xff, 0x3b, 0x00, 0x6f, 0xff, 0xff, 0xff, 
    0xff, 0xff, 0xff, 0xff, 0xff, 0xff, 0x3b, 0x00, 
    0x6f, 0xff, 0xff, 0xff, 0xff, 0xff, 0xff, 0xff, 
    0xff, 0xff, 0x3b, 0x00, 0x6f, 0xff, 0xff, 0xff, 
    0xff, 0xff, 0xff, 0xff, 0xff, 0xff, 0x3b, 0x00, 
    0x6f, 0xff, 0xff, 0xff, 0xff, 0xff, 0xff, 0xff, 
    0xff, 0xff, 0x50, 0x03, 0x82, 0xff, 0xff, 0xff, 
    0xff, 0xff, 0xff, 0xff, 0xff, 0xff, 0xff, 0xff, 
    0xff, 0xff, 0xff, 0xff, 0xff, 0xff, 0xff, 0xff, 
    0xff, 0xff, 0xff, 0xff, 0xff, 0xff, 0xff, 0xff, 
    0xff, 0xff, 0xff, 0xff, 0xff, 0xff, 0xff, 0xff, 
    0xff, 0xff, 0xff, 0xff, 0xff, 0xff, 0xff, 0xff, 
    0xff, 0xff, 0xff, 0xff, 0xff, 0xff, 0xff, 0xff, 
    0xff, 0xff, 0xff, 0xff, 0xff, 0xff, 0xff, 0xff, 
    0xff, 0xff, 0xff, 0xff, 0xff, 0xff, 0xff, 0xff, 
    0xff, 0xff, 0xff, 0xff, 0xff, 0xff, 0xff, 0xff, 
    0xff, 0xff, 0xff, 0xff, 0xff, 0xff, 0xff, 0xff, 
    0xff, 0xff, 0xff, 0xff, 0xff, 0xff, 0xff, 0xff, 
    0xff, 0xff, 0xff, 0xff, 0xff, 0xff, 0xff, 0xff, 
    0xff, 0xff, 0xff, 0xff, 0xff, 0xff, 0xff, 0xff, 
    0xff, 0xff, 0xff, 0xff, 0xff, 0xff, 0xff, 0xff, 
    0xff, 0xff, 0xff, 0xff, 0xff, 0xff, 0xff, 0xff, 
    0xff, 0xff, 0xff, 0xff, 0xff, 0xff, 0xff, 0xff, 
    0xff, 0xff, 0xff, 0xff, 0xff, 0xff, 0xff, 0xff, 
    0xff, 0xff, 0xff, 0xff, 0xff, 0xff, 0xff, 0xff, 
    0xff, 0xff, 0xff, 0xff, 0xff, 0xff, 0xff, 0xff, 
    0xff, 0xff, 0xff, 0xff, 0xff, 0xff, 0xff, 0xff, 
    0xff, 0xff, 0xff, 0xff, 0xff, 0xff, 0xff, 0xff, 
    0xff, 0xff, 0xff, 0xff, 0xff, 0xfb, 0x93, 0x84, 
    0xe3, 0xff, 0xff, 0xff, 0xff, 0xff, 0xff, 0xff, 
    0xfe, 0x5c, 0x00, 0x62, 0xfa, 0xff, 0xff, 0xff, 
    0xff, 0xff, 0xff, 0xff, 0x7d, 0x09, 0x88, 0xff, 
    0xff, 0xff, 0xff, 0xff, 0xff, 0xff, 0xff, 0xff, 
    0xff, 0xff, 0xff, 0xff, 0xff, 0xff, 0xff, 0xff, 
    0xff, 0xff, 0xff, 0xff, 0x4f, 0x03, 0x81, 0xff, 
    0xff, 0xff, 0xff, 0xff, 0xff, 0xff, 0xff, 0xff, 
    0x3b, 0x00, 0x6f, 0xff, 0xff, 0xff, 0xff, 0xff, 
    0xff, 0xff, 0xff, 0xff, 0x3b, 0x00, 0x6f, 0xff, 
    0xff, 0xff, 0xff, 0xff, 0xff, 0xff, 0xff, 0xff, 
    0x3b, 0x00, 0x6f, 0xff, 0xff, 0xff, 0xff, 0xff, 
    0xff, 0xff, 0xff, 0xff, 0x3b, 0x00, 0x6f, 0xff, 
    0xff, 0xff, 0xff, 0xff, 0xff, 0xff, 0xff, 0xff, 
    0x3b, 0x00, 0x6f, 0xff, 0xff, 0xff, 0xff, 0xff, 
    0xff, 0xff, 0xff, 0xff, 0x3b, 0x00, 0x6f, 0xff, 
    0xff, 0xff, 0xff, 0xff, 0xff, 0xff, 0xff, 0xff, 
    0x3b, 0x00, 0x6f, 0xff, 0xff, 0xff, 0xff, 0xff, 
    0xff, 0xff, 0xff, 0xff, 0x3b, 0x00, 0x6f, 0xff, 
    0xff, 0xff, 0xff, 0xff, 0xff, 0xff, 0xff, 0xff, 
    0x3b, 0x00, 0x6f, 0xff, 0xff, 0xff, 0xff, 0xff, 
    0xff, 0xff, 0xff, 0xff, 0x3b, 0x00, 0x6f, 0xff, 
    0xff, 0xff, 0xff, 0xff, 0xff, 0xff, 0xff, 0xff, 
    0x50, 0x03, 0x82, 0xff, 0xff, 0xff, 0xff, 0xff, 
    0xff, 0xff, 0xff, 0xff, 0xff, 0xff, 0xff, 0xff, 
    0xff, 0xff, 0xff, 0xff, 0xff, 0xff, 0xff, 0xff, 
    0xff, 0xff, 0xff, 0xff, 0xff, 0xff, 0xff, 0xff, 
    0xff, 0xff, 0xff, 0xff, 0xff, 0xff, 0xff, 0xff, 
    0xff, 0xff, 0xff, 0xff, 0xff, 0xff, 0xff, 0xff, 
    0xff, 0xff, 0xff, 0xff, 0xff, 0xff, 0xff, 0xff, 
    0xff, 0xff, 0xff, 0xff, 0xff, 0xff, 0xff, 0xff, 
    0xff, 0xff, 0xff, 0xff, 0xff, 0xff, 0xff, 0xff, 
    0xff, 0xff, 0xff, 0xff, 0xff, 0xff, 0xff, 0xff, 
    0xff, 0xff, 0xff, 0xff, 0xff, 0xff, 0xff, 0xff, 
    0xff, 0xff, 0xff, 0xff, 0xff, 0xff, 0xff, 0xff, 
    0xff, 0xff, 0xff, 0xff, 0xff, 0xff, 0xff, 0xff, 
    0xff, 0xff, 0xff, 0xff, 0xff, 0xff, 0xff, 0xff, 
    0xff, 0xff, 0xff, 0xff, 0xff, 0xff, 0xff, 0xff, 
    0xff, 0xff, 0xff, 0xff, 0xff, 0xff, 0xff, 0xff, 
    0xff, 0xff, 0xff, 0xff, 0xff, 0xff, 0xff, 0xff, 
    0xff, 0xff, 0xff, 0xff, 0xff, 0xff, 0xff, 0xff, 
    0xff, 0xff, 0xff, 0xff, 0xff, 0xff, 0xff, 0xff, 
    0xff, 0xff, 0xff, 0xff, 0xff, 0xff, 0xff, 0xff, 
    0xff, 0xff, 0xff, 0xff, 0xff, 0xff, 0xff, 0xff, 
    0xff, 0xff, 0xff, 0xff, 0xff, 0xff, 0xff, 0xff, 
    0xff, 0xff, 0xff, 0xff, 0xff, 0xff, 0xff, 0xff, 
    0xff, 0xff, 0xff, 0xff, 0xff, 0xff, 0xff, 0xff, 
    0xff, 0xfe, 0x9d, 0x80, 0xb9, 0xff, 0xff, 0xff, 
    0xff, 0xff, 0xff, 0xff, 0xff, 0xff, 0xff, 0x6e, 
    0x00, 0x24, 0x02, 0xa6, 0xff, 0xff, 0xff, 0xff, 
    0xff, 0xff, 0xff, 0xff, 0x86, 0x01, 0x72, 0xf7, 
    0x44, 0x04, 0xb9, 0xff, 0xff, 0xff, 0xff, 0xff, 
    0xff, 0xff, 0xff, 0xff, 0xff, 0xff, 0xff, 0xff, 
    0xff, 0xff, 0xff, 0xff, 0xff, 0xff, 0xff, 0xff, 
    0xff, 0xff, 0x4f, 0x03, 0x81, 0xff, 0xff, 0xff, 
    0xff, 0xff, 0xff, 0xff, 0xff, 0xff, 0xff, 0xff, 
    0x3b, 0x00, 0x6f, 0xff, 0xff, 0xff, 0xff, 0xff, 
    0xff, 0xff, 0xff, 0xff, 0xff, 0xff, 0x3b, 0x00, 
    0x6f, 0xff, 0xff, 0xff, 0xff, 0xff, 0xff, 0xff, 
    0xff, 0xff, 0xff, 0xff, 0x3b, 0x00, 0x6f, 0xff, 
    0xff, 0xff, 0xff, 0xff, 0xff, 0xff, 0xff, 0xff, 
    0xff, 0xff, 0x3b, 0x00, 0x6f, 0xff, 0xff, 0xff, 
    0xff, 0xff, 0xff, 0xff, 0xff, 0xff, 0xff, 0xff, 
    0x3b, 0x00, 0x6f, 0xff, 0xff, 0xff, 0xff, 0xff, 
    0xff, 0xff, 0xff, 0xff, 0xff, 0xff, 0x3b, 0x00, 
    0x6f, 0xff, 0xff, 0xff, 0xff, 0xff, 0xff, 0xff, 
    0xff, 0xff, 0xff, 0xff, 0x3b, 0x00, 0x6f, 0xff, 
    0xff, 0xff, 0xff, 0xff, 0xff, 0xff, 0xff, 0xff, 
    0xff, 0xff, 0x3b, 0x00, 0x6f, 0xff, 0xff, 0xff, 
    0xff, 0xff, 0xff, 0xff, 0xff, 0xff, 0xff, 0xff, 
    0x3b, 0x00, 0x6f, 0xff, 0xff, 0xff, 0xff, 0xff, 
    0xff, 0xff, 0xff, 0xff, 0xff, 0xff, 0x3b, 0x00, 
    0x6f, 0xff, 0xff, 0xff, 0xff, 0xff, 0xff, 0xff, 
    0xff, 0xff, 0xff, 0xff, 0x50, 0x03, 0x82, 0xff, 
    0xff, 0xff, 0xff, 0xff, 0xff, 0xff, 0xff, 0xff, 
    0xff, 0xff, 0xff, 0xff, 0xff, 0xff, 0xff, 0xff, 
    0xff, 0xff, 0xff, 0xff, 0xff, 0xff, 0xff, 0xff, 
    0xff, 0xff, 0xff, 0xff, 0xff, 0xff, 0xff, 0xff, 
    0xff, 0xff, 0xff, 0xff, 0xff, 0xff, 0xff, 0xff, 
    0xff, 0xff, 0xff, 0xff, 0xff, 0xff, 0xff, 0xff, 
    0xff, 0xff, 0xff, 0xff, 0xff, 0xff, 0xff, 0xff, 
    0xff, 0xff, 0xff, 0xff, 0xff, 0xff, 0xff, 0xff, 
    0xff, 0xff, 0xff, 0xff, 0xff, 0xff, 0xff, 0xff, 
    0xff, 0xff, 0xff, 0xff, 0xff, 0xff, 0xff, 0xff, 
    0xff, 0xff, 0xff, 0xff, 0xff, 0xff, 0xff, 0xff, 
    0xff, 0xff, 0xff, 0xff, 0xff, 0xff, 0xff, 0xff, 
    0xff, 0xff, 0xff, 0xff, 0xff, 0xff, 0xff, 0xff, 
    0xff, 0xff, 0xff, 0xff, 0xff, 0xff, 0xff, 0xff, 
    0xff, 0xff, 0xff, 0xff, 0xff, 0xff, 0xff, 0xff, 
    0xff, 0xff, 0xff, 0xff, 0xff, 0xff, 0xff, 0xff, 
    0xff, 0xff, 0xff, 0xff, 0xff, 0xff, 0xff, 0xff, 
    0xff, 0xff, 0xff, 0xff, 0xff, 0xff, 0xff, 0xff, 
    0xff, 0xff, 0xff, 0xff, 0xff, 0xff, 0xff, 0xff, 
    0xff, 0xff, 0xff, 0xff, 0xff, 0xff, 0xff, 0xff, 
    0xff, 0xff, 0xff, 0xff, 0xff, 0xff, 0xff, 0xff, 
    0xff, 0xff, 0xff, 0xff, 0xff, 0xff, 0xff, 0xff, 
    0xff, 0xff, 0xff, 0xff, 0xff, 0xff, 0xff, 0xff, 
    0xff, 0xff, 0xff, 0xff, 0xff, 0xff, 0xff, 0xff, 
    0xff, 0xff, 0xff, 0xff, 0xff, 0xff, 0xff, 0xff, 
    0xff, 0xff, 0xff, 0xff, 0xf0, 0xbf, 0xf1, 0xff, 
    0xe6, 0xc0, 0xf9, 0xff, 0xff, 0xff, 0xff, 0xff, 
    0xff, 0xff, 0x64, 0x00, 0x6b, 0xff, 0x3b, 0x00, 
    0x93, 0xff, 0xff, 0xff, 0xff, 0xff, 0xff, 0xff, 
    0x82, 0x06, 0x8c, 0xff, 0x5c, 0x08, 0xb1, 0xff, 
    0xff, 0xff, 0xff, 0xff, 0xff, 0xff, 0xff, 0xff, 
    0xff, 0xff, 0xff, 0xff, 0xff, 0xff, 0xff, 0xff, 
    0xff, 0xff, 0xff, 0xff, 0xff, 0xff, 0x4f, 0x03, 
    0x81, 0xff, 0xff, 0xff, 0xff, 0xff, 0xff, 0xff, 
    0xff, 0xff, 0xff, 0xff, 0x3b, 0x00, 0x6f, 0xff, 
    0xff, 0xff, 0xff, 0xff, 0xff, 0xff, 0xff, 0xff, 
    0xff, 0xff, 0x3b, 0x00, 0x6f, 0xff, 0xff, 0xff, 
    0xff, 0xff, 0xff, 0xff, 0xff, 0xff, 0xff, 0xff, 
    0x3b, 0x00, 0x6f, 0xff, 0xff, 0xff, 0xff, 0xff, 
    0xff, 0xff, 0xff, 0xff, 0xff, 0xff, 0x3b, 0x00, 
    0x6f, 0xff, 0xff, 0xff, 0xff, 0xff, 0xff, 0xff, 
    0xff, 0xff, 0xff, 0xff, 0x3b, 0x00, 0x6f, 0xff, 
    0xff, 0xff, 0xff, 0xff, 0xff, 0xff, 0xff, 0xff, 
    0xff, 0xff, 0x3b, 0x00, 0x6f, 0xff, 0xff, 0xff, 
    0xff, 0xff, 0xff, 0xff, 0xff, 0xff, 0xff, 0xff, 
    0x3b, 0x00, 0x6f, 0xff, 0xff, 0xff, 0xff, 0xff, 
    0xff, 0xff, 0xff, 0xff, 0xff, 0xff, 0x3b, 0x00, 
    0x6f, 0xff, 0xff, 0xff, 0xff, 0xff, 0xff, 0xff, 
    0xff, 0xff, 0xff, 0xff, 0x3b, 0x00, 0x6f, 0xff, 
    0xff, 0xff, 0xff, 0xff, 0xff, 0xff, 0xff, 0xff, 
    0xff, 0xff, 0x3b, 0x00, 0x6f, 0xff, 0xff, 0xff, 
    0xff, 0xff, 0xff, 0xff, 0xff, 0xff, 0xff, 0xff, 
    0x50, 0x03, 0x82, 0xff, 0xff, 0xff, 0xff, 0xff, 
    0xff, 0xff, 0xff, 0xff, 0xff, 0xff, 0xff, 0xff, 
    0xff, 0xff, 0xff, 0xff, 0xff, 0xff, 0xff, 0xff, 
    0xff, 0xff, 0xff, 0xff, 0xff, 0xff, 0xff, 0xff, 
    0xff, 0xff, 0xff, 0xff, 0xff, 0xff, 0xff, 0xff, 
    0xff, 0xff, 0xff, 0xff, 0xff, 0xff, 0xff, 0xff, 
    0xff, 0xff, 0xff, 0xff, 0xff, 0xff, 0xff, 0xff, 
    0xff, 0xff, 0xff, 0xff, 0xff, 0xff, 0xff, 0xff, 
    0xff, 0xff, 0xff, 0xff, 0xff, 0xff, 0xff, 0xff, 
    0xff, 0xff, 0xff, 0xff, 0xff, 0xff, 0xff, 0xff, 
    0xff, 0xff, 0xff, 0xff, 0xff, 0xff, 0xff, 0xff, 
    0xff, 0xff, 0xff, 0xff, 0xff, 0xff, 0xff, 0xff, 
    0xff, 0xff, 0xff, 0xff, 0xff, 0xff, 0xff, 0xff, 
    0xff, 0xff, 0xff, 0xff, 0xff, 0xff, 0xff, 0xff, 
    0xff, 0xff, 0xff, 0xff, 0xff, 0xff, 0xff, 0xff, 
    0xff, 0xff, 0xff, 0xff, 0xff, 0xff, 0xff, 0xff, 
    0xff, 0xff, 0xff, 0xff, 0xff, 0xff, 0xff, 0xff, 
    0xff, 0xff, 0xff, 0xff, 0xff, 0xff, 0xff, 0xff, 
    0xff, 0xff, 0xff, 0xff, 0xff, 0xff, 0xff, 0xff, 
    0xff, 0xff, 0xff, 0xff, 0xff, 0xff, 0xff, 0xff, 
    0xff, 0xff, 0xff, 0xff, 0xff, 0xff, 0xff, 0xff, 
    0xff, 0xff, 0xff, 0xff, 0xff, 0xff, 0xff, 0xff, 
    0xff, 0xff, 0xff, 0xff, 0xff, 0xff, 0xff, 0xff, 
    0xff, 0xff, 0xff, 0xff, 0xff, 0xff, 0xff, 0xff, 
    0xff, 0xff, 0xff, 0xff, 0xff, 0xff, 0xff, 0xff, 
    0xff, 0xff, 0xff, 0xff, 0xff, 0xff, 0xff, 0xff, 
    0xff, 0xff, 0xff, 0xff, 0xff, 0xff, 0xff, 0xff, 
    0xff, 0xff, 0xff, 0xff, 0xff, 0xff, 0xff, 0xff, 
    0xff, 0xff, 0xff, 0xff, 0xff, 0xff, 0xff, 0xff, 
    0xff, 0xff, 0xff, 0xff, 0xff, 0xff, 0xff, 0xff, 
    0xff, 0xff, 0xff, 0xff, 0xff, 0xff, 0xff, 0xff, 
    0xff, 0xff, 0xff, 0xff, 0xff, 0xff, 0xff, 0xff, 
    0xff, 0xff, 0xff, 0xff, 0xff, 0xff, 0xff, 0xff, 
    0xff, 0xff, 0xff, 0xff, 0xff, 0xff, 0xff, 0xff, 
    0xff, 0xff, 0xff, 0xff, 0xff, 0xff, 0xff, 0xff, 
    0xff, 0xff, 0xff, 0xff, 0xff, 0xff, 0xff, 0xff, 
    0xff, 0xff, 0xff, 0xff, 0xff, 0xff, 0x8a, 0x00, 
    0x00, 0x00, 0x08, 0x23, 0x64, 0xd4, 0xff, 0xff, 
    0xff, 0xff, 0xff, 0xff, 0xff, 0xff, 0xff, 0x67, 
    0x00, 0x08, 0x1b, 0x0e, 0x00, 0x00, 0x06, 0xa8, 
    0xff, 0xff, 0xff, 0xff, 0xff, 0xff, 0xff, 0xff, 
    0x67, 0x00, 0x4b, 0xff, 0xff, 0xc8, 0x22, 0x00, 
    0x09, 0xe2, 0xff, 0xff, 0xff, 0xff, 0xff, 0xff, 
    0xff, 0x67, 0x00, 0x4b, 0xff, 0xff, 0xff, 0xda, 
    0x03, 0x00, 0x7e, 0xff, 0xff, 0xff, 0xff, 0xff, 
    0xff, 0xff, 0x67, 0x00, 0x4b, 0xff, 0xff, 0xff, 
    0xff, 0x43, 0x00, 0x42, 0xff, 0xff, 0xff, 0xff, 
    0xff, 0xff, 0x2e, 0x00, 0x00, 0x00, 0x00, 0x47, 
    0xff, 0xff, 0x67, 0x00, 0x2a, 0xff, 0xff, 0xff, 
    0xff, 0xff, 0xff, 0x49, 0x0c, 0x00, 0x09, 0x1f, 
    0x60, 0xff, 0xff, 0x6a, 0x00, 0x30, 0xff, 0xff, 
    0xff, 0xff, 0xff, 0xff, 0xff, 0x67, 0x00, 0x4b, 
    0xff, 0xff, 0xff, 0xff, 0x44, 0x00, 0x4a, 0xff, 
    0xff, 0xff, 0xff, 0xff, 0xff, 0xff, 0x67, 0x00, 
    0x4b, 0xff, 0xff, 0xff, 0xd9, 0x02, 0x00, 0x89, 
    0xff, 0xff, 0xff, 0xff, 0xff, 0xff, 0xff, 0x67, 
    0x00, 0x4b, 0xff, 0xff, 0xc6, 0x27, 0x00, 0x0d, 
    0xea, 0xff, 0xff, 0xff, 0xff, 0xff, 0xff, 0xff, 
    0x67, 0x00, 0x07, 0x17, 0x0c, 0x00, 0x00, 0x08, 
    0xb0, 0xff, 0xff, 0xff, 0xff, 0xff, 0xff, 0xff, 
    0xff, 0x88, 0x00, 0x00, 0x00, 0x0a, 0x26, 0x66, 
    0xd7, 0xff, 0xff, 0xff, 0xff, 0xff, 0xff, 0xff, 
    0xff, 0xff, 0xff, 0xff, 0xff, 0xff, 0xff, 0xff, 
    0xff, 0xff, 0xff, 0xff, 0xff, 0xff, 0xff, 0xff, 
    0xff, 0xff, 0xff, 0xff, 0xff, 0xff, 0xff, 0xff, 
    0xff, 0xff, 0xff, 0xff, 0xff, 0xff, 0xff, 0xff, 
    0xff, 0xff, 0xff, 0xff, 0xff, 0xff, 0xff, 0xff, 
    0xff, 0xff, 0xff, 0xff, 0xff, 0xff, 0xff, 0xff, 
    0xff, 0xff, 0xff, 0xff, 0xff, 0xff, 0xff, 0xff, 
    0xff, 0xff, 0xff, 0xff, 0xff, 0xff, 0xff, 0xff, 
    0xff, 0xff, 0xff, 0xff, 0xff, 0xff, 0xff, 0xff, 
    0xff, 0xff, 0xff, 0xff, 0xff, 0xff, 0xff, 0xff, 
    0xff, 0xff, 0xff, 0xff, 0xff, 0xff, 0xff, 0xff, 
    0xff, 0xff, 0xff, 0xff, 0xff, 0xff, 0xff, 0xff, 
    0xff, 0xff, 0xff, 0xff, 0xff, 0xff, 0xff, 0xff, 
    0xff, 0xff, 0xff, 0xff, 0xff, 0xff, 0xff, 0xff, 
    0xff, 0xff, 0xff, 0xff, 0xff, 0xff, 0xff, 0xff, 
    0xff, 0xff, 0xff, 0xff, 0xff, 0xff, 0xff, 0xff, 
    0xff, 0xff, 0xff, 0xff, 0xff, 0xff, 0xff, 0xff, 
    0xff, 0xff, 0xff, 0xff, 0xff, 0xff, 0xff, 0xff, 
    0xff, 0xff, 0xff, 0xff, 0xff, 0xff, 0xff, 0xff, 
    0xff, 0xff, 0xff, 0xff, 0xff, 0xff, 0xff, 0xff, 
    0xff, 0xff, 0xff, 0xff, 0xff, 0xff, 0xff, 0xff, 
    0xff, 0xff, 0xff, 0xff, 0xff, 0xff, 0xff, 0xff, 
    0xff, 0xff, 0xff, 0xff, 0xff, 0xff, 0xff, 0xff, 
    0xff, 0xff, 0xff, 0xff, 0xff, 0xff, 0xff, 0xff, 
    0xff, 0xff, 0xff, 0xff, 0xff, 0xff, 0xff, 0xff, 
    0xff, 0xff, 0xff, 0xff, 0xff, 0xff, 0xff, 0xff, 
    0xff, 0xff, 0xff, 0xff, 0xff, 0xff, 0xff, 0xff, 
    0xff, 0xff, 0xff, 0xff, 0xff, 0xff, 0xff, 0xff, 
    0xff, 0xff, 0xff, 0xff, 0xff, 0xff, 0xff, 0xff, 
    0xff, 0xff, 0xff, 0xff, 0xff, 0xff, 0xff, 0xff, 
    0xff, 0xff, 0xff, 0xff, 0xff, 0xff, 0xff, 0xff, 
    0xff, 0xff, 0xfe, 0x61, 0x0b, 0x12, 0x49, 0x43, 
    0x07, 0xfa, 0xff, 0xff, 0xff, 0xff, 0xff, 0xff, 
    0xff, 0xff, 0xd9, 0x02, 0x4a, 0x3d, 0x0d, 0x0c, 
    0x78, 0xff, 0xff, 0xff, 0xff, 0xff, 0xff, 0xff, 
    0xff, 0xff, 0xff, 0xff, 0xff, 0xff, 0xff, 0xff, 
    0xff, 0xff, 0xff, 0xff, 0xff, 0xff, 0xff, 0xff, 
    0xff, 0x6d, 0x00, 0x07, 0x8e, 0xff, 0xff, 0xff, 
    0x96, 0x04, 0x71, 0xff, 0xff, 0xff, 0xff, 0xff, 
    0xff, 0x3b, 0x00, 0x00, 0x08, 0xe5, 0xff, 0xff, 
    0x87, 0x00, 0x5f, 0xff, 0xff, 0xff, 0xff, 0xff, 
    0xff, 0x3b, 0x00, 0x06, 0x00, 0x6c, 0xff, 0xff, 
    0x87, 0x00, 0x5f, 0xff, 0xff, 0xff, 0xff, 0xff, 
    0xff, 0x3b, 0x00, 0x52, 0x00, 0x07, 0xe3, 0xff, 
    0x87, 0x00, 0x5f, 0xff, 0xff, 0xff, 0xff, 0xff, 
    0xff, 0x3b, 0x00, 0xa8, 0x17, 0x00, 0x69, 0xff, 
    0x87, 0x00, 0x5f, 0xff, 0xff, 0xff, 0xff, 0xff, 
    0xff, 0x3b, 0x00, 0xac, 0x8c, 0x00, 0x06, 0xe2, 
    0x87, 0x00, 0x5f, 0xff, 0xff, 0xff, 0xff, 0xff, 
    0xff, 0x3b, 0x00, 0xab, 0xf5, 0x17, 0x00, 0x6b, 
    0x89, 0x00, 0x5f, 0xff, 0xff, 0xff, 0xff, 0xff, 
    0xff, 0x3b, 0x00, 0xab, 0xff, 0x8e, 0x00, 0x09, 
    0x77, 0x00, 0x5f, 0xff, 0xff, 0xff, 0xff, 0xff, 
    0xff, 0x3b, 0x00, 0xab, 0xff, 0xf6, 0x18, 0x00, 
    0x1a, 0x00, 0x5f, 0xff, 0xff, 0xff, 0xff, 0xff, 
    0xff, 0x3b, 0x00, 0xab, 0xff, 0xff, 0x90, 0x00, 
    0x00, 0x00, 0x5f, 0xff, 0xff, 0xff, 0xff, 0xff, 
    0xff, 0x3b, 0x00, 0xab, 0xff, 0xff, 0xf7, 0x1a, 
    0x00, 0x00, 0x5f, 0xff, 0xff, 0xff, 0xff, 0xff, 
    0xff, 0x4d, 0x05, 0xb9, 0xff, 0xff, 0xff, 0xac, 
    0x0b, 0x01, 0x87, 0xff, 0xff, 0xff, 0xff, 0xff, 
    0xff, 0xff, 0xff, 0xff, 0xff, 0xff, 0xff, 0xff, 
    0xff, 0xff, 0xff, 0xff, 0xff, 0xff, 0xff, 0xff, 
    0xff, 0xff, 0xff, 0xff, 0xff, 0xff, 0xff, 0xff, 
    0xff, 0xff, 0xff, 0xff, 0xff, 0xff, 0xff, 0xff, 
    0xff, 0xff, 0xff, 0xff, 0xff, 0xff, 0xff, 0xff, 
    0xff, 0xff, 0xff, 0xff, 0xff, 0xff, 0xff, 0xff, 
    0xff, 0xff, 0xff, 0xff, 0xff, 0xff, 0xff, 0xff, 
    0xff, 0xff, 0xff, 0xff, 0xff, 0xff, 0xff, 0xff, 
    0xff, 0xff, 0xff, 0xff, 0xff, 0xff, 0xff, 0xff, 
    0xff, 0xff, 0xff, 0xff, 0xff, 0xff, 0xff, 0xff, 
    0xff, 0xff, 0xff, 0xff, 0xff, 0xff, 0xff, 0xff, 
    0xff, 0xff, 0xff, 0xff, 0xff, 0xff, 0xff, 0xff, 
    0xff, 0xff, 0xff, 0xff, 0xff, 0xff, 0xff, 0xff, 
    0xff, 0xff, 0xff, 0xff, 0xff, 0xff, 0xff, 0xff, 
    0xff, 0xff, 0xff, 0xff, 0xff, 0xff, 0xff, 0xff, 
    0xff, 0xff, 0xff, 0xff, 0xff, 0xff, 0xff, 0xff, 
    0xff, 0xff, 0xff, 0xff, 0xff, 0xff, 0xff, 0xff, 
    0xff, 0xff, 0xff, 0xff, 0xff, 0xff, 0xff, 0xff, 
    0xff, 0xff, 0xff, 0xff, 0xff, 0xff, 0xff, 0xff, 
    0xff, 0xff, 0xff, 0xff, 0xff, 0xff, 0xff, 0xff, 
    0xff, 0xff, 0xff, 0xff, 0xff, 0xff, 0xff, 0xff, 
    0xff, 0xff, 0xff, 0xff, 0xff, 0xff, 0xff, 0xff, 
    0xff, 0xff, 0xff, 0xff, 0xff, 0xff, 0xff, 0xff, 
    0xff, 0xff, 0xff, 0xff, 0xff, 0xff, 0xff, 0xff, 
    0xff, 0xff, 0xff, 0xff, 0xff, 0xff, 0xff, 0xff, 
    0xff, 0xff, 0xff, 0xff, 0xff, 0xff, 0xff, 0xff, 
    0xff, 0xff, 0xff, 0xff, 0xff, 0xff, 0xff, 0xff, 
    0xff, 0xff, 0xff, 0xff, 0xff, 0xff, 0xff, 0xff, 
    0xff, 0xff, 0xff, 0xff, 0xff, 0xff, 0xff, 0xff, 
    0xff, 0xff, 0xff, 0xff, 0xff, 0xff, 0xff, 0xff, 
    0x94, 0x83, 0xdd, 0xff, 0xff, 0xff, 0xff, 0xff, 
    0xff, 0xff, 0xff, 0xff, 0xff, 0xff, 0xff, 0xff, 
    0xff, 0xff, 0xad, 0x0a, 0x1d, 0xe1, 0xff, 0xff, 
    0xff, 0xff, 0xff, 0xff, 0xff, 0xff, 0xff, 0xff, 
    0xff, 0xff, 0xff, 0xff, 0xff, 0xcb, 0x21, 0x29, 
    0xf9, 0xff, 0xff, 0xff, 0xff, 0xff, 0xff, 0xff, 
    0xff, 0xff, 0xff, 0xff, 0xff, 0xff, 0xff, 0xff, 
    0xff, 0xff, 0xff, 0xff, 0xff, 0xff, 0xff, 0xff, 
    0xff, 0xff, 0xff, 0xff, 0xff, 0xff, 0xff, 0xfc, 
    0x99, 0x3a, 0x0f, 0x06, 0x21, 0x66, 0xdd, 0xff, 
    0xff, 0xff, 0xff, 0xff, 0xff, 0xff, 0xff, 0xff, 
    0xfa, 0x48, 0x00, 0x00, 0x00, 0x00, 0x00, 0x00, 
    0x10, 0xcf, 0xff, 0xff, 0xff, 0xff, 0xff, 0xff, 
    0xff, 0xff, 0x84, 0x00, 0x00, 0x7b, 0xef, 0xf9, 
    0xaa, 0x0b, 0x00, 0x32, 0xff, 0xff, 0xff, 0xff, 
    0xff, 0xff, 0xff, 0xfe, 0x17, 0x00, 0x5a, 0xff, 
    0xff, 0xff, 0xff, 0x92, 0x00, 0x00, 0xd5, 0xff, 
    0xff, 0xff, 0xff, 0xff, 0xff, 0xd8, 0x00, 0x00, 
    0xb6, 0xff, 0xff, 0xff, 0xff, 0xe6, 0x00, 0x00, 
    0xa1, 0xff, 0xff, 0xff, 0xff, 0xff, 0xff, 0xbc, 
    0x00, 0x00, 0xd5, 0xff, 0xff, 0xff, 0xff, 0xfd, 
    0x03, 0x00, 0x8e, 0xff, 0xff, 0xff, 0xff, 0xff, 
    0xff, 0xba, 0x00, 0x00, 0xd4, 0xff, 0xff, 0xff, 
    0xff, 0xfc, 0x02, 0x00, 0x93, 0xff, 0xff, 0xff, 
    0xff, 0xff, 0xff, 0xcd, 0x00, 0x00, 0xba, 0xff, 
    0xff, 0xff, 0xff, 0xdd, 0x00, 0x00, 0xb0, 0xff, 
    0xff, 0xff, 0xff, 0xff, 0xff, 0xf7, 0x06, 0x00, 
    0x6b, 0xff, 0xff, 0xff, 0xff, 0x81, 0x00, 0x04, 
    0xea, 0xff, 0xff, 0xff, 0xff, 0xff, 0xff, 0xff, 
    0x5b, 0x00, 0x03, 0x8f, 0xf0, 0xf3, 0x99, 0x05, 
    0x00, 0x5d, 0xff, 0xff, 0xff, 0xff, 0xff, 0xff, 
    0xff, 0xff, 0xe5, 0x1e, 0x00, 0x00, 0x00, 0x00, 
    0x00, 0x00, 0x2e, 0xed, 0xff, 0xff, 0xff, 0xff, 
    0xff, 0xff, 0xff, 0xff, 0xff, 0xeb, 0x74, 0x27, 
    0x08, 0x0a, 0x2e, 0x85, 0xf4, 0xff, 0xff, 0xff, 
    0xff, 0xff, 0xff, 0xff, 0xff, 0xff, 0xff, 0xff, 
    0xff, 0xff, 0xff, 0xff, 0xff, 0xff, 0xff, 0xff, 
    0xff, 0xff, 0xff, 0xff, 0xff, 0xff, 0xff, 0xff, 
    0xff, 0xff, 0xff, 0xff, 0xff, 0xff, 0xff, 0xff, 
    0xff, 0xff, 0xff, 0xff, 0xff, 0xff, 0xff, 0xff, 
    0xff, 0xff, 0xff, 0xff, 0xff, 0xff, 0xff, 0xff, 
    0xff, 0xff, 0xff, 0xff, 0xff, 0xff, 0xff, 0xff, 
    0xff, 0xff, 0xff, 0xff, 0xff, 0xff, 0xff, 0xff, 
    0xff, 0xff, 0xff, 0xff, 0xff, 0xff, 0xff, 0xff, 
    0xff, 0xff, 0xff, 0xff, 0xff, 0xff, 0xff, 0xff, 
    0xff, 0xff, 0xff, 0xff, 0xff, 0xff, 0xff, 0xff, 
    0xff, 0xff, 0xff, 0xff, 0xff, 0xff, 0xff, 0xff, 
    0xff, 0xff, 0xff, 0xff, 0xff, 0xff, 0xff, 0xff, 
    0xff, 0xff, 0xff, 0xff, 0xff, 0xff, 0xff, 0xff, 
    0xff, 0xff, 0xff, 0xff, 0xff, 0xff, 0xff, 0xff, 
    0xff, 0xff, 0xff, 0xff, 0xff, 0xff, 0xff, 0xff, 
    0xff, 0xff, 0xff, 0xff, 0xff, 0xff, 0xff, 0xff, 
    0xff, 0xff, 0xff, 0xff, 0xff, 0xff, 0xff, 0xff, 
    0xff, 0xff, 0xff, 0xff, 0xff, 0xff, 0xff, 0xff, 
    0xff, 0xff, 0xff, 0xff, 0xff, 0xff, 0xff, 0xff, 
    0xff, 0xff, 0xff, 0xff, 0xff, 0xff, 0xff, 0xff, 
    0xff, 0xff, 0xff, 0xff, 0xff, 0xff, 0xff, 0xff, 
    0xff, 0xff, 0xff, 0xff, 0xff, 0xff, 0xff, 0xff, 
    0xff, 0xff, 0xff, 0xff, 0xff, 0xff, 0xff, 0xff, 
    0xff, 0xff, 0xff, 0xff, 0xff, 0xff, 0xff, 0xff, 
    0xff, 0xff, 0xff, 0xff, 0xff, 0xff, 0xff, 0xff, 
    0xff, 0xff, 0xff, 0xff, 0xff, 0xff, 0xff, 0xff, 
    0xff, 0xff, 0xff, 0xff, 0xff, 0xff, 0xff, 0xff, 
    0xff, 0xff, 0xff, 0xff, 0xff, 0xff, 0xff, 0xff, 
    0xff, 0xff, 0xff, 0xff, 0xff, 0xff, 0xff, 0xff, 
    0xff, 0xff, 0xff, 0xff, 0xff, 0xff, 0xff, 0xff, 
    0xff, 0xff, 0xff, 0xff, 0xff, 0xff, 0xff, 0xff, 
    0xff, 0xff, 0xff, 0xff, 0xff, 0xff, 0xff, 0xe5, 
    0x85, 0x8d, 0xfe, 0xff, 0xff, 0xff, 0xff, 0xff, 
    0xff, 0xff, 0xff, 0xff, 0xff, 0xff, 0xff, 0xff, 
    0xea, 0x27, 0x05, 0x9e, 0xff, 0xff, 0xff, 0xff, 
    0xff, 0xff, 0xff, 0xff, 0xff, 0xff, 0xff, 0xff, 
    0xff, 0xfe, 0x37, 0x1a, 0xbf, 0xff, 0xff, 0xff, 
    0xff, 0xff, 0xff, 0xff, 0xff, 0xff, 0xff, 0xff, 
    0xff, 0xff, 0xff, 0xff, 0xff, 0xff, 0xff, 0xff, 
    0xff, 0xff, 0xff, 0xff, 0xff, 0xff, 0xff, 0xff, 
    0xff, 0xff, 0xff, 0xfc, 0x99, 0x3a, 0x0f, 0x06, 
    0x21, 0x66, 0xdd, 0xff, 0xff, 0xff, 0xff, 0xff, 
    0xff, 0xff, 0xff, 0xff, 0xfa, 0x48, 0x00, 0x00, 
    0x00, 0x00, 0x00, 0x00, 0x10, 0xcf, 0xff, 0xff, 
    0xff, 0xff, 0xff, 0xff, 0xff, 0xff, 0x84, 0x00, 
    0x00, 0x7b, 0xef, 0xf9, 0xaa, 0x0b, 0x00, 0x32, 
    0xff, 0xff, 0xff, 0xff, 0xff, 0xff, 0xff, 0xfe, 
    0x17, 0x00, 0x5a, 0xff, 0xff, 0xff, 0xff, 0x92, 
    0x00, 0x00, 0xd5, 0xff, 0xff, 0xff, 0xff, 0xff, 
    0xff, 0xd8, 0x00, 0x00, 0xb6, 0xff, 0xff, 0xff, 
    0xff, 0xe6, 0x00, 0x00, 0xa1, 0xff, 0xff, 0xff, 
    0xff, 0xff, 0xff, 0xbc, 0x00, 0x00, 0xd5, 0xff, 
    0xff, 0xff, 0xff, 0xfd, 0x03, 0x00, 0x8e, 0xff, 
    0xff, 0xff, 0xff, 0xff, 0xff, 0xba, 0x00, 0x00, 
    0xd4, 0xff, 0xff, 0xff, 0xff, 0xfc, 0x02, 0x00, 
    0x93, 0xff, 0xff, 0xff, 0xff, 0xff, 0xff, 0xcd, 
    0x00, 0x00, 0xba, 0xff, 0xff, 0xff, 0xff, 0xdd, 
    0x00, 0x00, 0xb0, 0xff, 0xff, 0xff, 0xff, 0xff, 
    0xff, 0xf7, 0x06, 0x00, 0x6b, 0xff, 0xff, 0xff, 
    0xff, 0x81, 0x00, 0x04, 0xea, 0xff, 0xff, 0xff, 
    0xff, 0xff, 0xff, 0xff, 0x5b, 0x00, 0x03, 0x8f, 
    0xf0, 0xf3, 0x99, 0x05, 0x00, 0x5d, 0xff, 0xff, 
    0xff, 0xff, 0xff, 0xff, 0xff, 0xff, 0xe5, 0x1e, 
    0x00, 0x00, 0x00, 0x00, 0x00, 0x00, 0x2e, 0xed, 
    0xff, 0xff, 0xff, 0xff, 0xff, 0xff, 0xff, 0xff, 
    0xff, 0xeb, 0x74, 0x27, 0x08, 0x0a, 0x2e, 0x85, 
    0xf4, 0xff, 0xff, 0xff, 0xff, 0xff, 0xff, 0xff, 
    0xff, 0xff, 0xff, 0xff, 0xff, 0xff, 0xff, 0xff, 
    0xff, 0xff, 0xff, 0xff, 0xff, 0xff, 0xff, 0xff, 
    0xff, 0xff, 0xff, 0xff, 0xff, 0xff, 0xff, 0xff, 
    0xff, 0xff, 0xff, 0xff, 0xff, 0xff, 0xff, 0xff, 
    0xff, 0xff, 0xff, 0xff, 0xff, 0xff, 0xff, 0xff, 
    0xff, 0xff, 0xff, 0xff, 0xff, 0xff, 0xff, 0xff, 
    0xff, 0xff, 0xff, 0xff, 0xff, 0xff, 0xff, 0xff, 
    0xff, 0xff, 0xff, 0xff, 0xff, 0xff, 0xff, 0xff, 
    0xff, 0xff, 0xff, 0xff, 0xff, 0xff, 0xff, 0xff, 
    0xff, 0xff, 0xff, 0xff, 0xff, 0xff, 0xff, 0xff, 
    0xff, 0xff, 0xff, 0xff, 0xff, 0xff, 0xff, 0xff, 
    0xff, 0xff, 0xff, 0xff, 0xff, 0xff, 0xff, 0xff, 
    0xff, 0xff, 0xff, 0xff, 0xff, 0xff, 0xff, 0xff, 
    0xff, 0xff, 0xff, 0xff, 0xff, 0xff, 0xff, 0xff, 
    0xff, 0xff, 0xff, 0xff, 0xff, 0xff, 0xff, 0xff, 
    0xff, 0xff, 0xff, 0xff, 0xff, 0xff, 0xff, 0xff, 
    0xff, 0xff, 0xff, 0xff, 0xff, 0xff, 0xff, 0xff, 
    0xff, 0xff, 0xff, 0xff, 0xff, 0xff, 0xff, 0xff, 
    0xff, 0xff, 0xff, 0xff, 0xff, 0xff, 0xff, 0xff, 
    0xff, 0xff, 0xff, 0xff, 0xff, 0xff, 0xff, 0xff, 
    0xff, 0xff, 0xff, 0xff, 0xff, 0xff, 0xff, 0xff, 
    0xff, 0xff, 0xff, 0xff, 0xff, 0xff, 0xff, 0xff, 
    0xff, 0xff, 0xff, 0xff, 0xff, 0xff, 0xff, 0xff, 
    0xff, 0xff, 0xff, 0xff, 0xff, 0xff, 0xff, 0xff, 
    0xff, 0xff, 0xff, 0xff, 0xff, 0xff, 0xff, 0xff, 
    0xff, 0xff, 0xff, 0xff, 0xff, 0xff, 0xff, 0xff, 
    0xff, 0xff, 0xff, 0xff, 0xff, 0xff, 0xff, 0xff, 
    0xff, 0xff, 0xff, 0xff, 0xff, 0xff, 0xff, 0xff, 
    0xff, 0xff, 0xff, 0xff, 0xff, 0xff, 0xff, 0xff, 
    0xff, 0xff, 0xff, 0xff, 0xff, 0xff, 0xff, 0xff, 
    0xff, 0xff, 0xff, 0xff, 0xff, 0xff, 0xff, 0xff, 
    0xff, 0xff, 0xff, 0xff, 0xff, 0xff, 0xff, 0xff, 
    0xff, 0xed, 0x88, 0x83, 0xdc, 0xff, 0xff, 0xff, 
    0xff, 0xff, 0xff, 0xff, 0xff, 0xff, 0xff, 0xff, 
    0xff, 0xff, 0xef, 0x32, 0x09, 0x1a, 0x1a, 0xdb, 
    0xff, 0xff, 0xff, 0xff, 0xff, 0xff, 0xff, 0xff, 
    0xff, 0xff, 0xff, 0xfe, 0x3c, 0x0b, 0xb7, 0xd6, 
    0x17, 0x1e, 0xeb, 0xff, 0xff, 0xff, 0xff, 0xff, 
    0xff, 0xff, 0xff, 0xff, 0xff, 0xff, 0xff, 0xff, 
    0xff, 0xff, 0xff, 0xff, 0xff, 0xff, 0xff, 0xff, 
    0xff, 0xff, 0xff, 0xff, 0xff, 0xff, 0xff, 0xfc, 
    0x99, 0x3a, 0x0f, 0x06, 0x21, 0x66, 0xdd, 0xff, 
    0xff, 0xff, 0xff, 0xff, 0xff, 0xff, 0xff, 0xff, 
    0xfa, 0x48, 0x00, 0x00, 0x00, 0x00, 0x00, 0x00, 
    0x10, 0xcf, 0xff, 0xff, 0xff, 0xff, 0xff, 0xff, 
    0xff, 0xff, 0x84, 0x00, 0x00, 0x7b, 0xef, 0xf9, 
    0xaa, 0x0b, 0x00, 0x32, 0xff, 0xff, 0xff, 0xff, 
    0xff, 0xff, 0xff, 0xfe, 0x17, 0x00, 0x5a, 0xff, 
    0xff, 0xff, 0xff, 0x92, 0x00, 0x00, 0xd5, 0xff, 
    0xff, 0xff, 0xff, 0xff, 0xff, 0xd8, 0x00, 0x00, 
    0xb6, 0xff, 0xff, 0xff, 0xff, 0xe6, 0x00, 0x00, 
    0xa1, 0xff, 0xff, 0xff, 0xff, 0xff, 0xff, 0xbc, 
    0x00, 0x00, 0xd5, 0xff, 0xff, 0xff, 0xff, 0xfd, 
    0x03, 0x00, 0x8e, 0xff, 0xff, 0xff, 0xff, 0xff, 
    0xff, 0xba, 0x00, 0x00, 0xd4, 0xff, 0xff, 0xff, 
    0xff, 0xfc, 0x02, 0x00, 0x93, 0xff, 0xff, 0xff, 
    0xff, 0xff, 0xff, 0xcd, 0x00, 0x00, 0xba, 0xff, 
    0xff, 0xff, 0xff, 0xdd, 0x00, 0x00, 0xb0, 0xff, 
    0xff, 0xff, 0xff, 0xff, 0xff, 0xf7, 0x06, 0x00, 
    0x6b, 0xff, 0xff, 0xff, 0xff, 0x81, 0x00, 0x04, 
    0xea, 0xff, 0xff, 0xff, 0xff, 0xff, 0xff, 0xff, 
    0x5b, 0x00, 0x03, 0x8f, 0xf0, 0xf3, 0x99, 0x05, 
    0x00, 0x5d, 0xff, 0xff, 0xff, 0xff, 0xff, 0xff, 
    0xff, 0xff, 0xe5, 0x1e, 0x00, 0x00, 0x00, 0x00, 
    0x00, 0x00, 0x2e, 0xed, 0xff, 0xff, 0xff, 0xff, 
    0xff, 0xff, 0xff, 0xff, 0xff, 0xeb, 0x74, 0x27, 
    0x08, 0x0a, 0x2e, 0x85, 0xf4, 0xff, 0xff, 0xff, 
    0xff, 0xff, 0xff, 0xff, 0xff, 0xff, 0xff, 0xff, 
    0xff, 0xff, 0xff, 0xff, 0xff, 0xff, 0xff, 0xff, 
    0xff, 0xff, 0xff, 0xff, 0xff, 0xff, 0xff, 0xff, 
    0xff, 0xff, 0xff, 0xff, 0xff, 0xff, 0xff, 0xff, 
    0xff, 0xff, 0xff, 0xff, 0xff, 0xff, 0xff, 0xff, 
    0xff, 0xff, 0xff, 0xff, 0xff, 0xff, 0xff, 0xff, 
    0xff, 0xff, 0xff, 0xff, 0xff, 0xff, 0xff, 0xff, 
    0xff, 0xff, 0xff, 0xff, 0xff, 0xff, 0xff, 0xff, 
    0xff, 0xff, 0xff, 0xff, 0xff, 0xff, 0xff, 0xff, 
    0xff, 0xff, 0xff, 0xff, 0xff, 0xff, 0xff, 0xff, 
    0xff, 0xff, 0xff, 0xff, 0xff, 0xff, 0xff, 0xff, 
    0xff, 0xff, 0xff, 0xff, 0xff, 0xff, 0xff, 0xff, 
    0xff, 0xff, 0xff, 0xff, 0xff, 0xff, 0xff, 0xff, 
    0xff, 0xff, 0xff, 0xff, 0xff, 0xff, 0xff, 0xff, 
    0xff, 0xff, 0xff, 0xff, 0xff, 0xff, 0xff, 0xff, 
    0xff, 0xff, 0xff, 0xff, 0xff, 0xff, 0xff, 0xff, 
    0xff, 0xff, 0xff, 0xff, 0xff, 0xff, 0xff, 0xff, 
    0xff, 0xff, 0xff, 0xff, 0xff, 0xff, 0xff, 0xff, 
    0xff, 0xff, 0xff, 0xff, 0xff, 0xff, 0xff, 0xff, 
    0xff, 0xff, 0xff, 0xff, 0xff, 0xff, 0xff, 0xff, 
    0xff, 0xff, 0xff, 0xff, 0xff, 0xff, 0xff, 0xff, 
    0xff, 0xff, 0xff, 0xff, 0xff, 0xff, 0xff, 0xff, 
    0xff, 0xff, 0xff, 0xff, 0xff, 0xff, 0xff, 0xff, 
    0xff, 0xff, 0xff, 0xff, 0xff, 0xff, 0xff, 0xff, 
    0xff, 0xff, 0xff, 0xff, 0xff, 0xff, 0xff, 0xff, 
    0xff, 0xff, 0xff, 0xff, 0xff, 0xff, 0xff, 0xff, 
    0xff, 0xff, 0xff, 0xff, 0xff, 0xff, 0xff, 0xff, 
    0xff, 0xff, 0xff, 0xff, 0xff, 0xff, 0xff, 0xff, 
    0xff, 0xff, 0xff, 0xff, 0xff, 0xff, 0xff, 0xff, 
    0xff, 0xff, 0xff, 0xff, 0xff, 0xff, 0xff, 0xff, 
    0xff, 0xff, 0xff, 0xff, 0xff, 0xff, 0xff, 0xff, 
    0xff, 0xff, 0xff, 0xff, 0xff, 0xff, 0xff, 0xff, 
    0xff, 0xff, 0xff, 0xff, 0xe5, 0x78, 0x87, 0xec, 
    0xf1, 0x6b, 0xe1, 0xff, 0xff, 0xff, 0xff, 0xff, 
    0xff, 0xff, 0xff, 0xff, 0xff, 0xff, 0x36, 0x00, 
    0x00, 0x16, 0x43, 0x00, 0xd8, 0xff, 0xff, 0xff, 
    0xff, 0xff, 0xff, 0xff, 0xff, 0xff, 0xff, 0xfe, 
    0x0b, 0x95, 0xba, 0x32, 0x0c, 0x6d, 0xff, 0xff, 
    0xff, 0xff, 0xff, 0xff, 0xff, 0xff, 0xff, 0xff, 
    0xff, 0xff, 0xff, 0xff, 0xff, 0xff, 0xff, 0xff, 
    0xff, 0xff, 0xff, 0xff, 0xff, 0xff, 0xff, 0xff, 
    0xff, 0xff, 0xff, 0xfc, 0x99, 0x3a, 0x0f, 0x06, 
    0x21, 0x66, 0xdd, 0xff, 0xff, 0xff, 0xff, 0xff, 
    0xff, 0xff, 0xff, 0xff, 0xfa, 0x48, 0x00, 0x00, 
    0x00, 0x00, 0x00, 0x00, 0x10, 0xcf, 0xff, 0xff, 
    0xff, 0xff, 0xff, 0xff, 0xff, 0xff, 0x84, 0x00, 
    0x00, 0x7b, 0xef, 0xf9, 0xaa, 0x0b, 0x00, 0x32, 
    0xff, 0xff, 0xff, 0xff, 0xff, 0xff, 0xff, 0xfe, 
    0x17, 0x00, 0x5a, 0xff, 0xff, 0xff, 0xff, 0x92, 
    0x00, 0x00, 0xd5, 0xff, 0xff, 0xff, 0xff, 0xff, 
    0xff, 0xd8, 0x00, 0x00, 0xb6, 0xff, 0xff, 0xff, 
    0xff, 0xe6, 0x00, 0x00, 0xa1, 0xff, 0xff, 0xff, 
    0xff, 0xff, 0xff, 0xbc, 0x00, 0x00, 0xd5, 0xff, 
    0xff, 0xff, 0xff, 0xfd, 0x03, 0x00, 0x8e, 0xff, 
    0xff, 0xff, 0xff, 0xff, 0xff, 0xba, 0x00, 0x00, 
    0xd4, 0xff, 0xff, 0xff, 0xff, 0xfc, 0x02, 0x00, 
    0x93, 0xff, 0xff, 0xff, 0xff, 0xff, 0xff, 0xcd, 
    0x00, 0x00, 0xba, 0xff, 0xff, 0xff, 0xff, 0xdd, 
    0x00, 0x00, 0xb0, 0xff, 0xff, 0xff, 0xff, 0xff, 
    0xff, 0xf7, 0x06, 0x00, 0x6b, 0xff, 0xff, 0xff, 
    0xff, 0x81, 0x00, 0x04, 0xea, 0xff, 0xff, 0xff, 
    0xff, 0xff, 0xff, 0xff, 0x5b, 0x00, 0x03, 0x8f, 
    0xf0, 0xf3, 0x99, 0x05, 0x00, 0x5d, 0xff, 0xff, 
    0xff, 0xff, 0xff, 0xff, 0xff, 0xff, 0xe5, 0x1e, 
    0x00, 0x00, 0x00, 0x00, 0x00, 0x00, 0x2e, 0xed, 
    0xff, 0xff, 0xff, 0xff, 0xff, 0xff, 0xff, 0xff, 
    0xff, 0xeb, 0x74, 0x27, 0x08, 0x0a, 0x2e, 0x85, 
    0xf4, 0xff, 0xff, 0xff, 0xff, 0xff, 0xff, 0xff, 
    0xff, 0xff, 0xff, 0xff, 0xff, 0xff, 0xff, 0xff, 
    0xff, 0xff, 0xff, 0xff, 0xff, 0xff, 0xff, 0xff, 
    0xff, 0xff, 0xff, 0xff, 0xff, 0xff, 0xff, 0xff, 
    0xff, 0xff, 0xff, 0xff, 0xff, 0xff, 0xff, 0xff, 
    0xff, 0xff, 0xff, 0xff, 0xff, 0xff, 0xff, 0xff, 
    0xff, 0xff, 0xff, 0xff, 0xff, 0xff, 0xff, 0xff, 
    0xff, 0xff, 0xff, 0xff, 0xff, 0xff, 0xff, 0xff, 
    0xff, 0xff, 0xff, 0xff, 0xff, 0xff, 0xff, 0xff, 
    0xff, 0xff, 0xff, 0xff, 0xff, 0xff, 0xff, 0xff, 
    0xff, 0xff, 0xff, 0xff, 0xff, 0xff, 0xff, 0xff, 
    0xff, 0xff, 0xff, 0xff, 0xff, 0xff, 0xff, 0xff, 
    0xff, 0xff, 0xff, 0xff, 0xff, 0xff, 0xff, 0xff, 
    0xff, 0xff, 0xff, 0xff, 0xff, 0xff, 0xff, 0xff, 
    0xff, 0xff, 0xff, 0xff, 0xff, 0xff, 0xff, 0xff, 
    0xff, 0xff, 0xff, 0xff, 0xff, 0xff, 0xff, 0xff, 
    0xff, 0xff, 0xff, 0xff, 0xff, 0xff, 0xff, 0xff, 
    0xff, 0xff, 0xff, 0xff, 0xff, 0xff, 0xff, 0xff, 
    0xff, 0xff, 0xff, 0xff, 0xff, 0xff, 0xff, 0xff, 
    0xff, 0xff, 0xff, 0xff, 0xff, 0xff, 0xff, 0xff, 
    0xff, 0xff, 0xff, 0xff, 0xff, 0xff, 0xff, 0xff, 
    0xff, 0xff, 0xff, 0xff, 0xff, 0xff, 0xff, 0xff, 
    0xff, 0xff, 0xff, 0xff, 0xff, 0xff, 0xff, 0xff, 
    0xff, 0xff, 0xff, 0xff, 0xff, 0xff, 0xff, 0xff, 
    0xff, 0xff, 0xff, 0xff, 0xff, 0xff, 0xff, 0xff, 
    0xff, 0xff, 0xff, 0xff, 0xff, 0xff, 0xff, 0xff, 
    0xff, 0xff, 0xff, 0xff, 0xff, 0xff, 0xff, 0xff, 
    0xff, 0xff, 0xff, 0xff, 0xff, 0xff, 0xff, 0xff, 
    0xff, 0xff, 0xff, 0xff, 0xff, 0xff, 0xff, 0xff, 
    0xff, 0xff, 0xff, 0xff, 0xff, 0xff, 0xff, 0xff, 
    0xff, 0xff, 0xff, 0xff, 0xff, 0xff, 0xff, 0xff, 
    0xff, 0xff, 0xff, 0xff, 0xff, 0xff, 0xff, 0xff, 
    0xff, 0xff, 0xff, 0xff, 0xff, 0xff, 0xff, 0xff, 
    0xde, 0xc4, 0xfe, 0xff, 0xd2, 0xce, 0xff, 0xff, 
    0xff, 0xff, 0xff, 0xff, 0xff, 0xff, 0xff, 0xff, 
    0xff, 0xff, 0x18, 0x00, 0xb7, 0xed, 0x02, 0x00, 
    0xdf, 0xff, 0xff, 0xff, 0xff, 0xff, 0xff, 0xff, 
    0xff, 0xff, 0xff, 0xff, 0x39, 0x0d, 0xcf, 0xf5, 
    0x1c, 0x17, 0xed, 0xff, 0xff, 0xff, 0xff, 0xff, 
    0xff, 0xff, 0xff, 0xff, 0xff, 0xff, 0xff, 0xff, 
    0xff, 0xff, 0xff, 0xff, 0xff, 0xff, 0xff, 0xff, 
    0xff, 0xff, 0xff, 0xff, 0xff, 0xff, 0xff, 0xfc, 
    0x99, 0x3a, 0x0f, 0x06, 0x21, 0x66, 0xdd, 0xff, 
    0xff, 0xff, 0xff, 0xff, 0xff, 0xff, 0xff, 0xff, 
    0xfa, 0x48, 0x00, 0x00, 0x00, 0x00, 0x00, 0x00, 
    0x10, 0xcf, 0xff, 0xff, 0xff, 0xff, 0xff, 0xff, 
    0xff, 0xff, 0x84, 0x00, 0x00, 0x7b, 0xef, 0xf9, 
    0xaa, 0x0b, 0x00, 0x32, 0xff, 0xff, 0xff, 0xff, 
    0xff, 0xff, 0xff, 0xfe, 0x17, 0x00, 0x5a, 0xff, 
    0xff, 0xff, 0xff, 0x92, 0x00, 0x00, 0xd5, 0xff, 
    0xff, 0xff, 0xff, 0xff, 0xff, 0xd8, 0x00, 0x00, 
    0xb6, 0xff, 0xff, 0xff, 0xff, 0xe6, 0x00, 0x00, 
    0xa1, 0xff, 0xff, 0xff, 0xff, 0xff, 0xff, 0xbc, 
    0x00, 0x00, 0xd5, 0xff, 0xff, 0xff, 0xff, 0xfd, 
    0x03, 0x00, 0x8e, 0xff, 0xff, 0xff, 0xff, 0xff, 
    0xff, 0xba, 0x00, 0x00, 0xd4, 0xff, 0xff, 0xff, 
    0xff, 0xfc, 0x02, 0x00, 0x93, 0xff, 0xff, 0xff, 
    0xff, 0xff, 0xff, 0xcd, 0x00, 0x00, 0xba, 0xff, 
    0xff, 0xff, 0xff, 0xdd, 0x00, 0x00, 0xb0, 0xff, 
    0xff, 0xff, 0xff, 0xff, 0xff, 0xf7, 0x06, 0x00, 
    0x6b, 0xff, 0xff, 0xff, 0xff, 0x81, 0x00, 0x04, 
    0xea, 0xff, 0xff, 0xff, 0xff, 0xff, 0xff, 0xff, 
    0x5b, 0x00, 0x03, 0x8f, 0xf0, 0xf3, 0x99, 0x05, 
    0x00, 0x5d, 0xff, 0xff, 0xff, 0xff, 0xff, 0xff, 
    0xff, 0xff, 0xe5, 0x1e, 0x00, 0x00, 0x00, 0x00, 
    0x00, 0x00, 0x2e, 0xed, 0xff, 0xff, 0xff, 0xff, 
    0xff, 0xff, 0xff, 0xff, 0xff, 0xeb, 0x74, 0x27, 
    0x08, 0x0a, 0x2e, 0x85, 0xf4, 0xff, 0xff, 0xff, 
    0xff, 0xff, 0xff, 0xff, 0xff, 0xff, 0xff, 0xff, 
    0xff, 0xff, 0xff, 0xff, 0xff, 0xff, 0xff, 0xff, 
    0xff, 0xff, 0xff, 0xff, 0xff, 0xff, 0xff, 0xff, 
    0xff, 0xff, 0xff, 0xff, 0xff, 0xff, 0xff, 0xff, 
    0xff, 0xff, 0xff, 0xff, 0xff, 0xff, 0xff, 0xff, 
    0xff, 0xff, 0xff, 0xff, 0xff, 0xff, 0xff, 0xff, 
    0xff, 0xff, 0xff, 0xff, 0xff, 0xff, 0xff, 0xff, 
    0xff, 0xff, 0xff, 0xff, 0xff, 0xff, 0xff, 0xff, 
    0xff, 0xff, 0xff, 0xff, 0xff, 0xff, 0xff, 0xff, 
    0xff, 0xff, 0xff, 0xff, 0xff, 0xff, 0xff, 0xff, 
    0xff, 0xff, 0xff, 0xff, 0xff, 0xff, 0xff, 0xff, 
    0xff, 0xff, 0xff, 0xff, 0xff, 0xff, 0xff, 0xff, 
    0xff, 0xff, 0xff, 0xff, 0xff, 0xff, 0xff, 0xff, 
    0xff, 0xff, 0xff, 0xff, 0xff, 0xff, 0xff, 0xff, 
    0xff, 0xff, 0xff, 0xff, 0xff, 0xff, 0xff, 0xff, 
    0xff, 0xff, 0xff, 0xff, 0xff, 0xff, 0xff, 0xff, 
    0xff, 0xff, 0xff, 0xff, 0xff, 0xff, 0xff, 0xff, 
    0xff, 0xff, 0xff, 0xff, 0xff, 0xff, 0xff, 0xff, 
    0xff, 0xff, 0xff, 0xff, 0xff, 0xff, 0xff, 0xff, 
    0xff, 0xff, 0xff, 0xff, 0xff, 0xff, 0xff, 0xff, 
    0xff, 0xff, 0xff, 0xff, 0xff, 0xff, 0xff, 0xff, 
    0xff, 0xff, 0xff, 0xff, 0xff, 0xff, 0xff, 0xff, 
    0xff, 0xff, 0xff, 0xff, 0xff, 0xff, 0xff, 0xff, 
    0xff, 0xff, 0xff, 0xff, 0xff, 0xff, 0xff, 0xff, 
    0xff, 0xff, 0xff, 0xff, 0xff, 0xff, 0xff, 0xff, 
    0xff, 0xff, 0xff, 0xff, 0xff, 0xff, 0xff, 0xff, 
    0xff, 0xff, 0xff, 0xff, 0xff, 0xff, 0xff, 0xff, 
    0xff, 0xff, 0xff, 0xff, 0xff, 0xff, 0xff, 0xff, 
    0xff, 0xff, 0xff, 0xff, 0xff, 0xff, 0xff, 0xff, 
    0xff, 0xff, 0xff, 0xff, 0xff, 0xff, 0xff, 0xff, 
    0xff, 0xff, 0xff, 0xff, 0xff, 0xff, 0xff, 0xff, 
    0xff, 0xff, 0xff, 0xff, 0xff, 0xff, 0xff, 0xff, 
    0xff, 0xff, 0xff, 0xff, 0xff, 0xff, 0xff, 0xff, 
    0xff, 0xff, 0xff, 0xff, 0xff, 0xff, 0xff, 0xff, 
    0xff, 0xff, 0xff, 0xff, 0xff, 0xff, 0xff, 0xff, 
    0xff, 0xff, 0xff, 0xff, 0xff, 0xff, 0xff, 0xff, 
    0xff, 0xff, 0xff, 0xff, 0xff, 0xff, 0xff, 0xff, 
    0xff, 0xff, 0xff, 0xff, 0xff, 0xff, 0xff, 0xff, 
    0xff, 0xff, 0xff, 0xff, 0xff, 0xff, 0xff, 0xff, 
    0xff, 0xff, 0xff, 0xff, 0xff, 0xff, 0xff, 0xff, 
    0xff, 0xff, 0xff, 0xff, 0xff, 0xff, 0xff, 0xff, 
    0xff, 0xff, 0xff, 0xff, 0xff, 0xff, 0xff, 0xff, 
    0xff, 0xff, 0xff, 0xff, 0xff, 0xff, 0xff, 0xff, 
    0xf1, 0x2e, 0x98, 0xff, 0xff, 0xff, 0x90, 0x31, 
    0xf4, 0xff, 0xff, 0xff, 0xff, 0xff, 0xff, 0xea, 
    0x1f, 0x02, 0xa3, 0xff, 0x9c, 0x01, 0x23, 0xed, 
    0xff, 0xff, 0xff, 0xff, 0xff, 0xff, 0xff, 0xdc, 
    0x1a, 0x03, 0x6c, 0x02, 0x1e, 0xe1, 0xff, 0xff, 
    0xff, 0xff, 0xff, 0xff, 0xff, 0xff, 0xff, 0xd6, 
    0x13, 0x00, 0x16, 0xdb, 0xff, 0xff, 0xff, 0xff, 
    0xff, 0xff, 0xff, 0xff, 0xff, 0xff, 0xb7, 0x06, 
    0x00, 0x08, 0xbd, 0xff, 0xff, 0xff, 0xff, 0xff, 
    0xff, 0xff, 0xff, 0xff, 0xbf, 0x09, 0x0f, 0x98, 
    0x0c, 0x0b, 0xc4, 0xff, 0xff, 0xff, 0xff, 0xff, 
    0xff, 0xff, 0xdf, 0x0c, 0x0b, 0xc5, 0xff, 0xbf, 
    0x09, 0x0e, 0xe7, 0xff, 0xff, 0xff, 0xff, 0xff, 
    0xff, 0xf8, 0x5a, 0xbd, 0xff, 0xff, 0xff, 0xb7, 
    0x64, 0xfc, 0xff, 0xff, 0xff, 0xff, 0xff, 0xff, 
    0xff, 0xff, 0xff, 0xff, 0xff, 0xff, 0xff, 0xff, 
    0xff, 0xff, 0xff, 0xff, 0xff, 0xff, 0xff, 0xff, 
    0xff, 0xff, 0xff, 0xff, 0xff, 0xff, 0xff, 0xff, 
    0xff, 0xff, 0xff, 0xff, 0xff, 0xff, 0xff, 0xff, 
    0xff, 0xff, 0xff, 0xff, 0xff, 0xff, 0xff, 0xff, 
    0xff, 0xff, 0xff, 0xff, 0xff, 0xff, 0xff, 0xff, 
    0xff, 0xff, 0xff, 0xff, 0xff, 0xff, 0xff, 0xff, 
    0xff, 0xff, 0xff, 0xff, 0xff, 0xff, 0xff, 0xff, 
    0xff, 0xff, 0xff, 0xff, 0xff, 0xff, 0xff, 0xff, 
    0xff, 0xff, 0xff, 0xff, 0xff, 0xff, 0xff, 0xff, 
    0xff, 0xff, 0xff, 0xff, 0xff, 0xff, 0xff, 0xff, 
    0xff, 0xff, 0xff, 0xff, 0xff, 0xff, 0xff, 0xff, 
    0xff, 0xff, 0xff, 0xff, 0xff, 0xff, 0xff, 0xff, 
    0xff, 0xff, 0xff, 0xff, 0xff, 0xff, 0xff, 0xff, 
    0xff, 0xff, 0xff, 0xff, 0xff, 0xff, 0xff, 0xff, 
    0xff, 0xff, 0xff, 0xff, 0xff, 0xff, 0xff, 0xff, 
    0xff, 0xff, 0xff, 0xff, 0xff, 0xff, 0xff, 0xff, 
    0xff, 0xff, 0xff, 0xff, 0xff, 0xff, 0xff, 0xff, 
    0xff, 0xff, 0xff, 0xff, 0xff, 0xff, 0xff, 0xff, 
    0xff, 0xff, 0xff, 0xff, 0xff, 0xff, 0xff, 0xff, 
    0xff, 0xff, 0xff, 0xff, 0xff, 0xff, 0xff, 0xff, 
    0xff, 0xff, 0xff, 0xff, 0xff, 0xff, 0xff, 0xff, 
    0xff, 0xff, 0xff, 0xff, 0xff, 0xff, 0xff, 0xff, 
    0xff, 0xff, 0xff, 0xff, 0xff, 0xff, 0xff, 0xff, 
    0xff, 0xff, 0xff, 0xff, 0xff, 0xff, 0xff, 0xff, 
    0xff, 0xff, 0xff, 0xff, 0xff, 0xff, 0xff, 0xff, 
    0xff, 0xff, 0xff, 0xff, 0xff, 0xff, 0xff, 0xff, 
    0xff, 0xff, 0xff, 0xff, 0xff, 0xff, 0xff, 0xff, 
    0xff, 0xff, 0xff, 0xff, 0xff, 0xff, 0xff, 0xff, 
    0xff, 0xff, 0xff, 0xff, 0xff, 0xff, 0xff, 0xff, 
    0xff, 0xff, 0xff, 0xff, 0xff, 0xff, 0xff, 0xff, 
    0xff, 0xff, 0xff, 0xff, 0xff, 0xff, 0xff, 0xff, 
    0xff, 0xff, 0xff, 0xff, 0xff, 0xff, 0xff, 0xff, 
    0xff, 0xff, 0xff, 0xff, 0xff, 0xff, 0xff, 0xff, 
    0xff, 0xff, 0xff, 0xff, 0xff, 0xff, 0xff, 0xff, 
    0xff, 0xff, 0xff, 0xff, 0xff, 0xff, 0xff, 0xa7, 
    0x04, 0x7f, 0xff, 0xff, 0xff, 0xff, 0xff, 0xff, 
    0xff, 0xff, 0xff, 0xff, 0xff, 0xff, 0xff, 0xff, 
    0xff, 0x35, 0x00, 0xd3, 0xff, 0xff, 0xff, 0xff, 
    0xff, 0xff, 0xff, 0xff, 0xff, 0xfc, 0x9a, 0x3b, 
    0x0f, 0x06, 0x23, 0x00, 0x41, 0xff, 0xff, 0xff, 
    0xff, 0xff, 0xff, 0xff, 0xff, 0xff, 0xfa, 0x49, 
    0x00, 0x00, 0x05, 0x0a, 0x00, 0x00, 0x0e, 0xc8, 
    0xff, 0xff, 0xff, 0xff, 0xff, 0xff, 0xff, 0xff, 
    0x84, 0x00, 0x03, 0x94, 0xfb, 0xe0, 0x03, 0x00, 
    0x00, 0x29, 0xfc, 0xff, 0xff, 0xff, 0xff, 0xff, 
    0xff, 0xfe, 0x16, 0x00, 0x71, 0xff, 0xff, 0x6b, 
    0x00, 0x64, 0x00, 0x00, 0xc6, 0xff, 0xff, 0xff, 
    0xff, 0xff, 0xff, 0xd7, 0x00, 0x00, 0xcb, 0xff, 
    0xe6, 0x08, 0x35, 0xfb, 0x0c, 0x00, 0x8f, 0xff, 
    0xff, 0xff, 0xff, 0xff, 0xff, 0xbc, 0x00, 0x00, 
    0xe9, 0xff, 0x70, 0x00, 0xb1, 0xff, 0x2b, 0x00, 
    0x7b, 0xff, 0xff, 0xff, 0xff, 0xff, 0xff, 0xbb, 
    0x00, 0x00, 0xe6, 0xe9, 0x0a, 0x2f, 0xfe, 0xff, 
    0x29, 0x00, 0x7e, 0xff, 0xff, 0xff, 0xff, 0xff, 
    0xff, 0xcf, 0x00, 0x00, 0xc6, 0x75, 0x00, 0xaa, 
    0xff, 0xfb, 0x0d, 0x00, 0x9b, 0xff, 0xff, 0xff, 
    0xff, 0xff, 0xff, 0xf9, 0x0a, 0x00, 0x57, 0x0c, 
    0x29, 0xfd, 0xff, 0xaf, 0x00, 0x00, 0xd9, 0xff, 
    0xff, 0xff, 0xff, 0xff, 0xff, 0xff, 0x62, 0x00, 
    0x00, 0x00, 0x9d, 0xff, 0xbc, 0x13, 0x00, 0x49, 
    0xff, 0xff, 0xff, 0xff, 0xff, 0xff, 0xff, 0xff, 
    0xe8, 0x27, 0x00, 0x00, 0x03, 0x06, 0x00, 0x00, 
    0x24, 0xe3, 0xff, 0xff, 0xff, 0xff, 0xff, 0xff, 
    0xff, 0xff, 0xff, 0x81, 0x00, 0x1d, 0x09, 0x09, 
    0x2c, 0x7d, 0xf0, 0xff, 0xff, 0xff, 0xff, 0xff, 
    0xff, 0xff, 0xff, 0xff, 0xfa, 0x19, 0x08, 0xeb, 
    0xff, 0xff, 0xff, 0xff, 0xff, 0xff, 0xff, 0xff, 
    0xff, 0xff, 0xff, 0xff, 0xff, 0xff, 0xbb, 0x03, 
    0x6d, 0xff, 0xff, 0xff, 0xff, 0xff, 0xff, 0xff, 
    0xff, 0xff, 0xff, 0xff, 0xff, 0xff, 0xff, 0xff, 
    0xff, 0xff, 0xff, 0xff, 0xff, 0xff, 0xff, 0xff, 
    0xff, 0xff, 0xff, 0xff, 0xff, 0xff, 0xff, 0xff, 
    0xff, 0xff, 0xff, 0xff, 0xff, 0xff, 0xff, 0xff, 
    0xff, 0xff, 0xff, 0xff, 0xff, 0xff, 0xff, 0xff, 
    0xff, 0xff, 0xff, 0xff, 0xff, 0xff, 0xff, 0xff, 
    0xff, 0xff, 0xff, 0xff, 0xff, 0xff, 0xff, 0xff, 
    0xff, 0xff, 0xff, 0xff, 0xff, 0xff, 0xff, 0xff, 
    0xff, 0xff, 0xff, 0xff, 0xff, 0xff, 0xff, 0xff, 
    0xff, 0xff, 0xff, 0xff, 0xff, 0xff, 0xff, 0xff, 
    0xff, 0xff, 0xff, 0xff, 0xff, 0xff, 0xff, 0xff, 
    0xff, 0xff, 0xff, 0xff, 0xff, 0xff, 0xff, 0xff, 
    0xff, 0xff, 0xff, 0xff, 0xff, 0xff, 0xff, 0xff, 
    0xff, 0xff, 0xff, 0xff, 0xff, 0xff, 0xff, 0xff, 
    0xff, 0xff, 0xff, 0xff, 0xff, 0xff, 0xff, 0xff, 
    0xff, 0xff, 0xff, 0xff, 0xff, 0xff, 0xff, 0xff, 
    0xff, 0xff, 0xff, 0xff, 0xff, 0xff, 0xff, 0xff, 
    0xff, 0xff, 0xff, 0xff, 0xff, 0xff, 0xff, 0xff, 
    0xff, 0xff, 0xff, 0xff, 0xff, 0xff, 0xff, 0xff, 
    0xff, 0xff, 0xff, 0xff, 0xff, 0xff, 0xff, 0xff, 
    0xff, 0xff, 0xff, 0xff, 0xff, 0xff, 0xff, 0xff, 
    0xff, 0xff, 0xff, 0xff, 0xff, 0xff, 0xff, 0xff, 
    0xff, 0xff, 0xff, 0xff, 0xff, 0xff, 0xff, 0xff, 
    0xff, 0xff, 0xff, 0xff, 0xff, 0xff, 0xff, 0xff, 
    0xff, 0xff, 0xff, 0xff, 0xff, 0xff, 0xff, 0xff, 
    0xff, 0xff, 0xff, 0xff, 0xff, 0xff, 0xff, 0xff, 
    0xff, 0xff, 0xff, 0xff, 0xe7, 0x84, 0x91, 0xfa, 
    0xff, 0xff, 0xff, 0xff, 0xff, 0xff, 0xff, 0xff, 
    0xff, 0xff, 0xff, 0xff, 0xfc, 0x6a, 0x00, 0x54, 
    0xfc, 0xff, 0xff, 0xff, 0xff, 0xff, 0xff, 0xff, 
    0xff, 0xff, 0xff, 0xff, 0xff, 0xff, 0x90, 0x0a, 
    0x74, 0xff, 0xff, 0xff, 0xff, 0xff, 0xff, 0xff, 
    0xff, 0xff, 0xff, 0xff, 0xff, 0xff, 0xff, 0xff, 
    0xff, 0xff, 0xff, 0xff, 0xff, 0xff, 0xff, 0xff, 
    0xff, 0xff, 0xff, 0x4e, 0x03, 0x85, 0xff, 0xff, 
    0xff, 0xff, 0x4e, 0x03, 0x8c, 0xff, 0xff, 0xff, 
    0xff, 0xff, 0xff, 0x3b, 0x00, 0x73, 0xff, 0xff, 
    0xff, 0xff, 0x3b, 0x00, 0x7b, 0xff, 0xff, 0xff, 
    0xff, 0xff, 0xff, 0x3b, 0x00, 0x73, 0xff, 0xff, 
    0xff, 0xff, 0x3b, 0x00, 0x7b, 0xff, 0xff, 0xff, 
    0xff, 0xff, 0xff, 0x3b, 0x00, 0x73, 0xff, 0xff, 
    0xff, 0xff, 0x3b, 0x00, 0x7b, 0xff, 0xff, 0xff, 
    0xff, 0xff, 0xff, 0x3b, 0x00, 0x73, 0xff, 0xff, 
    0xff, 0xff, 0x3b, 0x00, 0x7b, 0xff, 0xff, 0xff, 
    0xff, 0xff, 0xff, 0x3b, 0x00, 0x73, 0xff, 0xff, 
    0xff, 0xff, 0x3b, 0x00, 0x7b, 0xff, 0xff, 0xff, 
    0xff, 0xff, 0xff, 0x3b, 0x00, 0x73, 0xff, 0xff, 
    0xff, 0xff, 0x3b, 0x00, 0x7b, 0xff, 0xff, 0xff, 
    0xff, 0xff, 0xff, 0x3e, 0x00, 0x6b, 0xff, 0xff, 
    0xff, 0xff, 0x35, 0x00, 0x7f, 0xff, 0xff, 0xff, 
    0xff, 0xff, 0xff, 0x53, 0x00, 0x3d, 0xff, 0xff, 
    0xff, 0xf6, 0x0e, 0x00, 0x98, 0xff, 0xff, 0xff, 
    0xff, 0xff, 0xff, 0x96, 0x00, 0x00, 0x88, 0xf0, 
    0xe8, 0x5e, 0x00, 0x03, 0xdf, 0xff, 0xff, 0xff, 
    0xff, 0xff, 0xff, 0xf6, 0x2e, 0x00, 0x00, 0x00, 
    0x00, 0x00, 0x00, 0x7d, 0xff, 0xff, 0xff, 0xff, 
    0xff, 0xff, 0xff, 0xff, 0xf0, 0x73, 0x23, 0x05, 
    0x0c, 0x3b, 0xa6, 0xff, 0xff, 0xff, 0xff, 0xff, 
    0xff, 0xff, 0xff, 0xff, 0xff, 0xff, 0xff, 0xff, 
    0xff, 0xff, 0xff, 0xff, 0xff, 0xff, 0xff, 0xff, 
    0xff, 0xff, 0xff, 0xff, 0xff, 0xff, 0xff, 0xff, 
    0xff, 0xff, 0xff, 0xff, 0xff, 0xff, 0xff, 0xff, 
    0xff, 0xff, 0xff, 0xff, 0xff, 0xff, 0xff, 0xff, 
    0xff, 0xff, 0xff, 0xff, 0xff, 0xff, 0xff, 0xff, 
    0xff, 0xff, 0xff, 0xff, 0xff, 0xff, 0xff, 0xff, 
    0xff, 0xff, 0xff, 0xff, 0xff, 0xff, 0xff, 0xff, 
    0xff, 0xff, 0xff, 0xff, 0xff, 0xff, 0xff, 0xff, 
    0xff, 0xff, 0xff, 0xff, 0xff, 0xff, 0xff, 0xff, 
    0xff, 0xff, 0xff, 0xff, 0xff, 0xff, 0xff, 0xff, 
    0xff, 0xff, 0xff, 0xff, 0xff, 0xff, 0xff, 0xff, 
    0xff, 0xff, 0xff, 0xff, 0xff, 0xff, 0xff, 0xff, 
    0xff, 0xff, 0xff, 0xff, 0xff, 0xff, 0xff, 0xff, 
    0xff, 0xff, 0xff, 0xff, 0xff, 0xff, 0xff, 0xff, 
    0xff, 0xff, 0xff, 0xff, 0xff, 0xff, 0xff, 0xff, 
    0xff, 0xff, 0xff, 0xff, 0xff, 0xff, 0xff, 0xff, 
    0xff, 0xff, 0xff, 0xff, 0xff, 0xff, 0xff, 0xff, 
    0xff, 0xff, 0xff, 0xff, 0xff, 0xff, 0xff, 0xff, 
    0xff, 0xff, 0xff, 0xff, 0xff, 0xff, 0xff, 0xff, 
    0xff, 0xff, 0xff, 0xff, 0xff, 0xff, 0xff, 0xff, 
    0xff, 0xff, 0xff, 0xff, 0xff, 0xff, 0xff, 0xff, 
    0xff, 0xff, 0xff, 0xff, 0xff, 0xff, 0xff, 0xff, 
    0xff, 0xff, 0xff, 0xff, 0xff, 0xff, 0xff, 0xff, 
    0xff, 0xff, 0xff, 0xff, 0xff, 0xff, 0xff, 0xff, 
    0xff, 0xff, 0xff, 0xff, 0xff, 0xff, 0xff, 0xff, 
    0xff, 0xff, 0xff, 0xff, 0xff, 0xff, 0xff, 0xff, 
    0xff, 0xff, 0xff, 0xff, 0xff, 0xff, 0xff, 0xff, 
    0xff, 0xff, 0xff, 0xff, 0xff, 0xff, 0xff, 0xff, 
    0xd6, 0x82, 0x9f, 0xff, 0xff, 0xff, 0xff, 0xff, 
    0xff, 0xff, 0xff, 0xff, 0xff, 0xff, 0xff, 0xd8, 
    0x15, 0x0e, 0xb9, 0xff, 0xff, 0xff, 0xff, 0xff, 
    0xff, 0xff, 0xff, 0xff, 0xff, 0xff, 0xf2, 0x1f, 
    0x29, 0xd5, 0xff, 0xff, 0xff, 0xff, 0xff, 0xff, 
    0xff, 0xff, 0xff, 0xff, 0xff, 0xff, 0xff, 0xff, 
    0xff, 0xff, 0xff, 0xff, 0xff, 0xff, 0xff, 0xff, 
    0xff, 0xff, 0xff, 0x4e, 0x03, 0x85, 0xff, 0xff, 
    0xff, 0xff, 0x4e, 0x03, 0x8c, 0xff, 0xff, 0xff, 
    0xff, 0xff, 0xff, 0x3b, 0x00, 0x73, 0xff, 0xff, 
    0xff, 0xff, 0x3b, 0x00, 0x7b, 0xff, 0xff, 0xff, 
    0xff, 0xff, 0xff, 0x3b, 0x00, 0x73, 0xff, 0xff, 
    0xff, 0xff, 0x3b, 0x00, 0x7b, 0xff, 0xff, 0xff, 
    0xff, 0xff, 0xff, 0x3b, 0x00, 0x73, 0xff, 0xff, 
    0xff, 0xff, 0x3b, 0x00, 0x7b, 0xff, 0xff, 0xff, 
    0xff, 0xff, 0xff, 0x3b, 0x00, 0x73, 0xff, 0xff, 
    0xff, 0xff, 0x3b, 0x00, 0x7b, 0xff, 0xff, 0xff, 
    0xff, 0xff, 0xff, 0x3b, 0x00, 0x73, 0xff, 0xff, 
    0xff, 0xff, 0x3b, 0x00, 0x7b, 0xff, 0xff, 0xff, 
    0xff, 0xff, 0xff, 0x3b, 0x00, 0x73, 0xff, 0xff, 
    0xff, 0xff, 0x3b, 0x00, 0x7b, 0xff, 0xff, 0xff, 
    0xff, 0xff, 0xff, 0x3e, 0x00, 0x6b, 0xff, 0xff, 
    0xff, 0xff, 0x35, 0x00, 0x7f, 0xff, 0xff, 0xff, 
    0xff, 0xff, 0xff, 0x53, 0x00, 0x3d, 0xff, 0xff, 
    0xff, 0xf6, 0x0e, 0x00, 0x98, 0xff, 0xff, 0xff, 
    0xff, 0xff, 0xff, 0x96, 0x00, 0x00, 0x88, 0xf0, 
    0xe8, 0x5e, 0x00, 0x03, 0xdf, 0xff, 0xff, 0xff, 
    0xff, 0xff, 0xff, 0xf6, 0x2e, 0x00, 0x00, 0x00, 
    0x00, 0x00, 0x00, 0x7d, 0xff, 0xff, 0xff, 0xff, 
    0xff, 0xff, 0xff, 0xff, 0xf0, 0x73, 0x23, 0x05, 
    0x0c, 0x3b, 0xa6, 0xff, 0xff, 0xff, 0xff, 0xff, 
    0xff, 0xff, 0xff, 0xff, 0xff, 0xff, 0xff, 0xff, 
    0xff, 0xff, 0xff, 0xff, 0xff, 0xff, 0xff, 0xff, 
    0xff, 0xff, 0xff, 0xff, 0xff, 0xff, 0xff, 0xff, 
    0xff, 0xff, 0xff, 0xff, 0xff, 0xff, 0xff, 0xff, 
    0xff, 0xff, 0xff, 0xff, 0xff, 0xff, 0xff, 0xff, 
    0xff, 0xff, 0xff, 0xff, 0xff, 0xff, 0xff, 0xff, 
    0xff, 0xff, 0xff, 0xff, 0xff, 0xff, 0xff, 0xff, 
    0xff, 0xff, 0xff, 0xff, 0xff, 0xff, 0xff, 0xff, 
    0xff, 0xff, 0xff, 0xff, 0xff, 0xff, 0xff, 0xff, 
    0xff, 0xff, 0xff, 0xff, 0xff, 0xff, 0xff, 0xff, 
    0xff, 0xff, 0xff, 0xff, 0xff, 0xff, 0xff, 0xff, 
    0xff, 0xff, 0xff, 0xff, 0xff, 0xff, 0xff, 0xff, 
    0xff, 0xff, 0xff, 0xff, 0xff, 0xff, 0xff, 0xff, 
    0xff, 0xff, 0xff, 0xff, 0xff, 0xff, 0xff, 0xff, 
    0xff, 0xff, 0xff, 0xff, 0xff, 0xff, 0xff, 0xff, 
    0xff, 0xff, 0xff, 0xff, 0xff, 0xff, 0xff, 0xff, 
    0xff, 0xff, 0xff, 0xff, 0xff, 0xff, 0xff, 0xff, 
    0xff, 0xff, 0xff, 0xff, 0xff, 0xff, 0xff, 0xff, 
    0xff, 0xff, 0xff, 0xff, 0xff, 0xff, 0xff, 0xff, 
    0xff, 0xff, 0xff, 0xff, 0xff, 0xff, 0xff, 0xff, 
    0xff, 0xff, 0xff, 0xff, 0xff, 0xff, 0xff, 0xff, 
    0xff, 0xff, 0xff, 0xff, 0xff, 0xff, 0xff, 0xff, 
    0xff, 0xff, 0xff, 0xff, 0xff, 0xff, 0xff, 0xff, 
    0xff, 0xff, 0xff, 0xff, 0xff, 0xff, 0xff, 0xff, 
    0xff, 0xff, 0xff, 0xff, 0xff, 0xff, 0xff, 0xff, 
    0xff, 0xff, 0xff, 0xff, 0xff, 0xff, 0xff, 0xff, 
    0xff, 0xff, 0xff, 0xff, 0xff, 0xff, 0xff, 0xff, 
    0xff, 0xff, 0xff, 0xff, 0xff, 0xff, 0xff, 0xff, 
    0xff, 0xff, 0xff, 0xff, 0xff, 0xff, 0xd3, 0x82, 
    0x8b, 0xf5, 0xff, 0xff, 0xff, 0xff, 0xff, 0xff, 
    0xff, 0xff, 0xff, 0xff, 0xff, 0xd0, 0x11, 0x1d, 
    0x06, 0x41, 0xf6, 0xff, 0xff, 0xff, 0xff, 0xff, 
    0xff, 0xff, 0xff, 0xff, 0xe4, 0x16, 0x22, 0xe0, 
    0xa8, 0x06, 0x4a, 0xff, 0xff, 0xff, 0xff, 0xff, 
    0xff, 0xff, 0xff, 0xff, 0xff, 0xff, 0xff, 0xff, 
    0xff, 0xff, 0xff, 0xff, 0xff, 0xff, 0xff, 0xff, 
    0xff, 0xff, 0xff, 0x4e, 0x03, 0x85, 0xff, 0xff, 
    0xff, 0xff, 0x4e, 0x03, 0x8c, 0xff, 0xff, 0xff, 
    0xff, 0xff, 0xff, 0x3b, 0x00, 0x73, 0xff, 0xff, 
    0xff, 0xff, 0x3b, 0x00, 0x7b, 0xff, 0xff, 0xff, 
    0xff, 0xff, 0xff, 0x3b, 0x00, 0x73, 0xff, 0xff, 
    0xff, 0xff, 0x3b, 0x00, 0x7b, 0xff, 0xff, 0xff, 
    0xff, 0xff, 0xff, 0x3b, 0x00, 0x73, 0xff, 0xff, 
    0xff, 0xff, 0x3b, 0x00, 0x7b, 0xff, 0xff, 0xff, 
    0xff, 0xff, 0xff, 0x3b, 0x00, 0x73, 0xff, 0xff, 
    0xff, 0xff, 0x3b, 0x00, 0x7b, 0xff, 0xff, 0xff, 
    0xff, 0xff, 0xff, 0x3b, 0x00, 0x73, 0xff, 0xff, 
    0xff, 0xff, 0x3b, 0x00, 0x7b, 0xff, 0xff, 0xff, 
    0xff, 0xff, 0xff, 0x3b, 0x00, 0x73, 0xff, 0xff, 
    0xff, 0xff, 0x3b, 0x00, 0x7b, 0xff, 0xff, 0xff, 
    0xff, 0xff, 0xff, 0x3e, 0x00, 0x6b, 0xff, 0xff, 
    0xff, 0xff, 0x35, 0x00, 0x7f, 0xff, 0xff, 0xff, 
    0xff, 0xff, 0xff, 0x53, 0x00, 0x3d, 0xff, 0xff, 
    0xff, 0xf6, 0x0e, 0x00, 0x98, 0xff, 0xff, 0xff, 
    0xff, 0xff, 0xff, 0x96, 0x00, 0x00, 0x88, 0xf0, 
    0xe8, 0x5e, 0x00, 0x03, 0xdf, 0xff, 0xff, 0xff, 
    0xff, 0xff, 0xff, 0xf6, 0x2e, 0x00, 0x00, 0x00, 
    0x00, 0x00, 0x00, 0x7d, 0xff, 0xff, 0xff, 0xff, 
    0xff, 0xff, 0xff, 0xff, 0xf0, 0x73, 0x23, 0x05, 
    0x0c, 0x3b, 0xa6, 0xff, 0xff, 0xff, 0xff, 0xff, 
    0xff, 0xff, 0xff, 0xff, 0xff, 0xff, 0xff, 0xff, 
    0xff, 0xff, 0xff, 0xff, 0xff, 0xff, 0xff, 0xff, 
    0xff, 0xff, 0xff, 0xff, 0xff, 0xff, 0xff, 0xff, 
    0xff, 0xff, 0xff, 0xff, 0xff, 0xff, 0xff, 0xff, 
    0xff, 0xff, 0xff, 0xff, 0xff, 0xff, 0xff, 0xff, 
    0xff, 0xff, 0xff, 0xff, 0xff, 0xff, 0xff, 0xff, 
    0xff, 0xff, 0xff, 0xff, 0xff, 0xff, 0xff, 0xff, 
    0xff, 0xff, 0xff, 0xff, 0xff, 0xff, 0xff, 0xff, 
    0xff, 0xff, 0xff, 0xff, 0xff, 0xff, 0xff, 0xff, 
    0xff, 0xff, 0xff, 0xff, 0xff, 0xff, 0xff, 0xff, 
    0xff, 0xff, 0xff, 0xff, 0xff, 0xff, 0xff, 0xff, 
    0xff, 0xff, 0xff, 0xff, 0xff, 0xff, 0xff, 0xff, 
    0xff, 0xff, 0xff, 0xff, 0xff, 0xff, 0xff, 0xff, 
    0xff, 0xff, 0xff, 0xff, 0xff, 0xff, 0xff, 0xff, 
    0xff, 0xff, 0xff, 0xff, 0xff, 0xff, 0xff, 0xff, 
    0xff, 0xff, 0xff, 0xff, 0xff, 0xff, 0xff, 0xff, 
    0xff, 0xff, 0xff, 0xff, 0xff, 0xff, 0xff, 0xff, 
    0xff, 0xff, 0xff, 0xff, 0xff, 0xff, 0xff, 0xff, 
    0xff, 0xff, 0xff, 0xff, 0xff, 0xff, 0xff, 0xff, 
    0xff, 0xff, 0xff, 0xff, 0xff, 0xff, 0xff, 0xff, 
    0xff, 0xff, 0xff, 0xff, 0xff, 0xff, 0xff, 0xff, 
    0xff, 0xff, 0xff, 0xff, 0xff, 0xff, 0xff, 0xff, 
    0xff, 0xff, 0xff, 0xff, 0xff, 0xff, 0xff, 0xff, 
    0xff, 0xff, 0xff, 0xff, 0xff, 0xff, 0xff, 0xff, 
    0xff, 0xff, 0xff, 0xff, 0xff, 0xff, 0xff, 0xff, 
    0xff, 0xff, 0xff, 0xff, 0xff, 0xff, 0xff, 0xff, 
    0xff, 0xff, 0xff, 0xff, 0xff, 0xff, 0xff, 0xff, 
    0xff, 0xff, 0xff, 0xff, 0xff, 0xff, 0xff, 0xff, 
    0xff, 0xff, 0xff, 0xff, 0xff, 0xcc, 0xd4, 0xff, 
    0xfd, 0xc3, 0xdf, 0xff, 0xff, 0xff, 0xff, 0xff, 
    0xff, 0xff, 0xff, 0xff, 0xd8, 0x00, 0x03, 0xf3, 
    0xaf, 0x00, 0x1f, 0xff, 0xff, 0xff, 0xff, 0xff, 
    0xff, 0xff, 0xff, 0xff, 0xe6, 0x13, 0x21, 0xfa, 
    0xc7, 0x0b, 0x44, 0xff, 0xff, 0xff, 0xff, 0xff, 
    0xff, 0xff, 0xff, 0xff, 0xff, 0xff, 0xff, 0xff, 
    0xff, 0xff, 0xff, 0xff, 0xff, 0xff, 0xff, 0xff, 
    0xff, 0xff, 0xff, 0x4e, 0x03, 0x85, 0xff, 0xff, 
    0xff, 0xff, 0x4e, 0x03, 0x8c, 0xff, 0xff, 0xff, 
    0xff, 0xff, 0xff, 0x3b, 0x00, 0x73, 0xff, 0xff, 
    0xff, 0xff, 0x3b, 0x00, 0x7b, 0xff, 0xff, 0xff, 
    0xff, 0xff, 0xff, 0x3b, 0x00, 0x73, 0xff, 0xff, 
    0xff, 0xff, 0x3b, 0x00, 0x7b, 0xff, 0xff, 0xff, 
    0xff, 0xff, 0xff, 0x3b, 0x00, 0x73, 0xff, 0xff, 
    0xff, 0xff, 0x3b, 0x00, 0x7b, 0xff, 0xff, 0xff, 
    0xff, 0xff, 0xff, 0x3b, 0x00, 0x73, 0xff, 0xff, 
    0xff, 0xff, 0x3b, 0x00, 0x7b, 0xff, 0xff, 0xff, 
    0xff, 0xff, 0xff, 0x3b, 0x00, 0x73, 0xff, 0xff, 
    0xff, 0xff, 0x3b, 0x00, 0x7b, 0xff, 0xff, 0xff, 
    0xff, 0xff, 0xff, 0x3b, 0x00, 0x73, 0xff, 0xff, 
    0xff, 0xff, 0x3b, 0x00, 0x7b, 0xff, 0xff, 0xff, 
    0xff, 0xff, 0xff, 0x3e, 0x00, 0x6b, 0xff, 0xff, 
    0xff, 0xff, 0x35, 0x00, 0x7f, 0xff, 0xff, 0xff, 
    0xff, 0xff, 0xff, 0x53, 0x00, 0x3d, 0xff, 0xff, 
    0xff, 0xf6, 0x0e, 0x00, 0x98, 0xff, 0xff, 0xff, 
    0xff, 0xff, 0xff, 0x96, 0x00, 0x00, 0x88, 0xf0, 
    0xe8, 0x5e, 0x00, 0x03, 0xdf, 0xff, 0xff, 0xff, 
    0xff, 0xff, 0xff, 0xf6, 0x2e, 0x00, 0x00, 0x00, 
    0x00, 0x00, 0x00, 0x7d, 0xff, 0xff, 0xff, 0xff, 
    0xff, 0xff, 0xff, 0xff, 0xf0, 0x73, 0x23, 0x05, 
    0x0c, 0x3b, 0xa6, 0xff, 0xff, 0xff, 0xff, 0xff, 
    0xff, 0xff, 0xff, 0xff, 0xff, 0xff, 0xff, 0xff, 
    0xff, 0xff, 0xff, 0xff, 0xff, 0xff, 0xff, 0xff, 
    0xff, 0xff, 0xff, 0xff, 0xff, 0xff, 0xff, 0xff, 
    0xff, 0xff, 0xff, 0xff, 0xff, 0xff, 0xff, 0xff, 
    0xff, 0xff, 0xff, 0xff, 0xff, 0xff, 0xff, 0xff, 
    0xff, 0xff, 0xff, 0xff, 0xff, 0xff, 0xff, 0xff, 
    0xff, 0xff, 0xff, 0xff, 0xff, 0xff, 0xff, 0xff, 
    0xff, 0xff, 0xff, 0xff, 0xff, 0xff, 0xff, 0xff, 
    0xff, 0xff, 0xff, 0xff, 0xff, 0xff, 0xff, 0xff, 
    0xff, 0xff, 0xff, 0xff, 0xff, 0xff, 0xff, 0xff, 
    0xff, 0xff, 0xff, 0xff, 0xff, 0xff, 0xff, 0xff, 
    0xff, 0xff, 0xff, 0xff, 0xff, 0xff, 0xff, 0xff, 
    0xff, 0xff, 0xff, 0xff, 0xff, 0xff, 0xff, 0xff, 
    0xff, 0xff, 0xff, 0xff, 0xff, 0xff, 0xff, 0xff, 
    0xff, 0xff, 0xff, 0xff, 0xff, 0xff, 0xff, 0xff, 
    0xff, 0xff, 0xff, 0xff, 0xff, 0xff, 0xff, 0xff, 
    0xff, 0xff, 0xff, 0xff, 0xff, 0xff, 0xff, 0xff, 
    0xff, 0xff, 0xff, 0xff, 0xff, 0xff, 0xff, 0xff, 
    0xff, 0xff, 0xff, 0xff, 0xff, 0xff, 0xff, 0xff, 
    0xff, 0xff, 0xff, 0xff, 0xff, 0xff, 0xff, 0xff, 
    0xff, 0xff, 0xff, 0xff, 0xff, 0xff, 0xff, 0xff, 
    0xff, 0xff, 0xff, 0xff, 0xff, 0xff, 0xff, 0xff, 
    0xff, 0xff, 0xff, 0xff, 0xff, 0xff, 0xff, 0xff, 
    0xff, 0xff, 0xff, 0xff, 0xff, 0xff, 0xff, 0xff, 
    0xff, 0xff, 0xff, 0xff, 0xff, 0xff, 0xff, 0xff, 
    0xff, 0xff, 0xff, 0xff, 0xff, 0xff, 0xff, 0xff, 
    0xff, 0xff, 0xff, 0xff, 0xff, 0xff, 0xff, 0xff, 
    0xff, 0xff, 0xff, 0xff, 0xff, 0xff, 0xff, 0xff, 
    0xff, 0xff, 0xff, 0xff, 0xff, 0xff, 0xff, 0xff, 
    0xe1, 0x84, 0x91, 0xff, 0xff, 0xff, 0xff, 0xff, 
    0xff, 0xff, 0xff, 0xff, 0xff, 0xff, 0xff, 0xe5, 
    0x21, 0x08, 0xa7, 0xff, 0xff, 0xff, 0xff, 0xff, 
    0xff, 0xff, 0xff, 0xff, 0xff, 0xff, 0xfb, 0x2e, 
    0x1e, 0xc7, 0xff, 0xff, 0xff, 0xff, 0xff, 0xff, 
    0xff, 0xff, 0xff, 0xff, 0xff, 0xff, 0xff, 0xff, 
    0xff, 0xff, 0xff, 0xff, 0xff, 0xff, 0xff, 0xff, 
    0xff, 0xff, 0xff, 0x4f, 0x01, 0x4a, 0xff, 0xff, 
    0xff, 0xb1, 0x06, 0x09, 0xed, 0xff, 0xff, 0xff, 
    0xff, 0xff, 0xff, 0xaa, 0x00, 0x00, 0xce, 0xff, 
    0xff, 0x3d, 0x00, 0x4f, 0xff, 0xff, 0xff, 0xff, 
    0xff, 0xff, 0xff, 0xfd, 0x28, 0x00, 0x5f, 0xff, 
    0xd0, 0x00, 0x00, 0xc9, 0xff, 0xff, 0xff, 0xff, 
    0xff, 0xff, 0xff, 0xff, 0xa0, 0x00, 0x07, 0xea, 
    0x63, 0x00, 0x45, 0xff, 0xff, 0xff, 0xff, 0xff, 
    0xff, 0xff, 0xff, 0xff, 0xfb, 0x1f, 0x00, 0x80, 
    0x0b, 0x00, 0xbf, 0xff, 0xff, 0xff, 0xff, 0xff, 
    0xff, 0xff, 0xff, 0xff, 0xff, 0x95, 0x00, 0x05, 
    0x00, 0x3a, 0xff, 0xff, 0xff, 0xff, 0xff, 0xff, 
    0xff, 0xff, 0xff, 0xff, 0xff, 0xf7, 0x18, 0x00, 
    0x00, 0xb5, 0xff, 0xff, 0xff, 0xff, 0xff, 0xff, 
    0xff, 0xff, 0xff, 0xff, 0xff, 0xff, 0x78, 0x00, 
    0x1c, 0xff, 0xff, 0xff, 0xff, 0xff, 0xff, 0xff, 
    0xff, 0xff, 0xff, 0xff, 0xff, 0xff, 0x83, 0x00, 
    0x27, 0xff, 0xff, 0xff, 0xff, 0xff, 0xff, 0xff, 
    0xff, 0xff, 0xff, 0xff, 0xff, 0xff, 0x83, 0x00, 
    0x27, 0xff, 0xff, 0xff, 0xff, 0xff, 0xff, 0xff, 
    0xff, 0xff, 0xff, 0xff, 0xff, 0xff, 0x83, 0x00, 
    0x27, 0xff, 0xff, 0xff, 0xff, 0xff, 0xff, 0xff, 
    0xff, 0xff, 0xff, 0xff, 0xff, 0xff, 0x94, 0x04, 
    0x3c, 0xff, 0xff, 0xff, 0xff, 0xff, 0xff, 0xff, 
    0xff, 0xff, 0xff, 0xff, 0xff, 0xff, 0xff, 0xff, 
    0xff, 0xff, 0xff, 0xff, 0xff, 0xff, 0xff, 0xff, 
    0xff, 0xff, 0xff, 0xff, 0xff, 0xff, 0xff, 0xff, 
    0xff, 0xff, 0xff, 0xff, 0xff, 0xff, 0xff, 0xff, 
    0xff, 0xff, 0xff, 0xff, 0xff, 0xff, 0xff, 0xff, 
    0xff, 0xff, 0xff, 0xff, 0xff, 0xff, 0xff, 0xff, 
    0xff, 0xff, 0xff, 0xff, 0xff, 0xff, 0xff, 0xff, 
    0xff, 0xff, 0xff, 0xff, 0xff, 0xff, 0xff, 0xff, 
    0xff, 0xff, 0xff, 0xff, 0xff, 0xff, 0xff, 0xff, 
    0xff, 0xff, 0xff, 0xff, 0xff, 0xff, 0xff, 0xff, 
    0xff, 0xff, 0xff, 0xff, 0xff, 0xff, 0xff, 0xff, 
    0xff, 0xff, 0xff, 0xff, 0xff, 0xff, 0xff, 0xff, 
    0xff, 0xff, 0xff, 0xff, 0xff, 0xff, 0xff, 0xff, 
    0xff, 0xff, 0xff, 0xff, 0xff, 0xff, 0xff, 0xff, 
    0xff, 0xff, 0xff, 0xff, 0xff, 0xff, 0xff, 0xff, 
    0xff, 0xff, 0xff, 0xff, 0xff, 0xff, 0xff, 0xff, 
    0xff, 0xff, 0xff, 0xff, 0xff, 0xff, 0xff, 0xff, 
    0xff, 0xff, 0xff, 0xff, 0xff, 0xff, 0xff, 0xff, 
    0xff, 0xff, 0xff, 0xff, 0xff, 0xff, 0xff, 0xff, 
    0xff, 0xff, 0xff, 0xff, 0xff, 0xff, 0xff, 0xff, 
    0xff, 0xff, 0xff, 0xff, 0xff, 0xff, 0xff, 0xff, 
    0xff, 0xff, 0xff, 0xff, 0xff, 0xff, 0xff, 0xff, 
    0xff, 0xff, 0xff, 0xff, 0xff, 0xff, 0xff, 0xff, 
    0xff, 0xff, 0xff, 0xff, 0xff, 0xff, 0xff, 0xff, 
    0xff, 0xff, 0xff, 0xff, 0xff, 0xff, 0xff, 0xff, 
    0xff, 0xff, 0xff, 0xff, 0xff, 0xff, 0xff, 0xff, 
    0xff, 0xff, 0xff, 0xff, 0xff, 0xff, 0xff, 0xff, 
    0xff, 0xff, 0xff, 0xff, 0xff, 0xff, 0xff, 0xff, 
    0xff, 0xff, 0xff, 0xff, 0xff, 0xff, 0xff, 0xff, 
    0xff, 0xff, 0xff, 0xff, 0xff, 0xff, 0xff, 0xff, 
    0xff, 0xff, 0xff, 0xff, 0xff, 0xff, 0xff, 0xff, 
    0xff, 0xff, 0xff, 0xff, 0xff, 0xff, 0xff, 0xff, 
    0xff, 0xff, 0xff, 0xff, 0xff, 0xff, 0xff, 0xff, 
    0xff, 0xff, 0xff, 0xff, 0xff, 0xff, 0xff, 0xff, 
    0xff, 0xff, 0xff, 0xff, 0xff, 0xff, 0xff, 0xff, 
    0xff, 0x4e, 0x03, 0x84, 0xff, 0xff, 0xff, 0xff, 
    0xff, 0xff, 0xff, 0xff, 0xff, 0xff, 0xff, 0xff, 
    0x3b, 0x00, 0x73, 0xff, 0xff, 0xff, 0xff, 0xff, 
    0xff, 0xff, 0xff, 0xff, 0xff, 0xff, 0xff, 0x3b, 
    0x00, 0x00, 0x00, 0x0c, 0x3f, 0xb2, 0xff, 0xff, 
    0xff, 0xff, 0xff, 0xff, 0xff, 0xff, 0x3b, 0x00, 
    0x10, 0x23, 0x09, 0x00, 0x01, 0xa9, 0xff, 0xff, 
    0xff, 0xff, 0xff, 0xff, 0xff, 0x3b, 0x00, 0x73, 
    0xff, 0xf0, 0x31, 0x00, 0x2c, 0xff, 0xff, 0xff, 
    0xff, 0xff, 0xff, 0xff, 0x3b, 0x00, 0x73, 0xff, 
    0xff, 0x90, 0x00, 0x04, 0xfd, 0xff, 0xff, 0xff, 
    0xff, 0xff, 0xff, 0x3b, 0x00, 0x73, 0xff, 0xff, 
    0x80, 0x00, 0x0c, 0xff, 0xff, 0xff, 0xff, 0xff, 
    0xff, 0xff, 0x3b, 0x00, 0x73, 0xfe, 0xcc, 0x1a, 
    0x00, 0x4f, 0xff, 0xff, 0xff, 0xff, 0xff, 0xff, 
    0xff, 0x3b, 0x00, 0x00, 0x00, 0x00, 0x00, 0x15, 
    0xd8, 0xff, 0xff, 0xff, 0xff, 0xff, 0xff, 0xff, 
    0x3b, 0x00, 0x0e, 0x21, 0x33, 0x74, 0xed, 0xff, 
    0xff, 0xff, 0xff, 0xff, 0xff, 0xff, 0xff, 0x3b, 
    0x00, 0x73, 0xff, 0xff, 0xff, 0xff, 0xff, 0xff, 
    0xff, 0xff, 0xff, 0xff, 0xff, 0xff, 0x4a, 0x01, 
    0x80, 0xff, 0xff, 0xff, 0xff, 0xff, 0xff, 0xff, 
    0xff, 0xff, 0xff, 0xff, 0xff, 0xff, 0xff, 0xff, 
    0xff, 0xff, 0xff, 0xff, 0xff, 0xff, 0xff, 0xff, 
    0xff, 0xff, 0xff, 0xff, 0xff, 0xff, 0xff, 0xff, 
    0xff, 0xff, 0xff, 0xff, 0xff, 0xff, 0xff, 0xff, 
    0xff, 0xff, 0xff, 0xff, 0xff, 0xff, 0xff, 0xff, 
    0xff, 0xff, 0xff, 0xff, 0xff, 0xff, 0xff, 0xff, 
    0xff, 0xff, 0xff, 0xff, 0xff, 0xff, 0xff, 0xff, 
    0xff, 0xff, 0xff, 0xff, 0xff, 0xff, 0xff, 0xff, 
    0xff, 0xff, 0xff, 0xff, 0xff, 0xff, 0xff, 0xff, 
    0xff, 0xff, 0xff, 0xff, 0xff, 0xff, 0xff, 0xff, 
    0xff, 0xff, 0xff, 0xff, 0xff, 0xff, 0xff, 0xff, 
    0xff, 0xff, 0xff, 0xff, 0xff, 0xff, 0xff, 0xff, 
    0xff, 0xff, 0xff, 0xff, 0xff, 0xff, 0xff, 0xff, 
    0xff, 0xff, 0xff, 0xff, 0xff, 0xff, 0xff, 0xff, 
    0xff, 0xff, 0xff, 0xff, 0xff, 0xff, 0xff, 0xff, 
    0xff, 0xff, 0xff, 0xff, 0xff, 0xff, 0xff, 0xff, 
    0xff, 0xff, 0xff, 0xff, 0xff, 0xff, 0xff, 0xff, 
    0xff, 0xff, 0xff, 0xff, 0xff, 0xff, 0xff, 0xff, 
    0xff, 0xff, 0xff, 0xff, 0xff, 0xff, 0xff, 0xff, 
    0xff, 0xff, 0xff, 0xff, 0xff, 0xff, 0xff, 0xff, 
    0xff, 0xff, 0xff, 0xff, 0xff, 0xff, 0xff, 0xff, 
    0xff, 0xff, 0xff, 0xff, 0xff, 0xff, 0xff, 0xff, 
    0xff, 0xff, 0xff, 0xff, 0xff, 0xff, 0xff, 0xff, 
    0xff, 0xff, 0xff, 0xff, 0xff, 0xff, 0xff, 0xff, 
    0xff, 0xff, 0xff, 0xff, 0xff, 0xff, 0xff, 0xff, 
    0xff, 0xff, 0xff, 0xff, 0xff, 0xff, 0xff, 0xff, 
    0xff, 0xff, 0xff, 0xff, 0xff, 0xff, 0xff, 0xff, 
    0xff, 0xff, 0xff, 0xff, 0xff, 0xff, 0xff, 0xff, 
    0xff, 0xff, 0xff, 0xff, 0xff, 0xff, 0xff, 0xff, 
    0xff, 0xff, 0xff, 0xff, 0xff, 0xff, 0xff, 0xff, 
    0xff, 0xff, 0xff, 0xff, 0xff, 0xff, 0xff, 0xff, 
    0xff, 0xff, 0xff, 0xff, 0xff, 0xff, 0xff, 0xff, 
    0xff, 0xff, 0xff, 0xff, 0xff, 0xc2, 0x40, 0x0b, 
    0x13, 0x45, 0xc8, 0xff, 0xff, 0xff, 0xff, 0xff, 
    0xff, 0xff, 0xff, 0xd8, 0x06, 0x00, 0x11, 0x0c, 
    0x00, 0x0a, 0xd9, 0xff, 0xff, 0xff, 0xff, 0xff, 
    0xff, 0xff, 0x5c, 0x00, 0x48, 0xfc, 0xf2, 0x25, 
    0x00, 0x84, 0xff, 0xff, 0xff, 0xff, 0xff, 0xff, 
    0xff, 0x30, 0x00, 0xa0, 0xff, 0xff, 0x53, 0x00, 
    0x70, 0xff, 0xff, 0xff, 0xff, 0xff, 0xff, 0xff, 
    0x1c, 0x00, 0xab, 0xf9, 0x5f, 0x04, 0x00, 0xa2, 
    0xff, 0xff, 0xff, 0xff, 0xff, 0xff, 0xff, 0x1b, 
    0x00, 0xab, 0x9c, 0x00, 0x21, 0xb9, 0xfb, 0xff, 
    0xff, 0xff, 0xff, 0xff, 0xff, 0xff, 0x1b, 0x00, 
    0xab, 0x7d, 0x00, 0x33, 0xfd, 0xff, 0xff, 0xff, 
    0xff, 0xff, 0xff, 0xff, 0xff, 0x1b, 0x00, 0xab, 
    0xbd, 0x00, 0x00, 0x48, 0xe8, 0xff, 0xff, 0xff, 
    0xff, 0xff, 0xff, 0xff, 0x1b, 0x00, 0xab, 0xff, 
    0x8b, 0x04, 0x00, 0x20, 0xef, 0xff, 0xff, 0xff, 
    0xff, 0xff, 0xff, 0x1b, 0x00, 0xab, 0xff, 0xff, 
    0xca, 0x0d, 0x00, 0x96, 0xff, 0xff, 0xff, 0xff, 
    0xff, 0xff, 0x1b, 0x00, 0xab, 0xfa, 0xff, 0xff, 
    0x37, 0x00, 0x8c, 0xff, 0xff, 0xff, 0xff, 0xff, 
    0xff, 0x1b, 0x00, 0xab, 0x7f, 0x31, 0x3d, 0x00, 
    0x07, 0xd7, 0xff, 0xff, 0xff, 0xff, 0xff, 0xff, 
    0x30, 0x06, 0xc0, 0xb0, 0x1b, 0x0a, 0x36, 0xba, 
    0xff, 0xff, 0xff, 0xff, 0xff, 0xff, 0xff, 0xff, 
    0xff, 0xff, 0xff, 0xff, 0xff, 0xff, 0xff, 0xff, 
    0xff, 0xff, 0xff, 0xff, 0xff, 0xff, 0xff, 0xff, 
    0xff, 0xff, 0xff, 0xff, 0xff, 0xff, 0xff, 0xff, 
    0xff, 0xff, 0xff, 0xff, 0xff, 0xff, 0xff, 0xff, 
    0xff, 0xff, 0xff, 0xff, 0xff, 0xff, 0xff, 0xff, 
    0xff, 0xff, 0xff, 0xff, 0xff, 0xff, 0xff, 0xff, 
    0xff, 0xff, 0xff, 0xff, 0xff, 0xff, 0xff, 0xff, 
    0xff, 0xff, 0xff, 0xff, 0xff, 0xff, 0xff, 0xff, 
    0xff, 0xff, 0xff, 0xff, 0xff, 0xff, 0xff, 0xff, 
    0xff, 0xff, 0xff, 0xff, 0xff, 0xff, 0xff, 0xff, 
    0xff, 0xff, 0xff, 0xff, 0xff, 0xff, 0xff, 0xff, 
    0xff, 0xff, 0xff, 0xff, 0xff, 0xff, 0xff, 0xff, 
    0xff, 0xff, 0xff, 0xff, 0xff, 0xff, 0xff, 0xff, 
    0xff, 0xff, 0xff, 0xff, 0xff, 0xff, 0xff, 0xff, 
    0xff, 0xff, 0xff, 0xff, 0xff, 0xff, 0xff, 0xff, 
    0xff, 0xff, 0xff, 0xff, 0xff, 0xff, 0xff, 0xff, 
    0xff, 0xff, 0xff, 0xff, 0xff, 0xff, 0xff, 0xff, 
    0xff, 0xff, 0xff, 0xff, 0xff, 0xff, 0xff, 0xff, 
    0xff, 0xff, 0xff, 0xff, 0xff, 0xff, 0xff, 0xff, 
    0xff, 0xff, 0xff, 0xff, 0xff, 0xff, 0xff, 0xff, 
    0xff, 0xff, 0xff, 0xff, 0xff, 0xff, 0xff, 0xff, 
    0xff, 0xff, 0xff, 0xff, 0xff, 0xff, 0xff, 0xff, 
    0xff, 0xff, 0xff, 0xff, 0xff, 0xff, 0xff, 0xff, 
    0xff, 0xff, 0xff, 0xff, 0xff, 0xff, 0xff, 0xff, 
    0xff, 0xff, 0xff, 0xff, 0xff, 0xff, 0xff, 0xff, 
    0xff, 0xff, 0xff, 0xff, 0xff, 0xff, 0xff, 0xff, 
    0xff, 0xff, 0xff, 0xff, 0xff, 0xff, 0xff, 0xff, 
    0xff, 0xff, 0xff, 0xff, 0xff, 0xff, 0xff, 0xff, 
    0xff, 0xff, 0xff, 0xff, 0xff, 0xff, 0xff, 0xff, 
    0xff, 0xff, 0xff, 0xff, 0xff, 0xff, 0xff, 0xff, 
    0xff, 0xff, 0xff, 0xff, 0xff, 0xff, 0xf7, 0x1d, 
    0x0e, 0xcd, 0xff, 0xff, 0xff, 0xff, 0xff, 0xff, 
    0xff, 0xff, 0xff, 0xff, 0xff, 0xb8, 0x02, 0x3a, 
    0xff, 0xff, 0xff, 0xff, 0xff, 0xff, 0xff, 0xff, 
    0xff, 0xff, 0xff, 0xff, 0x83, 0x00, 0xaf, 0xff, 
    0xff, 0xff, 0xff, 0xff, 0xff, 0xff, 0xff, 0xff, 
    0xff, 0xff, 0xff, 0xf7, 0xfe, 0xff, 0xff, 0xff, 
    0xff, 0xff, 0xff, 0xff, 0xff, 0xff, 0xc3, 0x4e, 
    0x15, 0x04, 0x1c, 0x81, 0xfc, 0xff, 0xff, 0xff, 
    0xff, 0xff, 0xff, 0xff, 0x17, 0x01, 0x28, 0x2e, 
    0x00, 0x00, 0x95, 0xff, 0xff, 0xff, 0xff, 0xff, 
    0xff, 0xff, 0x8c, 0xd8, 0xff, 0xff, 0x6c, 0x00, 
    0x4f, 0xff, 0xff, 0xff, 0xff, 0xff, 0xff, 0xff, 
    0xff, 0xff, 0xfb, 0xe8, 0x86, 0x00, 0x38, 0xff, 
    0xff, 0xff, 0xff, 0xff, 0xff, 0xff, 0xad, 0x2e, 
    0x01, 0x00, 0x00, 0x00, 0x37, 0xff, 0xff, 0xff, 
    0xff, 0xff, 0xff, 0xd6, 0x02, 0x02, 0x75, 0xa9, 
    0x6b, 0x00, 0x37, 0xff, 0xff, 0xff, 0xff, 0xff, 
    0xff, 0xa9, 0x00, 0x2a, 0xff, 0xff, 0x85, 0x00, 
    0x37, 0xff, 0xff, 0xff, 0xff, 0xff, 0xff, 0xd8, 
    0x03, 0x01, 0x67, 0x5c, 0x02, 0x00, 0x37, 0xff, 
    0xff, 0xff, 0xff, 0xff, 0xff, 0xff, 0xa6, 0x27, 
    0x06, 0x2a, 0xaa, 0x09, 0x45, 0xff, 0xff, 0xff, 
    0xff, 0xff, 0xff, 0xff, 0xff, 0xff, 0xff, 0xff, 
    0xff, 0xff, 0xff, 0xff, 0xff, 0xff, 0xff, 0xff, 
    0xff, 0xff, 0xff, 0xff, 0xff, 0xff, 0xff, 0xff, 
    0xff, 0xff, 0xff, 0xff, 0xff, 0xff, 0xff, 0xff, 
    0xff, 0xff, 0xff, 0xff, 0xff, 0xff, 0xff, 0xff, 
    0xff, 0xff, 0xff, 0xff, 0xff, 0xff, 0xff, 0xff, 
    0xff, 0xff, 0xff, 0xff, 0xff, 0xff, 0xff, 0xff, 
    0xff, 0xff, 0xff, 0xff, 0xff, 0xff, 0xff, 0xff, 
    0xff, 0xff, 0xff, 0xff, 0xff, 0xff, 0xff, 0xff, 
    0xff, 0xff, 0xff, 0xff, 0xff, 0xff, 0xff, 0xff, 
    0xff, 0xff, 0xff, 0xff, 0xff, 0xff, 0xff, 0xff, 
    0xff, 0xff, 0xff, 0xff, 0xff, 0xff, 0xff, 0xff, 
    0xff, 0xff, 0xff, 0xff, 0xff, 0xff, 0xff, 0xff, 
    0xff, 0xff, 0xff, 0xff, 0xff, 0xff, 0xff, 0xff, 
    0xff, 0xff, 0xff, 0xff, 0xff, 0xff, 0xff, 0xff, 
    0xff, 0xff, 0xff, 0xff, 0xff, 0xff, 0xff, 0xff, 
    0xff, 0xff, 0xff, 0xff, 0xff, 0xff, 0xff, 0xff, 
    0xff, 0xff, 0xff, 0xff, 0xff, 0xff, 0xff, 0xff, 
    0xff, 0xff, 0xff, 0xff, 0xff, 0xff, 0xff, 0xff, 
    0xff, 0xff, 0xff, 0xff, 0xff, 0xff, 0xff, 0xff, 
    0xff, 0xff, 0xff, 0xff, 0xff, 0xff, 0xff, 0xff, 
    0xff, 0xff, 0xff, 0xff, 0xff, 0xff, 0xff, 0xff, 
    0xff, 0xff, 0xff, 0xff, 0xff, 0xff, 0xff, 0xff, 
    0xff, 0xff, 0xff, 0xff, 0xff, 0xff, 0xff, 0xff, 
    0xff, 0xff, 0xff, 0xff, 0xff, 0xff, 0xff, 0xff, 
    0xff, 0xff, 0xff, 0xff, 0xff, 0xff, 0xff, 0xff, 
    0xff, 0xff, 0xff, 0xff, 0xff, 0xff, 0xff, 0xff, 
    0xff, 0xff, 0xff, 0xff, 0xff, 0xff, 0xff, 0xff, 
    0xff, 0xff, 0xff, 0xff, 0xff, 0xff, 0xff, 0xff, 
    0xff, 0xff, 0xff, 0xff, 0xff, 0xff, 0xff, 0xff, 
    0xff, 0xff, 0xff, 0xff, 0xff, 0xc6, 0x0c, 0x21, 
    0xfb, 0xff, 0xff, 0xff, 0xff, 0xff, 0xff, 0xff, 
    0xff, 0xff, 0xfe, 0x35, 0x02, 0xbb, 0xff, 0xff, 
    0xff, 0xff, 0xff, 0xff, 0xff, 0xff, 0xff, 0xff, 
    0xa9, 0x00, 0x88, 0xff, 0xff, 0xff, 0xff, 0xff, 
    0xff, 0xff, 0xff, 0xff, 0xff, 0xff, 0xfd, 0xf7, 
    0xff, 0xff, 0xff, 0xff, 0xff, 0xff, 0xff, 0xff, 
    0xff, 0xff, 0xc3, 0x4e, 0x15, 0x04, 0x1c, 0x81, 
    0xfc, 0xff, 0xff, 0xff, 0xff, 0xff, 0xff, 0xff, 
    0x17, 0x01, 0x28, 0x2e, 0x00, 0x00, 0x95, 0xff, 
    0xff, 0xff, 0xff, 0xff, 0xff, 0xff, 0x8c, 0xd8, 
    0xff, 0xff, 0x6c, 0x00, 0x4f, 0xff, 0xff, 0xff, 
    0xff, 0xff, 0xff, 0xff, 0xff, 0xff, 0xfb, 0xe8, 
    0x86, 0x00, 0x38, 0xff, 0xff, 0xff, 0xff, 0xff, 
    0xff, 0xff, 0xad, 0x2e, 0x01, 0x00, 0x00, 0x00, 
    0x37, 0xff, 0xff, 0xff, 0xff, 0xff, 0xff, 0xd6, 
    0x02, 0x02, 0x75, 0xa9, 0x6b, 0x00, 0x37, 0xff, 
    0xff, 0xff, 0xff, 0xff, 0xff, 0xa9, 0x00, 0x2a, 
    0xff, 0xff, 0x85, 0x00, 0x37, 0xff, 0xff, 0xff, 
    0xff, 0xff, 0xff, 0xd8, 0x03, 0x01, 0x67, 0x5c, 
    0x02, 0x00, 0x37, 0xff, 0xff, 0xff, 0xff, 0xff, 
    0xff, 0xff, 0xa6, 0x27, 0x06, 0x2a, 0xaa, 0x09, 
    0x45, 0xff, 0xff, 0xff, 0xff, 0xff, 0xff, 0xff, 
    0xff, 0xff, 0xff, 0xff, 0xff, 0xff, 0xff, 0xff, 
    0xff, 0xff, 0xff, 0xff, 0xff, 0xff, 0xff, 0xff, 
    0xff, 0xff, 0xff, 0xff, 0xff, 0xff, 0xff, 0xff, 
    0xff, 0xff, 0xff, 0xff, 0xff, 0xff, 0xff, 0xff, 
    0xff, 0xff, 0xff, 0xff, 0xff, 0xff, 0xff, 0xff, 
    0xff, 0xff, 0xff, 0xff, 0xff, 0xff, 0xff, 0xff, 
    0xff, 0xff, 0xff, 0xff, 0xff, 0xff, 0xff, 0xff, 
    0xff, 0xff, 0xff, 0xff, 0xff, 0xff, 0xff, 0xff, 
    0xff, 0xff, 0xff, 0xff, 0xff, 0xff, 0xff, 0xff, 
    0xff, 0xff, 0xff, 0xff, 0xff, 0xff, 0xff, 0xff, 
    0xff, 0xff, 0xff, 0xff, 0xff, 0xff, 0xff, 0xff, 
    0xff, 0xff, 0xff, 0xff, 0xff, 0xff, 0xff, 0xff, 
    0xff, 0xff, 0xff, 0xff, 0xff, 0xff, 0xff, 0xff, 
    0xff, 0xff, 0xff, 0xff, 0xff, 0xff, 0xff, 0xff, 
    0xff, 0xff, 0xff, 0xff, 0xff, 0xff, 0xff, 0xff, 
    0xff, 0xff, 0xff, 0xff, 0xff, 0xff, 0xff, 0xff, 
    0xff, 0xff, 0xff, 0xff, 0xff, 0xff, 0xff, 0xff, 
    0xff, 0xff, 0xff, 0xff, 0xff, 0xff, 0xff, 0xff, 
    0xff, 0xff, 0xff, 0xff, 0xff, 0xff, 0xff, 0xff, 
    0xff, 0xff, 0xff, 0xff, 0xff, 0xff, 0xff, 0xff, 
    0xff, 0xff, 0xff, 0xff, 0xff, 0xff, 0xff, 0xff, 
    0xff, 0xff, 0xff, 0xff, 0xff, 0xff, 0xff, 0xff, 
    0xff, 0xff, 0xff, 0xff, 0xff, 0xff, 0xff, 0xff, 
    0xff, 0xff, 0xff, 0xff, 0xff, 0xff, 0xff, 0xff, 
    0xff, 0xff, 0xff, 0xff, 0xff, 0xff, 0xff, 0xff, 
    0xff, 0xff, 0xff, 0xff, 0xff, 0xff, 0xff, 0xff, 
    0xff, 0xff, 0xff, 0xff, 0xff, 0xff, 0xff, 0xff, 
    0xff, 0xff, 0xff, 0xff, 0xff, 0xff, 0xff, 0xff, 
    0xff, 0xff, 0xff, 0xff, 0xff, 0xff, 0xff, 0xff, 
    0xff, 0xff, 0xff, 0xff, 0xff, 0xff, 0xff, 0xfe, 
    0x46, 0x01, 0x43, 0xfd, 0xff, 0xff, 0xff, 0xff, 
    0xff, 0xff, 0xff, 0xff, 0xff, 0x98, 0x00, 0x54, 
    0x00, 0x8f, 0xff, 0xff, 0xff, 0xff, 0xff, 0xff, 
    0xff, 0xff, 0xf0, 0x0e, 0x43, 0xfe, 0x4d, 0x0b, 
    0xe9, 0xff, 0xff, 0xff, 0xff, 0xff, 0xff, 0xff, 
    0xff, 0xf7, 0xfd, 0xff, 0xfe, 0xf6, 0xff, 0xff, 
    0xff, 0xff, 0xff, 0xff, 0xff, 0xff, 0xc3, 0x4e, 
    0x15, 0x04, 0x1c, 0x81, 0xfc, 0xff, 0xff, 0xff, 
    0xff, 0xff, 0xff, 0xff, 0x17, 0x01, 0x28, 0x2e, 
    0x00, 0x00, 0x95, 0xff, 0xff, 0xff, 0xff, 0xff, 
    0xff, 0xff, 0x8c, 0xd8, 0xff, 0xff, 0x6c, 0x00, 
    0x4f, 0xff, 0xff, 0xff, 0xff, 0xff, 0xff, 0xff, 
    0xff, 0xff, 0xfb, 0xe8, 0x86, 0x00, 0x38, 0xff, 
    0xff, 0xff, 0xff, 0xff, 0xff, 0xff, 0xad, 0x2e, 
    0x01, 0x00, 0x00, 0x00, 0x37, 0xff, 0xff, 0xff, 
    0xff, 0xff, 0xff, 0xd6, 0x02, 0x02, 0x75, 0xa9, 
    0x6b, 0x00, 0x37, 0xff, 0xff, 0xff, 0xff, 0xff, 
    0xff, 0xa9, 0x00, 0x2a, 0xff, 0xff, 0x85, 0x00, 
    0x37, 0xff, 0xff, 0xff, 0xff, 0xff, 0xff, 0xd8, 
    0x03, 0x01, 0x67, 0x5c, 0x02, 0x00, 0x37, 0xff, 
    0xff, 0xff, 0xff, 0xff, 0xff, 0xff, 0xa6, 0x27, 
    0x06, 0x2a, 0xaa, 0x09, 0x45, 0xff, 0xff, 0xff, 
    0xff, 0xff, 0xff, 0xff, 0xff, 0xff, 0xff, 0xff, 
    0xff, 0xff, 0xff, 0xff, 0xff, 0xff, 0xff, 0xff, 
    0xff, 0xff, 0xff, 0xff, 0xff, 0xff, 0xff, 0xff, 
    0xff, 0xff, 0xff, 0xff, 0xff, 0xff, 0xff, 0xff, 
    0xff, 0xff, 0xff, 0xff, 0xff, 0xff, 0xff, 0xff, 
    0xff, 0xff, 0xff, 0xff, 0xff, 0xff, 0xff, 0xff, 
    0xff, 0xff, 0xff, 0xff, 0xff, 0xff, 0xff, 0xff, 
    0xff, 0xff, 0xff, 0xff, 0xff, 0xff, 0xff, 0xff, 
    0xff, 0xff, 0xff, 0xff, 0xff, 0xff, 0xff, 0xff, 
    0xff, 0xff, 0xff, 0xff, 0xff, 0xff, 0xff, 0xff, 
    0xff, 0xff, 0xff, 0xff, 0xff, 0xff, 0xff, 0xff, 
    0xff, 0xff, 0xff, 0xff, 0xff, 0xff, 0xff, 0xff, 
    0xff, 0xff, 0xff, 0xff, 0xff, 0xff, 0xff, 0xff, 
    0xff, 0xff, 0xff, 0xff, 0xff, 0xff, 0xff, 0xff, 
    0xff, 0xff, 0xff, 0xff, 0xff, 0xff, 0xff, 0xff, 
    0xff, 0xff, 0xff, 0xff, 0xff, 0xff, 0xff, 0xff, 
    0xff, 0xff, 0xff, 0xff, 0xff, 0xff, 0xff, 0xff, 
    0xff, 0xff, 0xff, 0xff, 0xff, 0xff, 0xff, 0xff, 
    0xff, 0xff, 0xff, 0xff, 0xff, 0xff, 0xff, 0xff, 
    0xff, 0xff, 0xff, 0xff, 0xff, 0xff, 0xff, 0xff, 
    0xff, 0xff, 0xff, 0xff, 0xff, 0xff, 0xff, 0xff, 
    0xff, 0xff, 0xff, 0xff, 0xff, 0xff, 0xff, 0xff, 
    0xff, 0xff, 0xff, 0xff, 0xff, 0xff, 0xff, 0xff, 
    0xff, 0xff, 0xff, 0xff, 0xff, 0xff, 0xff, 0xff, 
    0xff, 0xff, 0xff, 0xff, 0xff, 0xff, 0xff, 0xff, 
    0xff, 0xff, 0xff, 0xff, 0xff, 0xff, 0xff, 0xff, 
    0xff, 0xff, 0xff, 0xff, 0xff, 0xff, 0xff, 0xff, 
    0xff, 0xff, 0xff, 0xff, 0xff, 0xff, 0xff, 0xff, 
    0xff, 0xff, 0xff, 0xff, 0xff, 0xff, 0xff, 0xff, 
    0xff, 0xff, 0xff, 0xff, 0xff, 0xff, 0xff, 0xff, 
    0xff, 0xff, 0xe5, 0x34, 0x0e, 0x61, 0xe4, 0x32, 
    0x79, 0xff, 0xff, 0xff, 0xff, 0xff, 0xff, 0xff, 
    0x7d, 0x08, 0x42, 0x00, 0x00, 0x00, 0xa2, 0xff, 
    0xff, 0xff, 0xff, 0xff, 0xff, 0xff, 0xa5, 0x8c, 
    0xff, 0xba, 0x6a, 0x96, 0xfd, 0xff, 0xff, 0xff, 
    0xff, 0xff, 0xff, 0xff, 0xff, 0xff, 0xff, 0xff, 
    0xff, 0xff, 0xff, 0xff, 0xff, 0xff, 0xff, 0xff, 
    0xff, 0xff, 0xc3, 0x4e, 0x15, 0x04, 0x1c, 0x81, 
    0xfc, 0xff, 0xff, 0xff, 0xff, 0xff, 0xff, 0xff, 
    0x17, 0x01, 0x28, 0x2e, 0x00, 0x00, 0x95, 0xff, 
    0xff, 0xff, 0xff, 0xff, 0xff, 0xff, 0x8c, 0xd8, 
    0xff, 0xff, 0x6c, 0x00, 0x4f, 0xff, 0xff, 0xff, 
    0xff, 0xff, 0xff, 0xff, 0xff, 0xff, 0xfb, 0xe8, 
    0x86, 0x00, 0x38, 0xff, 0xff, 0xff, 0xff, 0xff, 
    0xff, 0xff, 0xad, 0x2e, 0x01, 0x00, 0x00, 0x00, 
    0x37, 0xff, 0xff, 0xff, 0xff, 0xff, 0xff, 0xd6, 
    0x02, 0x02, 0x75, 0xa9, 0x6b, 0x00, 0x37, 0xff, 
    0xff, 0xff, 0xff, 0xff, 0xff, 0xa9, 0x00, 0x2a, 
    0xff, 0xff, 0x85, 0x00, 0x37, 0xff, 0xff, 0xff, 
    0xff, 0xff, 0xff, 0xd8, 0x03, 0x01, 0x67, 0x5c, 
    0x02, 0x00, 0x37, 0xff, 0xff, 0xff, 0xff, 0xff, 
    0xff, 0xff, 0xa6, 0x27, 0x06, 0x2a, 0xaa, 0x09, 
    0x45, 0xff, 0xff, 0xff, 0xff, 0xff, 0xff, 0xff, 
    0xff, 0xff, 0xff, 0xff, 0xff, 0xff, 0xff, 0xff, 
    0xff, 0xff, 0xff, 0xff, 0xff, 0xff, 0xff, 0xff, 
    0xff, 0xff, 0xff, 0xff, 0xff, 0xff, 0xff, 0xff, 
    0xff, 0xff, 0xff, 0xff, 0xff, 0xff, 0xff, 0xff, 
    0xff, 0xff, 0xff, 0xff, 0xff, 0xff, 0xff, 0xff, 
    0xff, 0xff, 0xff, 0xff, 0xff, 0xff, 0xff, 0xff, 
    0xff, 0xff, 0xff, 0xff, 0xff, 0xff, 0xff, 0xff, 
    0xff, 0xff, 0xff, 0xff, 0xff, 0xff, 0xff, 0xff, 
    0xff, 0xff, 0xff, 0xff, 0xff, 0xff, 0xff, 0xff, 
    0xff, 0xff, 0xff, 0xff, 0xff, 0xff, 0xff, 0xff, 
    0xff, 0xff, 0xff, 0xff, 0xff, 0xff, 0xff, 0xff, 
    0xff, 0xff, 0xff, 0xff, 0xff, 0xff, 0xff, 0xff, 
    0xff, 0xff, 0xff, 0xff, 0xff, 0xff, 0xff, 0xff, 
    0xff, 0xff, 0xff, 0xff, 0xff, 0xff, 0xff, 0xff, 
    0xff, 0xff, 0xff, 0xff, 0xff, 0xff, 0xff, 0xff, 
    0xff, 0xff, 0xff, 0xff, 0xff, 0xff, 0xff, 0xff, 
    0xff, 0xff, 0xff, 0xff, 0xff, 0xff, 0xff, 0xff, 
    0xff, 0xff, 0xff, 0xff, 0xff, 0xff, 0xff, 0xff, 
    0xff, 0xff, 0xff, 0xff, 0xff, 0xff, 0xff, 0xff, 
    0xff, 0xff, 0xff, 0xff, 0xff, 0xff, 0xff, 0xff, 
    0xff, 0xff, 0xff, 0xff, 0xff, 0xff, 0xff, 0xff, 
    0xff, 0xff, 0xff, 0xff, 0xff, 0xff, 0xff, 0xff, 
    0xff, 0xff, 0xff, 0xff, 0xff, 0xff, 0xff, 0xff, 
    0xff, 0xff, 0xff, 0xff, 0xff, 0xff, 0xff, 0xff, 
    0xff, 0xff, 0xff, 0xff, 0xff, 0xff, 0xff, 0xff, 
    0xff, 0xff, 0xff, 0xff, 0xff, 0xff, 0xff, 0xff, 
    0xff, 0xff, 0xff, 0xff, 0xff, 0xff, 0xff, 0xff, 
    0xff, 0xff, 0xff, 0xff, 0xff, 0xff, 0xff, 0xff, 
    0xff, 0xff, 0xff, 0xff, 0xff, 0xff, 0xff, 0xff, 
    0xff, 0xff, 0xff, 0xff, 0xff, 0xff, 0xff, 0xff, 
    0xff, 0xff, 0xff, 0xff, 0xff, 0xff, 0xff, 0xff, 
    0xff, 0xff, 0xff, 0xff, 0xcd, 0x0c, 0x4a, 0xff, 
    0x49, 0x0d, 0xd0, 0xff, 0xff, 0xff, 0xff, 0xff, 
    0xff, 0xff, 0xb7, 0x00, 0x2d, 0xff, 0x27, 0x00, 
    0xbd, 0xff, 0xff, 0xff, 0xff, 0xff, 0xff, 0xff, 
    0xfe, 0xcb, 0xe7, 0xff, 0xe4, 0xcd, 0xff, 0xff, 
    0xff, 0xff, 0xff, 0xff, 0xff, 0xff, 0xc3, 0x4e, 
    0x15, 0x04, 0x1c, 0x81, 0xfc, 0xff, 0xff, 0xff, 
    0xff, 0xff, 0xff, 0xff, 0x17, 0x01, 0x28, 0x2e, 
    0x00, 0x00, 0x95, 0xff, 0xff, 0xff, 0xff, 0xff, 
    0xff, 0xff, 0x8c, 0xd8, 0xff, 0xff, 0x6c, 0x00, 
    0x4f, 0xff, 0xff, 0xff, 0xff, 0xff, 0xff, 0xff, 
    0xff, 0xff, 0xfb, 0xe8, 0x86, 0x00, 0x38, 0xff, 
    0xff, 0xff, 0xff, 0xff, 0xff, 0xff, 0xad, 0x2e, 
    0x01, 0x00, 0x00, 0x00, 0x37, 0xff, 0xff, 0xff, 
    0xff, 0xff, 0xff, 0xd6, 0x02, 0x02, 0x75, 0xa9, 
    0x6b, 0x00, 0x37, 0xff, 0xff, 0xff, 0xff, 0xff, 
    0xff, 0xa9, 0x00, 0x2a, 0xff, 0xff, 0x85, 0x00, 
    0x37, 0xff, 0xff, 0xff, 0xff, 0xff, 0xff, 0xd8, 
    0x03, 0x01, 0x67, 0x5c, 0x02, 0x00, 0x37, 0xff, 
    0xff, 0xff, 0xff, 0xff, 0xff, 0xff, 0xa6, 0x27, 
    0x06, 0x2a, 0xaa, 0x09, 0x45, 0xff, 0xff, 0xff, 
    0xff, 0xff, 0xff, 0xff, 0xff, 0xff, 0xff, 0xff, 
    0xff, 0xff, 0xff, 0xff, 0xff, 0xff, 0xff, 0xff, 
    0xff, 0xff, 0xff, 0xff, 0xff, 0xff, 0xff, 0xff, 
    0xff, 0xff, 0xff, 0xff, 0xff, 0xff, 0xff, 0xff, 
    0xff, 0xff, 0xff, 0xff, 0xff, 0xff, 0xff, 0xff, 
    0xff, 0xff, 0xff, 0xff, 0xff, 0xff, 0xff, 0xff, 
    0xff, 0xff, 0xff, 0xff, 0xff, 0xff, 0xff, 0xff, 
    0xff, 0xff, 0xff, 0xff, 0xff, 0xff, 0xff, 0xff, 
    0xff, 0xff, 0xff, 0xff, 0xff, 0xff, 0xff, 0xff, 
    0xff, 0xff, 0xff, 0xff, 0xff, 0xff, 0xff, 0xff, 
    0xff, 0xff, 0xff, 0xff, 0xff, 0xff, 0xff, 0xff, 
    0xff, 0xff, 0xff, 0xff, 0xff, 0xff, 0xff, 0xff, 
    0xff, 0xff, 0xff, 0xff, 0xff, 0xff, 0xff, 0xff, 
    0xff, 0xff, 0xff, 0xff, 0xff, 0xff, 0xff, 0xff, 
    0xff, 0xff, 0xff, 0xff, 0xff, 0xff, 0xff, 0xff, 
    0xff, 0xff, 0xff, 0xff, 0xff, 0xff, 0xff, 0xff, 
    0xff, 0xff, 0xff, 0xff, 0xff, 0xff, 0xff, 0xff, 
    0xff, 0xff, 0xff, 0xff, 0xff, 0xff, 0xff, 0xff, 
    0xff, 0xff, 0xff, 0xff, 0xff, 0xff, 0xff, 0xff, 
    0xff, 0xff, 0xff, 0xff, 0xff, 0xff, 0xff, 0xff, 
    0xff, 0xff, 0xff, 0xff, 0xff, 0xff, 0xff, 0xff, 
    0xff, 0xff, 0xff, 0xff, 0xff, 0xff, 0xff, 0xff, 
    0xff, 0xff, 0xff, 0xff, 0xff, 0xff, 0xff, 0xff, 
    0xff, 0xff, 0xff, 0xff, 0xff, 0xff, 0xff, 0xff, 
    0xff, 0xff, 0xff, 0xff, 0xff, 0xff, 0xff, 0xff, 
    0xff, 0xff, 0xff, 0xff, 0xff, 0xff, 0xff, 0xff, 
    0xff, 0xff, 0xff, 0xff, 0xff, 0xff, 0xff, 0xff, 
    0xff, 0xff, 0xff, 0xff, 0xff, 0xff, 0xff, 0xff, 
    0xff, 0xff, 0xff, 0xff, 0xff, 0xff, 0xff, 0xff, 
    0xff, 0xff, 0xff, 0xff, 0xff, 0xff, 0xff, 0xff, 
    0xff, 0xff, 0xff, 0xd7, 0x30, 0x07, 0x2c, 0xd5, 
    0xff, 0xff, 0xff, 0xff, 0xff, 0xff, 0xff, 0xff, 
    0xff, 0x7c, 0x22, 0xed, 0x19, 0x81, 0xff, 0xff, 
    0xff, 0xff, 0xff, 0xff, 0xff, 0xff, 0xff, 0xc8, 
    0x15, 0x08, 0x1e, 0xd4, 0xff, 0xff, 0xff, 0xff, 
    0xff, 0xff, 0xff, 0xff, 0xff, 0xff, 0xfe, 0xef, 
    0xff, 0xff, 0xff, 0xff, 0xff, 0xff, 0xff, 0xff, 
    0xff, 0xff, 0xc3, 0x4e, 0x15, 0x04, 0x1c, 0x81, 
    0xfc, 0xff, 0xff, 0xff, 0xff, 0xff, 0xff, 0xff, 
    0x17, 0x01, 0x28, 0x2e, 0x00, 0x00, 0x95, 0xff, 
    0xff, 0xff, 0xff, 0xff, 0xff, 0xff, 0x8c, 0xd8, 
    0xff, 0xff, 0x6c, 0x00, 0x4f, 0xff, 0xff, 0xff, 
    0xff, 0xff, 0xff, 0xff, 0xff, 0xff, 0xfb, 0xe8, 
    0x86, 0x00, 0x38, 0xff, 0xff, 0xff, 0xff, 0xff, 
    0xff, 0xff, 0xad, 0x2e, 0x01, 0x00, 0x00, 0x00, 
    0x37, 0xff, 0xff, 0xff, 0xff, 0xff, 0xff, 0xd6, 
    0x02, 0x02, 0x75, 0xa9, 0x6b, 0x00, 0x37, 0xff, 
    0xff, 0xff, 0xff, 0xff, 0xff, 0xa9, 0x00, 0x2a, 
    0xff, 0xff, 0x85, 0x00, 0x37, 0xff, 0xff, 0xff, 
    0xff, 0xff, 0xff, 0xd8, 0x03, 0x01, 0x67, 0x5c, 
    0x02, 0x00, 0x37, 0xff, 0xff, 0xff, 0xff, 0xff, 
    0xff, 0xff, 0xa6, 0x27, 0x06, 0x2a, 0xaa, 0x09, 
    0x45, 0xff, 0xff, 0xff, 0xff, 0xff, 0xff, 0xff, 
    0xff, 0xff, 0xff, 0xff, 0xff, 0xff, 0xff, 0xff, 
    0xff, 0xff, 0xff, 0xff, 0xff, 0xff, 0xff, 0xff, 
    0xff, 0xff, 0xff, 0xff, 0xff, 0xff, 0xff, 0xff, 
    0xff, 0xff, 0xff, 0xff, 0xff, 0xff, 0xff, 0xff, 
    0xff, 0xff, 0xff, 0xff, 0xff, 0xff, 0xff, 0xff, 
    0xff, 0xff, 0xff, 0xff, 0xff, 0xff, 0xff, 0xff, 
    0xff, 0xff, 0xff, 0xff, 0xff, 0xff, 0xff, 0xff, 
    0xff, 0xff, 0xff, 0xff, 0xff, 0xff, 0xff, 0xff, 
    0xff, 0xff, 0xff, 0xff, 0xff, 0xff, 0xff, 0xff, 
    0xff, 0xff, 0xff, 0xff, 0xff, 0xff, 0xff, 0xff, 
    0xff, 0xff, 0xff, 0xff, 0xff, 0xff, 0xff, 0xff, 
    0xff, 0xff, 0xff, 0xff, 0xff, 0xff, 0xff, 0xff, 
    0xff, 0xff, 0xff, 0xff, 0xff, 0xff, 0xff, 0xff, 
    0xff, 0xff, 0xff, 0xff, 0xff, 0xff, 0xff, 0xff, 
    0xff, 0xff, 0xff, 0xff, 0xff, 0xff, 0xff, 0xff, 
    0xff, 0xff, 0xff, 0xff, 0xff, 0xff, 0xff, 0xff, 
    0xff, 0xff, 0xff, 0xff, 0xff, 0xff, 0xff, 0xff, 
    0xff, 0xff, 0xff, 0xff, 0xff, 0xff, 0xff, 0xff, 
    0xff, 0xff, 0xff, 0xff, 0xff, 0xff, 0xff, 0xff, 
    0xff, 0xff, 0xff, 0xff, 0xff, 0xff, 0xff, 0xff, 
    0xff, 0xff, 0xff, 0xff, 0xff, 0xff, 0xff, 0xff, 
    0xff, 0xff, 0xff, 0xff, 0xff, 0xff, 0xff, 0xff, 
    0xff, 0xff, 0xff, 0xff, 0xff, 0xff, 0xff, 0xff, 
    0xff, 0xff, 0xff, 0xff, 0xff, 0xff, 0xff, 0xff, 
    0xff, 0xff, 0xff, 0xff, 0xff, 0xff, 0xff, 0xff, 
    0xff, 0xff, 0xff, 0xff, 0xff, 0xff, 0xff, 0xff, 
    0xff, 0xff, 0xff, 0xff, 0xff, 0xff, 0xff, 0xff, 
    0xff, 0xff, 0xff, 0xff, 0xff, 0xff, 0xff, 0xff, 
    0xff, 0xff, 0xff, 0xff, 0xff, 0xff, 0xff, 0xff, 
    0xff, 0xff, 0xff, 0xff, 0xff, 0xff, 0xff, 0xff, 
    0xff, 0xff, 0xff, 0xff, 0xff, 0xff, 0xff, 0xff, 
    0xff, 0xff, 0xff, 0xff, 0xff, 0xff, 0xff, 0xff, 
    0xff, 0xff, 0xff, 0xff, 0xff, 0xff, 0xff, 0xff, 
    0xff, 0xff, 0xff, 0xff, 0xff, 0xff, 0xff, 0xff, 
    0xff, 0xff, 0xff, 0xff, 0xff, 0xff, 0xff, 0xff, 
    0xff, 0xff, 0xff, 0xff, 0xff, 0xff, 0xff, 0xff, 
    0xff, 0xff, 0xff, 0xff, 0xff, 0xff, 0xff, 0xff, 
    0xff, 0xff, 0xff, 0xff, 0xff, 0xff, 0xff, 0xff, 
    0xff, 0xff, 0xff, 0xff, 0xff, 0xff, 0xff, 0xff, 
    0xff, 0xff, 0xff, 0xff, 0xff, 0xff, 0xff, 0xff, 
    0xff, 0xff, 0xff, 0xff, 0xff, 0xff, 0xff, 0xff, 
    0xff, 0xff, 0xff, 0xff, 0xff, 0xff, 0xff, 0xff, 
    0xff, 0xff, 0xff, 0xff, 0xff, 0xff, 0xff, 0xff, 
    0xff, 0xff, 0xff, 0xff, 0xff, 0xff, 0xff, 0xff, 
    0xff, 0xff, 0xff, 0xff, 0xff, 0xff, 0xff, 0xff, 
    0xff, 0xff, 0xff, 0xff, 0xff, 0xff, 0xff, 0xff, 
    0xff, 0xff, 0xff, 0xff, 0xc3, 0x51, 0x15, 0x06, 
    0x28, 0xa5, 0xbd, 0x2d, 0x06, 0x1a, 0x85, 0xfe, 
    0xff, 0xff, 0xff, 0xff, 0xff, 0xff, 0xff, 0xff, 
    0x17, 0x00, 0x28, 0x2e, 0x00, 0x02, 0x03, 0x07, 
    0x31, 0x07, 0x00, 0x7c, 0xff, 0xff, 0xff, 0xff, 
    0xff, 0xff, 0xff, 0xff, 0x88, 0xd6, 0xff, 0xff, 
    0x6c, 0x00, 0x00, 0xc5, 0xff, 0xc0, 0x00, 0x0c, 
    0xf9, 0xff, 0xff, 0xff, 0xff, 0xff, 0xff, 0xff, 
    0xff, 0xff, 0xfe, 0xec, 0x88, 0x00, 0x20, 0xe3, 
    0xe3, 0xe3, 0x0c, 0x00, 0xd8, 0xff, 0xff, 0xff, 
    0xff, 0xff, 0xff, 0xff, 0xb1, 0x32, 0x03, 0x00, 
    0x00, 0x00, 0x00, 0x00, 0x00, 0x00, 0x00, 0x00, 
    0xcf, 0xff, 0xff, 0xff, 0xff, 0xff, 0xff, 0xd7, 
    0x03, 0x04, 0x80, 0xae, 0x6f, 0x00, 0x1d, 0xb3, 
    0xb3, 0xb3, 0xb3, 0xbe, 0xfe, 0xff, 0xff, 0xff, 
    0xff, 0xff, 0xff, 0xa8, 0x00, 0x24, 0xff, 0xfe, 
    0x72, 0x00, 0x04, 0xcc, 0xff, 0xff, 0xfd, 0xdd, 
    0xff, 0xff, 0xff, 0xff, 0xff, 0xff, 0xff, 0xd8, 
    0x03, 0x00, 0x1f, 0x1e, 0x00, 0x30, 0x00, 0x04, 
    0x31, 0x37, 0x12, 0x23, 0xff, 0xff, 0xff, 0xff, 
    0xff, 0xff, 0xff, 0xff, 0xa6, 0x27, 0x06, 0x28, 
    0x9c, 0xfc, 0x86, 0x25, 0x06, 0x0e, 0x35, 0x99, 
    0xff, 0xff, 0xff, 0xff, 0xff, 0xff, 0xff, 0xff, 
    0xff, 0xff, 0xff, 0xff, 0xff, 0xff, 0xff, 0xff, 
    0xff, 0xff, 0xff, 0xff, 0xff, 0xff, 0xff, 0xff, 
    0xff, 0xff, 0xff, 0xff, 0xff, 0xff, 0xff, 0xff, 
    0xff, 0xff, 0xff, 0xff, 0xff, 0xff, 0xff, 0xff, 
    0xff, 0xff, 0xff, 0xff, 0xff, 0xff, 0xff, 0xff, 
    0xff, 0xff, 0xff, 0xff, 0xff, 0xff, 0xff, 0xff, 
    0xff, 0xff, 0xff, 0xff, 0xff, 0xff, 0xff, 0xff, 
    0xff, 0xff, 0xff, 0xff, 0xff, 0xff, 0xff, 0xff, 
    0xff, 0xff, 0xff, 0xff, 0xff, 0xff, 0xff, 0xff, 
    0xff, 0xff, 0xff, 0xff, 0xff, 0xff, 0xff, 0xff, 
    0xff, 0xff, 0xff, 0xff, 0xff, 0xff, 0xff, 0xff, 
    0xff, 0xff, 0xff, 0xff, 0xff, 0xff, 0xff, 0xff, 
    0xff, 0xff, 0xff, 0xff, 0xff, 0xff, 0xff, 0xff, 
    0xff, 0xff, 0xff, 0xff, 0xff, 0xff, 0xff, 0xff, 
    0xff, 0xff, 0xff, 0xff, 0xff, 0xff, 0xff, 0xff, 
    0xff, 0xff, 0xff, 0xff, 0xff, 0xff, 0xff, 0xff, 
    0xff, 0xff, 0xff, 0xff, 0xff, 0xff, 0xff, 0xff, 
    0xff, 0xff, 0xff, 0xff, 0xff, 0xff, 0xff, 0xff, 
    0xff, 0xff, 0xff, 0xff, 0xff, 0xff, 0xff, 0xff, 
    0xff, 0xff, 0xff, 0xff, 0xff, 0xff, 0xff, 0xff, 
    0xff, 0xff, 0xff, 0xff, 0xff, 0xff, 0xff, 0xff, 
    0xff, 0xff, 0xff, 0xff, 0xff, 0xff, 0xff, 0xff, 
    0xff, 0xff, 0xff, 0xff, 0xff, 0xff, 0xff, 0xff, 
    0xff, 0xff, 0xff, 0xff, 0xff, 0xff, 0xff, 0xff, 
    0xff, 0xff, 0xff, 0xff, 0xff, 0xff, 0xff, 0xff, 
    0xff, 0xff, 0xff, 0xff, 0xff, 0xff, 0xff, 0xff, 
    0xff, 0xff, 0xff, 0xff, 0xff, 0xff, 0xff, 0xff, 
    0xff, 0xff, 0xff, 0xff, 0xff, 0xff, 0xff, 0xff, 
    0xff, 0xff, 0xff, 0xff, 0xff, 0xff, 0xff, 0xff, 
    0xff, 0xff, 0xff, 0xff, 0xff, 0xff, 0xff, 0xff, 
    0xff, 0xff, 0xff, 0xff, 0xff, 0xff, 0xff, 0xff, 
    0xff, 0xff, 0xff, 0xff, 0xff, 0xff, 0xff, 0xff, 
    0xff, 0xff, 0xff, 0xff, 0xff, 0xff, 0xff, 0xff, 
    0xff, 0xff, 0xff, 0xff, 0xff, 0xff, 0xff, 0xff, 
    0xff, 0xff, 0xff, 0xff, 0xff, 0xff, 0xff, 0xff, 
    0xff, 0xff, 0xff, 0xff, 0xff, 0xff, 0xff, 0xff, 
    0xff, 0xff, 0xff, 0xff, 0xff, 0xff, 0xff, 0xff, 
    0xff, 0xff, 0xff, 0xff, 0xff, 0xff, 0xff, 0xff, 
    0xff, 0xff, 0xff, 0xff, 0xff, 0xff, 0xff, 0xff, 
    0xff, 0xff, 0xff, 0xff, 0xff, 0xff, 0xff, 0xff, 
    0xff, 0xff, 0xff, 0xff, 0xff, 0xff, 0xff, 0xff, 
    0xff, 0xff, 0xff, 0xff, 0xff, 0xff, 0xff, 0xff, 
    0xff, 0xff, 0xff, 0xff, 0xff, 0xff, 0xfe, 0x8d, 
    0x25, 0x05, 0x21, 0x93, 0xff, 0xff, 0xff, 0xff, 
    0xff, 0xff, 0xff, 0xff, 0x79, 0x00, 0x00, 0x14, 
    0x05, 0x04, 0xff, 0xff, 0xff, 0xff, 0xff, 0xff, 
    0xff, 0xef, 0x07, 0x00, 0x87, 0xff, 0xec, 0x83, 
    0xff, 0xff, 0xff, 0xff, 0xff, 0xff, 0xff, 0xba, 
    0x00, 0x02, 0xf7, 0xff, 0xff, 0xff, 0xff, 0xff, 
    0xff, 0xff, 0xff, 0xff, 0xff, 0xa7, 0x00, 0x11, 
    0xff, 0xff, 0xff, 0xff, 0xff, 0xff, 0xff, 0xff, 
    0xff, 0xff, 0xff, 0xb5, 0x00, 0x02, 0xf6, 0xff, 
    0xff, 0xff, 0xff, 0xff, 0xff, 0xff, 0xff, 0xff, 
    0xff, 0xe8, 0x03, 0x00, 0x80, 0xfd, 0xe2, 0x60, 
    0xfe, 0xff, 0xff, 0xff, 0xff, 0xff, 0xff, 0xff, 
    0x68, 0x00, 0x00, 0x08, 0x00, 0x01, 0xf9, 0xff, 
    0xff, 0xff, 0xff, 0xff, 0xff, 0xff, 0xfb, 0x8a, 
    0x11, 0x00, 0x3a, 0xa7, 0xff, 0xff, 0xff, 0xff, 
    0xff, 0xff, 0xff, 0xff, 0xff, 0xff, 0x85, 0x00, 
    0xb9, 0xff, 0xff, 0xff, 0xff, 0xff, 0xff, 0xff, 
    0xff, 0xff, 0xf4, 0x72, 0x40, 0x00, 0x88, 0xff, 
    0xff, 0xff, 0xff, 0xff, 0xff, 0xff, 0xff, 0xff, 
    0xec, 0x27, 0x05, 0x2d, 0xdb, 0xff, 0xff, 0xff, 
    0xff, 0xff, 0xff, 0xff, 0xff, 0xff, 0xff, 0xff, 
    0xff, 0xff, 0xff, 0xff, 0xff, 0xff, 0xff, 0xff, 
    0xff, 0xff, 0xff, 0xff, 0xff, 0xff, 0xff, 0xff, 
    0xff, 0xff, 0xff, 0xff, 0xff, 0xff, 0xff, 0xff, 
    0xff, 0xff, 0xff, 0xff, 0xff, 0xff, 0xff, 0xff, 
    0xff, 0xff, 0xff, 0xff, 0xff, 0xff, 0xff, 0xff, 
    0xff, 0xff, 0xff, 0xff, 0xff, 0xff, 0xff, 0xff, 
    0xff, 0xff, 0xff, 0xff, 0xff, 0xff, 0xff, 0xff, 
    0xff, 0xff, 0xff, 0xff, 0xff, 0xff, 0xff, 0xff, 
    0xff, 0xff, 0xff, 0xff, 0xff, 0xff, 0xff, 0xff, 
    0xff, 0xff, 0xff, 0xff, 0xff, 0xff, 0xff, 0xff, 
    0xff, 0xff, 0xff, 0xff, 0xff, 0xff, 0xff, 0xff, 
    0xff, 0xff, 0xff, 0xff, 0xff, 0xff, 0xff, 0xff, 
    0xff, 0xff, 0xff, 0xff, 0xff, 0xff, 0xff, 0xff, 
    0xff, 0xff, 0xff, 0xff, 0xff, 0xff, 0xff, 0xff, 
    0xff, 0xff, 0xff, 0xff, 0xff, 0xff, 0xff, 0xff, 
    0xff, 0xff, 0xff, 0xff, 0xff, 0xff, 0xff, 0xff, 
    0xff, 0xff, 0xff, 0xff, 0xff, 0xff, 0xff, 0xff, 
    0xff, 0xff, 0xff, 0xff, 0xff, 0xff, 0xff, 0xff, 
    0xff, 0xff, 0xff, 0xff, 0xff, 0xff, 0xff, 0xff, 
    0xff, 0xff, 0xff, 0xff, 0xff, 0xff, 0xff, 0xff, 
    0xff, 0xff, 0xff, 0xff, 0xff, 0xff, 0xff, 0xff, 
    0xff, 0xff, 0xff, 0xff, 0xff, 0xff, 0xff, 0xff, 
    0xff, 0xff, 0xff, 0xff, 0xff, 0xff, 0xff, 0xff, 
    0xff, 0xff, 0xff, 0xff, 0xff, 0xff, 0xff, 0xff, 
    0xff, 0xff, 0xff, 0xff, 0xff, 0xff, 0xff, 0xff, 
    0xff, 0xff, 0xff, 0xfd, 0x28, 0x0b, 0xc0, 0xff, 
    0xff, 0xff, 0xff, 0xff, 0xff, 0xff, 0xff, 0xff, 
    0xff, 0xff, 0xff, 0xc5, 0x05, 0x2d, 0xfc, 0xff, 
    0xff, 0xff, 0xff, 0xff, 0xff, 0xff, 0xff, 0xff, 
    0xff, 0xff, 0xff, 0x92, 0x00, 0x9f, 0xff, 0xff, 
    0xff, 0xff, 0xff, 0xff, 0xff, 0xff, 0xff, 0xff, 
    0xff, 0xff, 0xff, 0xf8, 0xfd, 0xff, 0xff, 0xff, 
    0xff, 0xff, 0xff, 0xff, 0xff, 0xff, 0xff, 0xff, 
    0x97, 0x29, 0x06, 0x18, 0x6d, 0xf5, 0xff, 0xff, 
    0xff, 0xff, 0xff, 0xff, 0xff, 0xff, 0x89, 0x00, 
    0x0c, 0x4f, 0x1c, 0x00, 0x5f, 0xff, 0xff, 0xff, 
    0xff, 0xff, 0xff, 0xff, 0xf4, 0x0d, 0x00, 0xba, 
    0xff, 0xe4, 0x06, 0x03, 0xe6, 0xff, 0xff, 0xff, 
    0xff, 0xff, 0xff, 0xc0, 0x00, 0x07, 0xdb, 0xdb, 
    0xdb, 0x24, 0x00, 0xbc, 0xff, 0xff, 0xff, 0xff, 
    0xff, 0xff, 0xab, 0x00, 0x00, 0x00, 0x00, 0x00, 
    0x00, 0x00, 0xb2, 0xff, 0xff, 0xff, 0xff, 0xff, 
    0xff, 0xb8, 0x00, 0x08, 0xab, 0xab, 0xab, 0xab, 
    0xb1, 0xf9, 0xff, 0xff, 0xff, 0xff, 0xff, 0xff, 
    0xe8, 0x03, 0x00, 0xb6, 0xff, 0xff, 0xff, 0xdd, 
    0xff, 0xff, 0xff, 0xff, 0xff, 0xff, 0xff, 0xff, 
    0x64, 0x00, 0x01, 0x2e, 0x38, 0x16, 0x07, 0xff, 
    0xff, 0xff, 0xff, 0xff, 0xff, 0xff, 0xff, 0xfd, 
    0x92, 0x26, 0x06, 0x0b, 0x30, 0x84, 0xff, 0xff, 
    0xff, 0xff, 0xff, 0xff, 0xff, 0xff, 0xff, 0xff, 
    0xff, 0xff, 0xff, 0xff, 0xff, 0xff, 0xff, 0xff, 
    0xff, 0xff, 0xff, 0xff, 0xff, 0xff, 0xff, 0xff, 
    0xff, 0xff, 0xff, 0xff, 0xff, 0xff, 0xff, 0xff, 
    0xff, 0xff, 0xff, 0xff, 0xff, 0xff, 0xff, 0xff, 
    0xff, 0xff, 0xff, 0xff, 0xff, 0xff, 0xff, 0xff, 
    0xff, 0xff, 0xff, 0xff, 0xff, 0xff, 0xff, 0xff, 
    0xff, 0xff, 0xff, 0xff, 0xff, 0xff, 0xff, 0xff, 
    0xff, 0xff, 0xff, 0xff, 0xff, 0xff, 0xff, 0xff, 
    0xff, 0xff, 0xff, 0xff, 0xff, 0xff, 0xff, 0xff, 
    0xff, 0xff, 0xff, 0xff, 0xff, 0xff, 0xff, 0xff, 
    0xff, 0xff, 0xff, 0xff, 0xff, 0xff, 0xff, 0xff, 
    0xff, 0xff, 0xff, 0xff, 0xff, 0xff, 0xff, 0xff, 
    0xff, 0xff, 0xff, 0xff, 0xff, 0xff, 0xff, 0xff, 
    0xff, 0xff, 0xff, 0xff, 0xff, 0xff, 0xff, 0xff, 
    0xff, 0xff, 0xff, 0xff, 0xff, 0xff, 0xff, 0xff, 
    0xff, 0xff, 0xff, 0xff, 0xff, 0xff, 0xff, 0xff, 
    0xff, 0xff, 0xff, 0xff, 0xff, 0xff, 0xff, 0xff, 
    0xff, 0xff, 0xff, 0xff, 0xff, 0xff, 0xff, 0xff, 
    0xff, 0xff, 0xff, 0xff, 0xff, 0xff, 0xff, 0xff, 
    0xff, 0xff, 0xff, 0xff, 0xff, 0xff, 0xff, 0xff, 
    0xff, 0xff, 0xff, 0xff, 0xff, 0xff, 0xff, 0xff, 
    0xff, 0xff, 0xff, 0xff, 0xff, 0xff, 0xff, 0xff, 
    0xff, 0xff, 0xff, 0xff, 0xff, 0xff, 0xff, 0xff, 
    0xff, 0xff, 0xff, 0xff, 0xff, 0xff, 0xff, 0xff, 
    0xff, 0xff, 0xff, 0xff, 0xff, 0xff, 0xff, 0xff, 
    0xff, 0xff, 0xff, 0xff, 0xff, 0xff, 0xff, 0xff, 
    0xff, 0xff, 0xff, 0xff, 0xff, 0xff, 0xff, 0xff, 
    0xff, 0xff, 0xff, 0xff, 0xff, 0xff, 0xff, 0xff, 
    0xff, 0xff, 0xff, 0xff, 0xff, 0xff, 0xff, 0xff, 
    0xff, 0xff, 0xff, 0xff, 0xff, 0xff, 0xff, 0xff, 
    0xff, 0xff, 0xff, 0xff, 0xff, 0xff, 0xff, 0xff, 
    0xff, 0xff, 0xff, 0xff, 0xff, 0xff, 0xff, 0xff, 
    0xdd, 0x14, 0x11, 0xeb, 0xff, 0xff, 0xff, 0xff, 
    0xff, 0xff, 0xff, 0xff, 0xff, 0xff, 0xff, 0x50, 
    0x00, 0x9e, 0xff, 0xff, 0xff, 0xff, 0xff, 0xff, 
    0xff, 0xff, 0xff, 0xff, 0xff, 0xc6, 0x00, 0x68, 
    0xff, 0xff, 0xff, 0xff, 0xff, 0xff, 0xff, 0xff, 
    0xff, 0xff, 0xff, 0xff, 0xfe, 0xf6, 0xff, 0xff, 
    0xff, 0xff, 0xff, 0xff, 0xff, 0xff, 0xff, 0xff, 
    0xff, 0xff, 0x97, 0x29, 0x06, 0x18, 0x6d, 0xf5, 
    0xff, 0xff, 0xff, 0xff, 0xff, 0xff, 0xff, 0xff, 
    0x89, 0x00, 0x0c, 0x4f, 0x1c, 0x00, 0x5f, 0xff, 
    0xff, 0xff, 0xff, 0xff, 0xff, 0xff, 0xf4, 0x0d, 
    0x00, 0xba, 0xff, 0xe4, 0x06, 0x03, 0xe6, 0xff, 
    0xff, 0xff, 0xff, 0xff, 0xff, 0xc0, 0x00, 0x07, 
    0xdb, 0xdb, 0xdb, 0x24, 0x00, 0xbc, 0xff, 0xff, 
    0xff, 0xff, 0xff, 0xff, 0xab, 0x00, 0x00, 0x00, 
    0x00, 0x00, 0x00, 0x00, 0xb2, 0xff, 0xff, 0xff, 
    0xff, 0xff, 0xff, 0xb8, 0x00, 0x08, 0xab, 0xab, 
    0xab, 0xab, 0xb1, 0xf9, 0xff, 0xff, 0xff, 0xff, 
    0xff, 0xff, 0xe8, 0x03, 0x00, 0xb6, 0xff, 0xff, 
    0xff, 0xdd, 0xff, 0xff, 0xff, 0xff, 0xff, 0xff, 
    0xff, 0xff, 0x64, 0x00, 0x01, 0x2e, 0x38, 0x16, 
    0x07, 0xff, 0xff, 0xff, 0xff, 0xff, 0xff, 0xff, 
    0xff, 0xfd, 0x92, 0x26, 0x06, 0x0b, 0x30, 0x84, 
    0xff, 0xff, 0xff, 0xff, 0xff, 0xff, 0xff, 0xff, 
    0xff, 0xff, 0xff, 0xff, 0xff, 0xff, 0xff, 0xff, 
    0xff, 0xff, 0xff, 0xff, 0xff, 0xff, 0xff, 0xff, 
    0xff, 0xff, 0xff, 0xff, 0xff, 0xff, 0xff, 0xff, 
    0xff, 0xff, 0xff, 0xff, 0xff, 0xff, 0xff, 0xff, 
    0xff, 0xff, 0xff, 0xff, 0xff, 0xff, 0xff, 0xff, 
    0xff, 0xff, 0xff, 0xff, 0xff, 0xff, 0xff, 0xff, 
    0xff, 0xff, 0xff, 0xff, 0xff, 0xff, 0xff, 0xff, 
    0xff, 0xff, 0xff, 0xff, 0xff, 0xff, 0xff, 0xff, 
    0xff, 0xff, 0xff, 0xff, 0xff, 0xff, 0xff, 0xff, 
    0xff, 0xff, 0xff, 0xff, 0xff, 0xff, 0xff, 0xff, 
    0xff, 0xff, 0xff, 0xff, 0xff, 0xff, 0xff, 0xff, 
    0xff, 0xff, 0xff, 0xff, 0xff, 0xff, 0xff, 0xff, 
    0xff, 0xff, 0xff, 0xff, 0xff, 0xff, 0xff, 0xff, 
    0xff, 0xff, 0xff, 0xff, 0xff, 0xff, 0xff, 0xff, 
    0xff, 0xff, 0xff, 0xff, 0xff, 0xff, 0xff, 0xff, 
    0xff, 0xff, 0xff, 0xff, 0xff, 0xff, 0xff, 0xff, 
    0xff, 0xff, 0xff, 0xff, 0xff, 0xff, 0xff, 0xff, 
    0xff, 0xff, 0xff, 0xff, 0xff, 0xff, 0xff, 0xff, 
    0xff, 0xff, 0xff, 0xff, 0xff, 0xff, 0xff, 0xff, 
    0xff, 0xff, 0xff, 0xff, 0xff, 0xff, 0xff, 0xff, 
    0xff, 0xff, 0xff, 0xff, 0xff, 0xff, 0xff, 0xff, 
    0xff, 0xff, 0xff, 0xff, 0xff, 0xff, 0xff, 0xff, 
    0xff, 0xff, 0xff, 0xff, 0xff, 0xff, 0xff, 0xff, 
    0xff, 0xff, 0xff, 0xff, 0xff, 0xff, 0xff, 0xff, 
    0xff, 0xff, 0xff, 0xff, 0xff, 0xff, 0xff, 0xff, 
    0xff, 0xff, 0xff, 0xff, 0xff, 0xff, 0xff, 0xff, 
    0xff, 0xff, 0xff, 0xff, 0xff, 0xff, 0xff, 0xff, 
    0xff, 0xff, 0xff, 0xff, 0xff, 0xff, 0xff, 0xff, 
    0xff, 0xff, 0xff, 0xff, 0xff, 0xff, 0xff, 0xff, 
    0xff, 0xff, 0xff, 0xff, 0xff, 0xff, 0xff, 0xff, 
    0xff, 0xff, 0xff, 0xff, 0xff, 0xff, 0xff, 0xff, 
    0xff, 0xff, 0xff, 0xff, 0xff, 0xff, 0xff, 0xff, 
    0xff, 0x51, 0x00, 0x39, 0xfa, 0xff, 0xff, 0xff, 
    0xff, 0xff, 0xff, 0xff, 0xff, 0xff, 0xff, 0xa4, 
    0x00, 0x54, 0x00, 0x81, 0xff, 0xff, 0xff, 0xff, 
    0xff, 0xff, 0xff, 0xff, 0xff, 0xf6, 0x14, 0x36, 
    0xfc, 0x5c, 0x06, 0xe0, 0xff, 0xff, 0xff, 0xff, 
    0xff, 0xff, 0xff, 0xff, 0xff, 0xf7, 0xfd, 0xff, 
    0xfe, 0xf5, 0xff, 0xff, 0xff, 0xff, 0xff, 0xff, 
    0xff, 0xff, 0xff, 0xff, 0x97, 0x29, 0x06, 0x18, 
    0x6d, 0xf5, 0xff, 0xff, 0xff, 0xff, 0xff, 0xff, 
    0xff, 0xff, 0x89, 0x00, 0x0c, 0x4f, 0x1c, 0x00, 
    0x5f, 0xff, 0xff, 0xff, 0xff, 0xff, 0xff, 0xff, 
    0xf4, 0x0d, 0x00, 0xba, 0xff, 0xe4, 0x06, 0x03, 
    0xe6, 0xff, 0xff, 0xff, 0xff, 0xff, 0xff, 0xc0, 
    0x00, 0x07, 0xdb, 0xdb, 0xdb, 0x24, 0x00, 0xbc, 
    0xff, 0xff, 0xff, 0xff, 0xff, 0xff, 0xab, 0x00, 
    0x00, 0x00, 0x00, 0x00, 0x00, 0x00, 0xb2, 0xff, 
    0xff, 0xff, 0xff, 0xff, 0xff, 0xb8, 0x00, 0x08, 
    0xab, 0xab, 0xab, 0xab, 0xb1, 0xf9, 0xff, 0xff, 
    0xff, 0xff, 0xff, 0xff, 0xe8, 0x03, 0x00, 0xb6, 
    0xff, 0xff, 0xff, 0xdd, 0xff, 0xff, 0xff, 0xff, 
    0xff, 0xff, 0xff, 0xff, 0x64, 0x00, 0x01, 0x2e, 
    0x38, 0x16, 0x07, 0xff, 0xff, 0xff, 0xff, 0xff, 
    0xff, 0xff, 0xff, 0xfd, 0x92, 0x26, 0x06, 0x0b, 
    0x30, 0x84, 0xff, 0xff, 0xff, 0xff, 0xff, 0xff, 
    0xff, 0xff, 0xff, 0xff, 0xff, 0xff, 0xff, 0xff, 
    0xff, 0xff, 0xff, 0xff, 0xff, 0xff, 0xff, 0xff, 
    0xff, 0xff, 0xff, 0xff, 0xff, 0xff, 0xff, 0xff, 
    0xff, 0xff, 0xff, 0xff, 0xff, 0xff, 0xff, 0xff, 
    0xff, 0xff, 0xff, 0xff, 0xff, 0xff, 0xff, 0xff, 
    0xff, 0xff, 0xff, 0xff, 0xff, 0xff, 0xff, 0xff, 
    0xff, 0xff, 0xff, 0xff, 0xff, 0xff, 0xff, 0xff, 
    0xff, 0xff, 0xff, 0xff, 0xff, 0xff, 0xff, 0xff, 
    0xff, 0xff, 0xff, 0xff, 0xff, 0xff, 0xff, 0xff, 
    0xff, 0xff, 0xff, 0xff, 0xff, 0xff, 0xff, 0xff, 
    0xff, 0xff, 0xff, 0xff, 0xff, 0xff, 0xff, 0xff, 
    0xff, 0xff, 0xff, 0xff, 0xff, 0xff, 0xff, 0xff, 
    0xff, 0xff, 0xff, 0xff, 0xff, 0xff, 0xff, 0xff, 
    0xff, 0xff, 0xff, 0xff, 0xff, 0xff, 0xff, 0xff, 
    0xff, 0xff, 0xff, 0xff, 0xff, 0xff, 0xff, 0xff, 
    0xff, 0xff, 0xff, 0xff, 0xff, 0xff, 0xff, 0xff, 
    0xff, 0xff, 0xff, 0xff, 0xff, 0xff, 0xff, 0xff, 
    0xff, 0xff, 0xff, 0xff, 0xff, 0xff, 0xff, 0xff, 
    0xff, 0xff, 0xff, 0xff, 0xff, 0xff, 0xff, 0xff, 
    0xff, 0xff, 0xff, 0xff, 0xff, 0xff, 0xff, 0xff, 
    0xff, 0xff, 0xff, 0xff, 0xff, 0xff, 0xff, 0xff, 
    0xff, 0xff, 0xff, 0xff, 0xff, 0xff, 0xff, 0xff, 
    0xff, 0xff, 0xff, 0xff, 0xff, 0xff, 0xff, 0xff, 
    0xff, 0xff, 0xff, 0xff, 0xff, 0xff, 0xff, 0xff, 
    0xff, 0xff, 0xff, 0xff, 0xff, 0xff, 0xff, 0xff, 
    0xff, 0xff, 0xff, 0xff, 0xff, 0xff, 0xff, 0xff, 
    0xff, 0xff, 0xff, 0xff, 0xff, 0xff, 0xff, 0xff, 
    0xff, 0xff, 0xff, 0xff, 0xff, 0xff, 0xff, 0xff, 
    0xff, 0xff, 0xff, 0xff, 0xff, 0xff, 0xff, 0xff, 
    0xff, 0xff, 0xff, 0xff, 0xff, 0xff, 0xff, 0xff, 
    0xff, 0xff, 0xff, 0xff, 0xff, 0xff, 0xff, 0xff, 
    0xff, 0xff, 0xff, 0xff, 0xff, 0xff, 0xff, 0xff, 
    0xff, 0xff, 0xff, 0xff, 0xff, 0xff, 0xff, 0xff, 
    0xff, 0xff, 0xff, 0xff, 0xff, 0xff, 0xff, 0xff, 
    0xdd, 0x10, 0x36, 0xff, 0x5c, 0x0a, 0xc0, 0xff, 
    0xff, 0xff, 0xff, 0xff, 0xff, 0xff, 0xff, 0xcb, 
    0x00, 0x19, 0xff, 0x3b, 0x00, 0xa9, 0xff, 0xff, 
    0xff, 0xff, 0xff, 0xff, 0xff, 0xff, 0xff, 0xcf, 
    0xe2, 0xff, 0xe9, 0xca, 0xfd, 0xff, 0xff, 0xff, 
    0xff, 0xff, 0xff, 0xff, 0xff, 0xff, 0x97, 0x29, 
    0x06, 0x18, 0x6d, 0xf5, 0xff, 0xff, 0xff, 0xff, 
    0xff, 0xff, 0xff, 0xff, 0x89, 0x00, 0x0c, 0x4f, 
    0x1c, 0x00, 0x5f, 0xff, 0xff, 0xff, 0xff, 0xff, 
    0xff, 0xff, 0xf4, 0x0d, 0x00, 0xba, 0xff, 0xe4, 
    0x06, 0x03, 0xe6, 0xff, 0xff, 0xff, 0xff, 0xff, 
    0xff, 0xc0, 0x00, 0x07, 0xdb, 0xdb, 0xdb, 0x24, 
    0x00, 0xbc, 0xff, 0xff, 0xff, 0xff, 0xff, 0xff, 
    0xab, 0x00, 0x00, 0x00, 0x00, 0x00, 0x00, 0x00, 
    0xb2, 0xff, 0xff, 0xff, 0xff, 0xff, 0xff, 0xb8, 
    0x00, 0x08, 0xab, 0xab, 0xab, 0xab, 0xb1, 0xf9, 
    0xff, 0xff, 0xff, 0xff, 0xff, 0xff, 0xe8, 0x03, 
    0x00, 0xb6, 0xff, 0xff, 0xff, 0xdd, 0xff, 0xff, 
    0xff, 0xff, 0xff, 0xff, 0xff, 0xff, 0x64, 0x00, 
    0x01, 0x2e, 0x38, 0x16, 0x07, 0xff, 0xff, 0xff, 
    0xff, 0xff, 0xff, 0xff, 0xff, 0xfd, 0x92, 0x26, 
    0x06, 0x0b, 0x30, 0x84, 0xff, 0xff, 0xff, 0xff, 
    0xff, 0xff, 0xff, 0xff, 0xff, 0xff, 0xff, 0xff, 
    0xff, 0xff, 0xff, 0xff, 0xff, 0xff, 0xff, 0xff, 
    0xff, 0xff, 0xff, 0xff, 0xff, 0xff, 0xff, 0xff, 
    0xff, 0xff, 0xff, 0xff, 0xff, 0xff, 0xff, 0xff, 
    0xff, 0xff, 0xff, 0xff, 0xff, 0xff, 0xff, 0xff, 
    0xff, 0xff, 0xff, 0xff, 0xff, 0xff, 0xff, 0xff, 
    0xff, 0xff, 0xff, 0xff, 0xff, 0xff, 0xff, 0xff, 
    0xff, 0xff, 0xff, 0xff, 0xff, 0xff, 0xff, 0xff, 
    0xff, 0xff, 0xff, 0xff, 0xff, 0xff, 0xff, 0xff, 
    0xff, 0xff, 0xff, 0xff, 0xff, 0xff, 0xff, 0xff, 
    0xff, 0xff, 0xff, 0xff, 0xff, 0xff, 0xff, 0xff, 
    0xff, 0xff, 0xff, 0xff, 0xff, 0xff, 0xff, 0xff, 
    0xff, 0xff, 0xff, 0xff, 0xff, 0xff, 0xff, 0xff, 
    0xff, 0xff, 0xff, 0xff, 0xff, 0xff, 0xff, 0xff, 
    0xff, 0xff, 0xff, 0xff, 0xff, 0xff, 0xff, 0xff, 
    0xff, 0xff, 0xff, 0xff, 0xff, 0xff, 0xff, 0xff, 
    0xff, 0xff, 0xff, 0xff, 0xff, 0xff, 0xff, 0xff, 
    0xff, 0xff, 0xff, 0xff, 0xff, 0xff, 0xff, 0xff, 
    0xff, 0xff, 0xff, 0xff, 0xff, 0xff, 0xff, 0xff, 
    0xff, 0xff, 0xff, 0xff, 0xff, 0xff, 0xff, 0xff, 
    0xff, 0xff, 0xff, 0xff, 0xff, 0xff, 0xff, 0xff, 
    0xff, 0xff, 0xff, 0xff, 0xff, 0xff, 0xff, 0xff, 
    0xff, 0xff, 0xff, 0xff, 0xff, 0xff, 0xff, 0xff, 
    0xff, 0xff, 0xff, 0xff, 0xff, 0xff, 0xff, 0xff, 
    0xff, 0xff, 0xff, 0xff, 0xff, 0xff, 0xff, 0xff, 
    0xff, 0xff, 0xff, 0xff, 0xff, 0xff, 0xff, 0xff, 
    0xff, 0xff, 0xff, 0xff, 0xff, 0xff, 0xff, 0xff, 
    0xff, 0xff, 0xff, 0xff, 0xff, 0xff, 0xff, 0xff, 
    0xff, 0xff, 0xff, 0xff, 0xff, 0xff, 0xff, 0xff, 
    0xdf, 0x0c, 0x1c, 0xe7, 0xff, 0xff, 0xff, 0xff, 
    0xff, 0xff, 0xff, 0xff, 0xff, 0x9a, 0x00, 0x5b, 
    0xff, 0xff, 0xff, 0xff, 0xff, 0xff, 0xff, 0xff, 
    0xff, 0xff, 0x73, 0x16, 0xd9, 0xff, 0xff, 0xff, 
    0xff, 0xff, 0xff, 0xff, 0xff, 0xff, 0xff, 0xff, 
    0xff, 0xff, 0xff, 0xff, 0xff, 0xff, 0xff, 0xff, 
    0xff, 0xff, 0x2e, 0x06, 0xb9, 0xff, 0xff, 0xff, 
    0xff, 0xff, 0xff, 0xff, 0xff, 0xff, 0x1b, 0x00, 
    0xab, 0xff, 0xff, 0xff, 0xff, 0xff, 0xff, 0xff, 
    0xff, 0xff, 0x1b, 0x00, 0xab, 0xff, 0xff, 0xff, 
    0xff, 0xff, 0xff, 0xff, 0xff, 0xff, 0x1b, 0x00, 
    0xab, 0xff, 0xff, 0xff, 0xff, 0xff, 0xff, 0xff, 
    0xff, 0xff, 0x1b, 0x00, 0xab, 0xff, 0xff, 0xff, 
    0xff, 0xff, 0xff, 0xff, 0xff, 0xff, 0x1b, 0x00, 
    0xab, 0xff, 0xff, 0xff, 0xff, 0xff, 0xff, 0xff, 
    0xff, 0xff, 0x1b, 0x00, 0xab, 0xff, 0xff, 0xff, 
    0xff, 0xff, 0xff, 0xff, 0xff, 0xff, 0x1b, 0x00, 
    0xab, 0xff, 0xff, 0xff, 0xff, 0xff, 0xff, 0xff, 
    0xff, 0xff, 0x2c, 0x03, 0xb9, 0xff, 0xff, 0xff, 
    0xff, 0xff, 0xff, 0xff, 0xff, 0xff, 0xff, 0xff, 
    0xff, 0xff, 0xff, 0xff, 0xff, 0xff, 0xff, 0xff, 
    0xff, 0xff, 0xff, 0xff, 0xff, 0xff, 0xff, 0xff, 
    0xff, 0xff, 0xff, 0xff, 0xff, 0xff, 0xff, 0xff, 
    0xff, 0xff, 0xff, 0xff, 0xff, 0xff, 0xff, 0xff, 
    0xff, 0xff, 0xff, 0xff, 0xff, 0xff, 0xff, 0xff, 
    0xff, 0xff, 0xff, 0xff, 0xff, 0xff, 0xff, 0xff, 
    0xff, 0xff, 0xff, 0xff, 0xff, 0xff, 0xff, 0xff, 
    0xff, 0xff, 0xff, 0xff, 0xff, 0xff, 0xff, 0xff, 
    0xff, 0xff, 0xff, 0xff, 0xff, 0xff, 0xff, 0xff, 
    0xff, 0xff, 0xff, 0xff, 0xff, 0xff, 0xff, 0xff, 
    0xff, 0xff, 0xff, 0xff, 0xff, 0xff, 0xff, 0xff, 
    0xff, 0xff, 0xff, 0xff, 0xff, 0xff, 0xff, 0xff, 
    0xff, 0xff, 0xff, 0xff, 0xff, 0xff, 0xff, 0xff, 
    0xff, 0xff, 0xff, 0xff, 0xff, 0xff, 0xff, 0xff, 
    0xff, 0xff, 0xff, 0xff, 0xff, 0xff, 0xff, 0xff, 
    0xff, 0xff, 0xff, 0xff, 0xff, 0xff, 0xff, 0xff, 
    0xff, 0xff, 0xff, 0xff, 0xff, 0xff, 0xff, 0xff, 
    0xff, 0xff, 0xff, 0xff, 0xff, 0xff, 0xff, 0xff, 
    0xff, 0xff, 0xff, 0xff, 0xff, 0xff, 0xff, 0xff, 
    0xff, 0xff, 0xff, 0xff, 0xff, 0xff, 0xff, 0xff, 
    0xff, 0xff, 0xff, 0xff, 0xff, 0xff, 0xff, 0xff, 
    0xff, 0xff, 0xff, 0xff, 0xff, 0xff, 0xff, 0xff, 
    0xff, 0xff, 0xff, 0xff, 0xff, 0xff, 0xff, 0xff, 
    0xff, 0xff, 0xff, 0xff, 0xff, 0xff, 0xff, 0xff, 
    0x70, 0x03, 0x7a, 0xff, 0xff, 0xff, 0xff, 0xff, 
    0xff, 0xff, 0xc9, 0x01, 0x32, 0xf6, 0xff, 0xff, 
    0xff, 0xff, 0xff, 0xff, 0xff, 0x56, 0x2a, 0xe2, 
    0xff, 0xff, 0xff, 0xff, 0xff, 0xff, 0xff, 0xff, 
    0xff, 0xff, 0xff, 0xff, 0xff, 0xff, 0xff, 0xff, 
    0xff, 0xff, 0xff, 0x2e, 0x06, 0xb9, 0xff, 0xff, 
    0xff, 0xff, 0xff, 0xff, 0xff, 0xff, 0x1b, 0x00, 
    0xab, 0xff, 0xff, 0xff, 0xff, 0xff, 0xff, 0xff, 
    0xff, 0x1b, 0x00, 0xab, 0xff, 0xff, 0xff, 0xff, 
    0xff, 0xff, 0xff, 0xff, 0x1b, 0x00, 0xab, 0xff, 
    0xff, 0xff, 0xff, 0xff, 0xff, 0xff, 0xff, 0x1b, 
    0x00, 0xab, 0xff, 0xff, 0xff, 0xff, 0xff, 0xff, 
    0xff, 0xff, 0x1b, 0x00, 0xab, 0xff, 0xff, 0xff, 
    0xff, 0xff, 0xff, 0xff, 0xff, 0x1b, 0x00, 0xab, 
    0xff, 0xff, 0xff, 0xff, 0xff, 0xff, 0xff, 0xff, 
    0x1b, 0x00, 0xab, 0xff, 0xff, 0xff, 0xff, 0xff, 
    0xff, 0xff, 0xff, 0x2c, 0x03, 0xb9, 0xff, 0xff, 
    0xff, 0xff, 0xff, 0xff, 0xff, 0xff, 0xff, 0xff, 
    0xff, 0xff, 0xff, 0xff, 0xff, 0xff, 0xff, 0xff, 
    0xff, 0xff, 0xff, 0xff, 0xff, 0xff, 0xff, 0xff, 
    0xff, 0xff, 0xff, 0xff, 0xff, 0xff, 0xff, 0xff, 
    0xff, 0xff, 0xff, 0xff, 0xff, 0xff, 0xff, 0xff, 
    0xff, 0xff, 0xff, 0xff, 0xff, 0xff, 0xff, 0xff, 
    0xff, 0xff, 0xff, 0xff, 0xff, 0xff, 0xff, 0xff, 
    0xff, 0xff, 0xff, 0xff, 0xff, 0xff, 0xff, 0xff, 
    0xff, 0xff, 0xff, 0xff, 0xff, 0xff, 0xff, 0xff, 
    0xff, 0xff, 0xff, 0xff, 0xff, 0xff, 0xff, 0xff, 
    0xff, 0xff, 0xff, 0xff, 0xff, 0xff, 0xff, 0xff, 
    0xff, 0xff, 0xff, 0xff, 0xff, 0xff, 0xff, 0xff, 
    0xff, 0xff, 0xff, 0xff, 0xff, 0xff, 0xff, 0xff, 
    0xff, 0xff, 0xff, 0xff, 0xff, 0xff, 0xff, 0xff, 
    0xff, 0xff, 0xff, 0xff, 0xff, 0xff, 0xff, 0xff, 
    0xff, 0xff, 0xff, 0xff, 0xff, 0xff, 0xff, 0xff, 
    0xff, 0xff, 0xff, 0xff, 0xff, 0xff, 0xff, 0xff, 
    0xff, 0xff, 0xff, 0xff, 0xff, 0xff, 0xff, 0xff, 
    0xff, 0xff, 0xff, 0xff, 0xff, 0xff, 0xff, 0xff, 
    0xff, 0xff, 0xff, 0xff, 0xff, 0xff, 0xff, 0xff, 
    0xff, 0xff, 0xff, 0xff, 0xff, 0xff, 0xff, 0xff, 
    0xff, 0xff, 0xff, 0xff, 0xff, 0xff, 0xff, 0xff, 
    0xff, 0xff, 0xff, 0xff, 0xff, 0xff, 0xff, 0xff, 
    0xff, 0xff, 0xff, 0xff, 0xff, 0xff, 0xff, 0xff, 
    0xff, 0xff, 0xff, 0xff, 0xff, 0xff, 0xff, 0xff, 
    0xff, 0xff, 0xff, 0xff, 0xff, 0xff, 0xff, 0xff, 
    0xff, 0xff, 0xff, 0xff, 0xe1, 0x13, 0x04, 0x85, 
    0xff, 0xff, 0xff, 0xff, 0xff, 0xff, 0xff, 0xff, 
    0xfe, 0x44, 0x0e, 0x54, 0x04, 0xcb, 0xff, 0xff, 
    0xff, 0xff, 0xff, 0xff, 0xff, 0xb6, 0x15, 0xa2, 
    0xf2, 0x2f, 0x4c, 0xff, 0xff, 0xff, 0xff, 0xff, 
    0xff, 0xff, 0xff, 0xff, 0xff, 0xff, 0xff, 0xff, 
    0xff, 0xff, 0xff, 0xff, 0xff, 0xff, 0xff, 0xff, 
    0xff, 0x2e, 0x06, 0xb9, 0xff, 0xff, 0xff, 0xff, 
    0xff, 0xff, 0xff, 0xff, 0xff, 0xff, 0x1b, 0x00, 
    0xab, 0xff, 0xff, 0xff, 0xff, 0xff, 0xff, 0xff, 
    0xff, 0xff, 0xff, 0x1b, 0x00, 0xab, 0xff, 0xff, 
    0xff, 0xff, 0xff, 0xff, 0xff, 0xff, 0xff, 0xff, 
    0x1b, 0x00, 0xab, 0xff, 0xff, 0xff, 0xff, 0xff, 
    0xff, 0xff, 0xff, 0xff, 0xff, 0x1b, 0x00, 0xab, 
    0xff, 0xff, 0xff, 0xff, 0xff, 0xff, 0xff, 0xff, 
    0xff, 0xff, 0x1b, 0x00, 0xab, 0xff, 0xff, 0xff, 
    0xff, 0xff, 0xff, 0xff, 0xff, 0xff, 0xff, 0x1b, 
    0x00, 0xab, 0xff, 0xff, 0xff, 0xff, 0xff, 0xff, 
    0xff, 0xff, 0xff, 0xff, 0x1b, 0x00, 0xab, 0xff, 
    0xff, 0xff, 0xff, 0xff, 0xff, 0xff, 0xff, 0xff, 
    0xff, 0x2c, 0x03, 0xb9, 0xff, 0xff, 0xff, 0xff, 
    0xff, 0xff, 0xff, 0xff, 0xff, 0xff, 0xff, 0xff, 
    0xff, 0xff, 0xff, 0xff, 0xff, 0xff, 0xff, 0xff, 
    0xff, 0xff, 0xff, 0xff, 0xff, 0xff, 0xff, 0xff, 
    0xff, 0xff, 0xff, 0xff, 0xff, 0xff, 0xff, 0xff, 
    0xff, 0xff, 0xff, 0xff, 0xff, 0xff, 0xff, 0xff, 
    0xff, 0xff, 0xff, 0xff, 0xff, 0xff, 0xff, 0xff, 
    0xff, 0xff, 0xff, 0xff, 0xff, 0xff, 0xff, 0xff, 
    0xff, 0xff, 0xff, 0xff, 0xff, 0xff, 0xff, 0xff, 
    0xff, 0xff, 0xff, 0xff, 0xff, 0xff, 0xff, 0xff, 
    0xff, 0xff, 0xff, 0xff, 0xff, 0xff, 0xff, 0xff, 
    0xff, 0xff, 0xff, 0xff, 0xff, 0xff, 0xff, 0xff, 
    0xff, 0xff, 0xff, 0xff, 0xff, 0xff, 0xff, 0xff, 
    0xff, 0xff, 0xff, 0xff, 0xff, 0xff, 0xff, 0xff, 
    0xff, 0xff, 0xff, 0xff, 0xff, 0xff, 0xff, 0xff, 
    0xff, 0xff, 0xff, 0xff, 0xff, 0xff, 0xff, 0xff, 
    0xff, 0xff, 0xff, 0xff, 0xff, 0xff, 0xff, 0xff, 
    0xff, 0xff, 0xff, 0xff, 0xff, 0xff, 0xff, 0xff, 
    0xff, 0xff, 0xff, 0xff, 0xff, 0xff, 0xff, 0xff, 
    0xff, 0xff, 0xff, 0xff, 0xff, 0xff, 0xff, 0xff, 
    0xff, 0xff, 0xff, 0xff, 0xff, 0xff, 0xff, 0xff, 
    0xff, 0xff, 0xff, 0xff, 0xff, 0xff, 0xff, 0xff, 
    0xff, 0xff, 0xff, 0xff, 0xff, 0xff, 0xff, 0xff, 
    0xff, 0xff, 0xff, 0xff, 0xff, 0xff, 0xff, 0xff, 
    0xff, 0xff, 0xff, 0xff, 0xff, 0xff, 0xff, 0xff, 
    0xff, 0xff, 0xff, 0xff, 0xff, 0xff, 0xff, 0xff, 
    0xff, 0xff, 0xff, 0xff, 0xff, 0xff, 0xff, 0xff, 
    0xff, 0xff, 0xff, 0xff, 0xff, 0xff, 0xff, 0xff, 
    0xff, 0xff, 0xff, 0xff, 0xff, 0xff, 0xff, 0xff, 
    0xff, 0xff, 0xff, 0xff, 0xff, 0xff, 0xff, 0xff, 
    0xff, 0xff, 0xff, 0xff, 0xff, 0xff, 0xd3, 0x0c, 
    0x5d, 0xc9, 0x0b, 0x68, 0xff, 0xff, 0xff, 0xff, 
    0xff, 0xff, 0xff, 0xbe, 0x00, 0x41, 0xb2, 0x00, 
    0x4d, 0xff, 0xff, 0xff, 0xff, 0xff, 0xff, 0xff, 
    0xfe, 0xcb, 0xea, 0xfe, 0xca, 0xed, 0xff, 0xff, 
    0xff, 0xff, 0xff, 0xff, 0xff, 0xff, 0xff, 0x2e, 
    0x06, 0xb9, 0xff, 0xff, 0xff, 0xff, 0xff, 0xff, 
    0xff, 0xff, 0xff, 0xff, 0x1b, 0x00, 0xab, 0xff, 
    0xff, 0xff, 0xff, 0xff, 0xff, 0xff, 0xff, 0xff, 
    0xff, 0x1b, 0x00, 0xab, 0xff, 0xff, 0xff, 0xff, 
    0xff, 0xff, 0xff, 0xff, 0xff, 0xff, 0x1b, 0x00, 
    0xab, 0xff, 0xff, 0xff, 0xff, 0xff, 0xff, 0xff, 
    0xff, 0xff, 0xff, 0x1b, 0x00, 0xab, 0xff, 0xff, 
    0xff, 0xff, 0xff, 0xff, 0xff, 0xff, 0xff, 0xff, 
    0x1b, 0x00, 0xab, 0xff, 0xff, 0xff, 0xff, 0xff, 
    0xff, 0xff, 0xff, 0xff, 0xff, 0x1b, 0x00, 0xab, 
    0xff, 0xff, 0xff, 0xff, 0xff, 0xff, 0xff, 0xff, 
    0xff, 0xff, 0x1b, 0x00, 0xab, 0xff, 0xff, 0xff, 
    0xff, 0xff, 0xff, 0xff, 0xff, 0xff, 0xff, 0x2c, 
    0x03, 0xb9, 0xff, 0xff, 0xff, 0xff, 0xff, 0xff, 
    0xff, 0xff, 0xff, 0xff, 0xff, 0xff, 0xff, 0xff, 
    0xff, 0xff, 0xff, 0xff, 0xff, 0xff, 0xff, 0xff, 
    0xff, 0xff, 0xff, 0xff, 0xff, 0xff, 0xff, 0xff, 
    0xff, 0xff, 0xff, 0xff, 0xff, 0xff, 0xff, 0xff, 
    0xff, 0xff, 0xff, 0xff, 0xff, 0xff, 0xff, 0xff, 
    0xff, 0xff, 0xff, 0xff, 0xff, 0xff, 0xff, 0xff, 
    0xff, 0xff, 0xff, 0xff, 0xff, 0xff, 0xff, 0xff, 
    0xff, 0xff, 0xff, 0xff, 0xff, 0xff, 0xff, 0xff, 
    0xff, 0xff, 0xff, 0xff, 0xff, 0xff, 0xff, 0xff, 
    0xff, 0xff, 0xff, 0xff, 0xff, 0xff, 0xff, 0xff, 
    0xff, 0xff, 0xff, 0xff, 0xff, 0xff, 0xff, 0xff, 
    0xff, 0xff, 0xff, 0xff, 0xff, 0xff, 0xff, 0xff, 
    0xff, 0xff, 0xff, 0xff, 0xff, 0xff, 0xff, 0xff, 
    0xff, 0xff, 0xff, 0xff, 0xff, 0xff, 0xff, 0xff, 
    0xff, 0xff, 0xff, 0xff, 0xff, 0xff, 0xff, 0xff, 
    0xff, 0xff, 0xff, 0xff, 0xff, 0xff, 0xff, 0xff, 
    0xff, 0xff, 0xff, 0xff, 0xff, 0xff, 0xff, 0xff, 
    0xff, 0xff, 0xff, 0xff, 0xff, 0xff, 0xff, 0xff, 
    0xff, 0xff, 0xff, 0xff, 0xff, 0xff, 0xff, 0xff, 
    0xff, 0xff, 0xff, 0xff, 0xff, 0xff, 0xff, 0xff, 
    0xff, 0xff, 0xff, 0xff, 0xff, 0xff, 0xff, 0xff, 
    0xff, 0xff, 0xff, 0xff, 0xff, 0xff, 0xff, 0xff, 
    0xff, 0xff, 0xff, 0xff, 0xff, 0xff, 0xff, 0xff, 
    0xff, 0xff, 0xff, 0xff, 0xff, 0xff, 0xff, 0xff, 
    0xff, 0xff, 0xff, 0xff, 0xff, 0xff, 0xff, 0xff, 
    0xff, 0xff, 0xff, 0xff, 0xff, 0xff, 0xff, 0xff, 
    0xff, 0xff, 0xff, 0xff, 0xff, 0xff, 0xff, 0xff, 
    0xff, 0xff, 0xff, 0xff, 0xff, 0xff, 0xff, 0xff, 
    0xff, 0xff, 0xff, 0xff, 0xff, 0xff, 0xff, 0xff, 
    0xff, 0xff, 0xff, 0xff, 0xff, 0xff, 0xff, 0xff, 
    0xff, 0xff, 0xfe, 0x3d, 0x00, 0x22, 0x6a, 0x2a, 
    0x7c, 0xff, 0xff, 0xff, 0xff, 0xff, 0xff, 0xff, 
    0xff, 0xb5, 0x47, 0x00, 0x00, 0x00, 0x2b, 0xb6, 
    0xff, 0xff, 0xff, 0xff, 0xff, 0xff, 0xff, 0xff, 
    0x2a, 0x0b, 0x4b, 0x03, 0x00, 0xbc, 0xff, 0xff, 
    0xff, 0xff, 0xff, 0xff, 0xff, 0xff, 0xff, 0xd3, 
    0xf8, 0xff, 0x6f, 0x00, 0x2c, 0xff, 0xff, 0xff, 
    0xff, 0xff, 0xff, 0xff, 0xff, 0xf8, 0x6d, 0x13, 
    0x0e, 0x56, 0x00, 0x00, 0xc2, 0xff, 0xff, 0xff, 
    0xff, 0xff, 0xff, 0xff, 0x67, 0x00, 0x00, 0x01, 
    0x00, 0x00, 0x00, 0x81, 0xff, 0xff, 0xff, 0xff, 
    0xff, 0xff, 0xef, 0x05, 0x00, 0x78, 0xf8, 0x9f, 
    0x06, 0x00, 0x5f, 0xff, 0xff, 0xff, 0xff, 0xff, 
    0xff, 0xbf, 0x00, 0x01, 0xf3, 0xff, 0xff, 0x64, 
    0x00, 0x53, 0xff, 0xff, 0xff, 0xff, 0xff, 0xff, 
    0xb0, 0x00, 0x0e, 0xff, 0xff, 0xff, 0x5f, 0x00, 
    0x5f, 0xff, 0xff, 0xff, 0xff, 0xff, 0xff, 0xc4, 
    0x00, 0x02, 0xf3, 0xff, 0xff, 0x39, 0x00, 0x85, 
    0xff, 0xff, 0xff, 0xff, 0xff, 0xff, 0xea, 0x05, 
    0x00, 0x7f, 0xf7, 0xaa, 0x00, 0x00, 0xcf, 0xff, 
    0xff, 0xff, 0xff, 0xff, 0xff, 0xff, 0x62, 0x00, 
    0x00, 0x01, 0x00, 0x00, 0x5a, 0xff, 0xff, 0xff, 
    0xff, 0xff, 0xff, 0xff, 0xff, 0xf5, 0x6d, 0x18, 
    0x05, 0x20, 0x7c, 0xf9, 0xff, 0xff, 0xff, 0xff, 
    0xff, 0xff, 0xff, 0xff, 0xff, 0xff, 0xff, 0xff, 
    0xff, 0xff, 0xff, 0xff, 0xff, 0xff, 0xff, 0xff, 
    0xff, 0xff, 0xff, 0xff, 0xff, 0xff, 0xff, 0xff, 
    0xff, 0xff, 0xff, 0xff, 0xff, 0xff, 0xff, 0xff, 
    0xff, 0xff, 0xff, 0xff, 0xff, 0xff, 0xff, 0xff, 
    0xff, 0xff, 0xff, 0xff, 0xff, 0xff, 0xff, 0xff, 
    0xff, 0xff, 0xff, 0xff, 0xff, 0xff, 0xff, 0xff, 
    0xff, 0xff, 0xff, 0xff, 0xff, 0xff, 0xff, 0xff, 
    0xff, 0xff, 0xff, 0xff, 0xff, 0xff, 0xff, 0xff, 
    0xff, 0xff, 0xff, 0xff, 0xff, 0xff, 0xff, 0xff, 
    0xff, 0xff, 0xff, 0xff, 0xff, 0xff, 0xff, 0xff, 
    0xff, 0xff, 0xff, 0xff, 0xff, 0xff, 0xff, 0xff, 
    0xff, 0xff, 0xff, 0xff, 0xff, 0xff, 0xff, 0xff, 
    0xff, 0xff, 0xff, 0xff, 0xff, 0xff, 0xff, 0xff, 
    0xff, 0xff, 0xff, 0xff, 0xff, 0xff, 0xff, 0xff, 
    0xff, 0xff, 0xff, 0xff, 0xff, 0xff, 0xff, 0xff, 
    0xff, 0xff, 0xff, 0xff, 0xff, 0xff, 0xff, 0xff, 
    0xff, 0xff, 0xff, 0xff, 0xff, 0xff, 0xff, 0xff, 
    0xff, 0xff, 0xff, 0xff, 0xff, 0xff, 0xff, 0xff, 
    0xff, 0xff, 0xff, 0xff, 0xff, 0xff, 0xff, 0xff, 
    0xff, 0xff, 0xff, 0xff, 0xff, 0xff, 0xff, 0xff, 
    0xff, 0xff, 0xff, 0xff, 0xff, 0xff, 0xff, 0xff, 
    0xff, 0xff, 0xff, 0xff, 0xff, 0xff, 0xff, 0xff, 
    0xff, 0xff, 0xff, 0xff, 0xff, 0xff, 0xff, 0xff, 
    0xff, 0xff, 0xff, 0xff, 0xff, 0xff, 0xff, 0xff, 
    0xff, 0xff, 0xff, 0xff, 0xff, 0xff, 0xff, 0xff, 
    0xff, 0xff, 0xff, 0xff, 0xff, 0xff, 0xff, 0xff, 
    0xff, 0xff, 0xff, 0xff, 0xff, 0xff, 0xff, 0xff, 
    0xff, 0xff, 0xff, 0xff, 0xff, 0xff, 0xff, 0xff, 
    0xff, 0xff, 0xff, 0xff, 0xff, 0xff, 0xff, 0xff, 
    0xff, 0xff, 0xff, 0xff, 0xff, 0xff, 0xff, 0xff, 
    0xff, 0xff, 0xff, 0xff, 0xff, 0xff, 0xff, 0xff, 
    0xff, 0xff, 0xff, 0xff, 0x75, 0x0d, 0x33, 0xbd, 
    0x90, 0x17, 0xff, 0xff, 0xff, 0xff, 0xff, 0xff, 
    0xff, 0xff, 0xe0, 0x00, 0x3a, 0x10, 0x00, 0x00, 
    0x40, 0xff, 0xff, 0xff, 0xff, 0xff, 0xff, 0xff, 
    0xff, 0xe2, 0x62, 0xed, 0xe5, 0x7a, 0x74, 0xe4, 
    0xff, 0xff, 0xff, 0xff, 0xff, 0xff, 0xff, 0xff, 
    0xff, 0xff, 0xff, 0xff, 0xff, 0xff, 0xff, 0xff, 
    0xff, 0xff, 0xff, 0xff, 0xff, 0xff, 0xff, 0x2c, 
    0x10, 0xd4, 0x46, 0x08, 0x1c, 0xa4, 0xff, 0xff, 
    0xff, 0xff, 0xff, 0xff, 0xff, 0xff, 0x1b, 0x00, 
    0x0e, 0x08, 0x0d, 0x00, 0x00, 0xd4, 0xff, 0xff, 
    0xff, 0xff, 0xff, 0xff, 0xff, 0x1b, 0x00, 0x2f, 
    0xe8, 0xf1, 0x1e, 0x00, 0x80, 0xff, 0xff, 0xff, 
    0xff, 0xff, 0xff, 0xff, 0x1b, 0x00, 0xaa, 0xff, 
    0xff, 0x5d, 0x00, 0x6a, 0xff, 0xff, 0xff, 0xff, 
    0xff, 0xff, 0xff, 0x1b, 0x00, 0xab, 0xff, 0xff, 
    0x63, 0x00, 0x67, 0xff, 0xff, 0xff, 0xff, 0xff, 
    0xff, 0xff, 0x1b, 0x00, 0xab, 0xff, 0xff, 0x63, 
    0x00, 0x67, 0xff, 0xff, 0xff, 0xff, 0xff, 0xff, 
    0xff, 0x1b, 0x00, 0xab, 0xff, 0xff, 0x63, 0x00, 
    0x67, 0xff, 0xff, 0xff, 0xff, 0xff, 0xff, 0xff, 
    0x1b, 0x00, 0xab, 0xff, 0xff, 0x63, 0x00, 0x67, 
    0xff, 0xff, 0xff, 0xff, 0xff, 0xff, 0xff, 0x2c, 
    0x03, 0xb9, 0xff, 0xff, 0x72, 0x01, 0x77, 0xff, 
    0xff, 0xff, 0xff, 0xff, 0xff, 0xff, 0xff, 0xff, 
    0xff, 0xff, 0xff, 0xff, 0xff, 0xff, 0xff, 0xff, 
    0xff, 0xff, 0xff, 0xff, 0xff, 0xff, 0xff, 0xff, 
    0xff, 0xff, 0xff, 0xff, 0xff, 0xff, 0xff, 0xff, 
    0xff, 0xff, 0xff, 0xff, 0xff, 0xff, 0xff, 0xff, 
    0xff, 0xff, 0xff, 0xff, 0xff, 0xff, 0xff, 0xff, 
    0xff, 0xff, 0xff, 0xff, 0xff, 0xff, 0xff, 0xff, 
    0xff, 0xff, 0xff, 0xff, 0xff, 0xff, 0xff, 0xff, 
    0xff, 0xff, 0xff, 0xff, 0xff, 0xff, 0xff, 0xff, 
    0xff, 0xff, 0xff, 0xff, 0xff, 0xff, 0xff, 0xff, 
    0xff, 0xff, 0xff, 0xff, 0xff, 0xff, 0xff, 0xff, 
    0xff, 0xff, 0xff, 0xff, 0xff, 0xff, 0xff, 0xff, 
    0xff, 0xff, 0xff, 0xff, 0xff, 0xff, 0xff, 0xff, 
    0xff, 0xff, 0xff, 0xff, 0xff, 0xff, 0xff, 0xff, 
    0xff, 0xff, 0xff, 0xff, 0xff, 0xff, 0xff, 0xff, 
    0xff, 0xff, 0xff, 0xff, 0xff, 0xff, 0xff, 0xff, 
    0xff, 0xff, 0xff, 0xff, 0xff, 0xff, 0xff, 0xff, 
    0xff, 0xff, 0xff, 0xff, 0xff, 0xff, 0xff, 0xff, 
    0xff, 0xff, 0xff, 0xff, 0xff, 0xff, 0xff, 0xff, 
    0xff, 0xff, 0xff, 0xff, 0xff, 0xff, 0xff, 0xff, 
    0xff, 0xff, 0xff, 0xff, 0xff, 0xff, 0xff, 0xff, 
    0xff, 0xff, 0xff, 0xff, 0xff, 0xff, 0xff, 0xff, 
    0xff, 0xff, 0xff, 0xff, 0xff, 0xff, 0xff, 0xff, 
    0xff, 0xff, 0xff, 0xff, 0xff, 0xff, 0xff, 0xff, 
    0xff, 0xff, 0xff, 0xff, 0xff, 0xff, 0xff, 0xff, 
    0xff, 0xff, 0xff, 0xff, 0xff, 0xff, 0xff, 0xff, 
    0xff, 0xff, 0xff, 0xff, 0xff, 0xff, 0xff, 0xff, 
    0xff, 0xff, 0xff, 0xff, 0xff, 0xff, 0xff, 0xff, 
    0xff, 0xff, 0xff, 0xff, 0xff, 0xff, 0xff, 0xff, 
    0xff, 0xff, 0xff, 0xff, 0xff, 0xff, 0xff, 0xff, 
    0xff, 0xff, 0xff, 0xff, 0xff, 0xff, 0xff, 0xff, 
    0xff, 0xff, 0xff, 0xff, 0xff, 0xff, 0xff, 0xff, 
    0xff, 0xff, 0xff, 0xff, 0xff, 0xff, 0xff, 0xff, 
    0xff, 0xff, 0xff, 0xff, 0xff, 0xff, 0xff, 0x74, 
    0x03, 0x75, 0xff, 0xff, 0xff, 0xff, 0xff, 0xff, 
    0xff, 0xff, 0xff, 0xff, 0xff, 0xff, 0xff, 0xf2, 
    0x27, 0x03, 0xd4, 0xff, 0xff, 0xff, 0xff, 0xff, 
    0xff, 0xff, 0xff, 0xff, 0xff, 0xff, 0xff, 0xff, 
    0xd4, 0x0e, 0x4e, 0xff, 0xff, 0xff, 0xff, 0xff, 
    0xff, 0xff, 0xff, 0xff, 0xff, 0xff, 0xff, 0xff, 
    0xff, 0xfb, 0xf9, 0xff, 0xff, 0xff, 0xff, 0xff, 
    0xff, 0xff, 0xff, 0xff, 0xff, 0xff, 0xff, 0xa2, 
    0x32, 0x09, 0x0b, 0x3c, 0xb6, 0xff, 0xff, 0xff, 
    0xff, 0xff, 0xff, 0xff, 0xff, 0xff, 0x8e, 0x00, 
    0x00, 0x17, 0x0a, 0x00, 0x01, 0xb8, 0xff, 0xff, 
    0xff, 0xff, 0xff, 0xff, 0xff, 0xf4, 0x0d, 0x00, 
    0x81, 0xff, 0xf6, 0x3c, 0x00, 0x40, 0xff, 0xff, 
    0xff, 0xff, 0xff, 0xff, 0xff, 0xbd, 0x00, 0x02, 
    0xf7, 0xff, 0xff, 0xa6, 0x00, 0x0a, 0xff, 0xff, 
    0xff, 0xff, 0xff, 0xff, 0xff, 0xa9, 0x00, 0x12, 
    0xff, 0xff, 0xff, 0xbd, 0x00, 0x00, 0xfc, 0xff, 
    0xff, 0xff, 0xff, 0xff, 0xff, 0xc0, 0x00, 0x03, 
    0xf6, 0xff, 0xff, 0xa1, 0x00, 0x12, 0xff, 0xff, 
    0xff, 0xff, 0xff, 0xff, 0xff, 0xe9, 0x06, 0x00, 
    0x85, 0xff, 0xf2, 0x36, 0x00, 0x55, 0xff, 0xff, 
    0xff, 0xff, 0xff, 0xff, 0xff, 0xff, 0x71, 0x00, 
    0x00, 0x14, 0x08, 0x00, 0x0d, 0xd6, 0xff, 0xff, 
    0xff, 0xff, 0xff, 0xff, 0xff, 0xff, 0xfb, 0x83, 
    0x25, 0x05, 0x11, 0x4f, 0xd4, 0xff, 0xff, 0xff, 
    0xff, 0xff, 0xff, 0xff, 0xff, 0xff, 0xff, 0xff, 
    0xff, 0xff, 0xff, 0xff, 0xff, 0xff, 0xff, 0xff, 
    0xff, 0xff, 0xff, 0xff, 0xff, 0xff, 0xff, 0xff, 
    0xff, 0xff, 0xff, 0xff, 0xff, 0xff, 0xff, 0xff, 
    0xff, 0xff, 0xff, 0xff, 0xff, 0xff, 0xff, 0xff, 
    0xff, 0xff, 0xff, 0xff, 0xff, 0xff, 0xff, 0xff, 
    0xff, 0xff, 0xff, 0xff, 0xff, 0xff, 0xff, 0xff, 
    0xff, 0xff, 0xff, 0xff, 0xff, 0xff, 0xff, 0xff, 
    0xff, 0xff, 0xff, 0xff, 0xff, 0xff, 0xff, 0xff, 
    0xff, 0xff, 0xff, 0xff, 0xff, 0xff, 0xff, 0xff, 
    0xff, 0xff, 0xff, 0xff, 0xff, 0xff, 0xff, 0xff, 
    0xff, 0xff, 0xff, 0xff, 0xff, 0xff, 0xff, 0xff, 
    0xff, 0xff, 0xff, 0xff, 0xff, 0xff, 0xff, 0xff, 
    0xff, 0xff, 0xff, 0xff, 0xff, 0xff, 0xff, 0xff, 
    0xff, 0xff, 0xff, 0xff, 0xff, 0xff, 0xff, 0xff, 
    0xff, 0xff, 0xff, 0xff, 0xff, 0xff, 0xff, 0xff, 
    0xff, 0xff, 0xff, 0xff, 0xff, 0xff, 0xff, 0xff, 
    0xff, 0xff, 0xff, 0xff, 0xff, 0xff, 0xff, 0xff, 
    0xff, 0xff, 0xff, 0xff, 0xff, 0xff, 0xff, 0xff, 
    0xff, 0xff, 0xff, 0xff, 0xff, 0xff, 0xff, 0xff, 
    0xff, 0xff, 0xff, 0xff, 0xff, 0xff, 0xff, 0xff, 
    0xff, 0xff, 0xff, 0xff, 0xff, 0xff, 0xff, 0xff, 
    0xff, 0xff, 0xff, 0xff, 0xff, 0xff, 0xff, 0xff, 
    0xff, 0xff, 0xff, 0xff, 0xff, 0xff, 0xff, 0xff, 
    0xff, 0xff, 0xff, 0xff, 0xff, 0xff, 0xff, 0xff, 
    0xff, 0xff, 0xff, 0xff, 0xff, 0xff, 0xff, 0xff, 
    0xff, 0xff, 0xff, 0xff, 0xff, 0xff, 0xff, 0xff, 
    0xff, 0xff, 0xff, 0xff, 0xff, 0xff, 0xff, 0xff, 
    0xff, 0xff, 0xff, 0xff, 0xff, 0xff, 0xff, 0xff, 
    0xff, 0xff, 0xff, 0xff, 0xff, 0xff, 0xff, 0xff, 
    0xff, 0xff, 0xff, 0xff, 0xff, 0xff, 0xff, 0xff, 
    0xff, 0xff, 0xff, 0xff, 0xff, 0xff, 0xff, 0xff, 
    0xff, 0xff, 0xff, 0xff, 0xff, 0xff, 0xff, 0xff, 
    0xff, 0xff, 0xff, 0xff, 0xff, 0xff, 0xff, 0xff, 
    0xff, 0xff, 0xff, 0xff, 0xff, 0xff, 0xff, 0xff, 
    0xff, 0xfe, 0x3f, 0x03, 0xad, 0xff, 0xff, 0xff, 
    0xff, 0xff, 0xff, 0xff, 0xff, 0xff, 0xff, 0xff, 
    0xff, 0x9e, 0x00, 0x53, 0xff, 0xff, 0xff, 0xff, 
    0xff, 0xff, 0xff, 0xff, 0xff, 0xff, 0xff, 0xff, 
    0xfb, 0x1a, 0x2a, 0xf1, 0xff, 0xff, 0xff, 0xff, 
    0xff, 0xff, 0xff, 0xff, 0xff, 0xff, 0xff, 0xff, 
    0xff, 0xf7, 0xfe, 0xff, 0xff, 0xff, 0xff, 0xff, 
    0xff, 0xff, 0xff, 0xff, 0xff, 0xff, 0xff, 0xa2, 
    0x32, 0x09, 0x0b, 0x3c, 0xb6, 0xff, 0xff, 0xff, 
    0xff, 0xff, 0xff, 0xff, 0xff, 0xff, 0x8e, 0x00, 
    0x00, 0x17, 0x0a, 0x00, 0x01, 0xb8, 0xff, 0xff, 
    0xff, 0xff, 0xff, 0xff, 0xff, 0xf4, 0x0d, 0x00, 
    0x81, 0xff, 0xf6, 0x3c, 0x00, 0x40, 0xff, 0xff, 
    0xff, 0xff, 0xff, 0xff, 0xff, 0xbd, 0x00, 0x02, 
    0xf7, 0xff, 0xff, 0xa6, 0x00, 0x0a, 0xff, 0xff, 
    0xff, 0xff, 0xff, 0xff, 0xff, 0xa9, 0x00, 0x12, 
    0xff, 0xff, 0xff, 0xbd, 0x00, 0x00, 0xfc, 0xff, 
    0xff, 0xff, 0xff, 0xff, 0xff, 0xc0, 0x00, 0x03, 
    0xf6, 0xff, 0xff, 0xa1, 0x00, 0x12, 0xff, 0xff, 
    0xff, 0xff, 0xff, 0xff, 0xff, 0xe9, 0x06, 0x00, 
    0x85, 0xff, 0xf2, 0x36, 0x00, 0x55, 0xff, 0xff, 
    0xff, 0xff, 0xff, 0xff, 0xff, 0xff, 0x71, 0x00, 
    0x00, 0x14, 0x08, 0x00, 0x0d, 0xd6, 0xff, 0xff, 
    0xff, 0xff, 0xff, 0xff, 0xff, 0xff, 0xfb, 0x83, 
    0x25, 0x05, 0x11, 0x4f, 0xd4, 0xff, 0xff, 0xff, 
    0xff, 0xff, 0xff, 0xff, 0xff, 0xff, 0xff, 0xff, 
    0xff, 0xff, 0xff, 0xff, 0xff, 0xff, 0xff, 0xff, 
    0xff, 0xff, 0xff, 0xff, 0xff, 0xff, 0xff, 0xff, 
    0xff, 0xff, 0xff, 0xff, 0xff, 0xff, 0xff, 0xff, 
    0xff, 0xff, 0xff, 0xff, 0xff, 0xff, 0xff, 0xff, 
    0xff, 0xff, 0xff, 0xff, 0xff, 0xff, 0xff, 0xff, 
    0xff, 0xff, 0xff, 0xff, 0xff, 0xff, 0xff, 0xff, 
    0xff, 0xff, 0xff, 0xff, 0xff, 0xff, 0xff, 0xff, 
    0xff, 0xff, 0xff, 0xff, 0xff, 0xff, 0xff, 0xff, 
    0xff, 0xff, 0xff, 0xff, 0xff, 0xff, 0xff, 0xff, 
    0xff, 0xff, 0xff, 0xff, 0xff, 0xff, 0xff, 0xff, 
    0xff, 0xff, 0xff, 0xff, 0xff, 0xff, 0xff, 0xff, 
    0xff, 0xff, 0xff, 0xff, 0xff, 0xff, 0xff, 0xff, 
    0xff, 0xff, 0xff, 0xff, 0xff, 0xff, 0xff, 0xff, 
    0xff, 0xff, 0xff, 0xff, 0xff, 0xff, 0xff, 0xff, 
    0xff, 0xff, 0xff, 0xff, 0xff, 0xff, 0xff, 0xff, 
    0xff, 0xff, 0xff, 0xff, 0xff, 0xff, 0xff, 0xff, 
    0xff, 0xff, 0xff, 0xff, 0xff, 0xff, 0xff, 0xff, 
    0xff, 0xff, 0xff, 0xff, 0xff, 0xff, 0xff, 0xff, 
    0xff, 0xff, 0xff, 0xff, 0xff, 0xff, 0xff, 0xff, 
    0xff, 0xff, 0xff, 0xff, 0xff, 0xff, 0xff, 0xff, 
    0xff, 0xff, 0xff, 0xff, 0xff, 0xff, 0xff, 0xff, 
    0xff, 0xff, 0xff, 0xff, 0xff, 0xff, 0xff, 0xff, 
    0xff, 0xff, 0xff, 0xff, 0xff, 0xff, 0xff, 0xff, 
    0xff, 0xff, 0xff, 0xff, 0xff, 0xff, 0xff, 0xff, 
    0xff, 0xff, 0xff, 0xff, 0xff, 0xff, 0xff, 0xff, 
    0xff, 0xff, 0xff, 0xff, 0xff, 0xff, 0xff, 0xff, 
    0xff, 0xff, 0xff, 0xff, 0xff, 0xff, 0xff, 0xff, 
    0xff, 0xff, 0xff, 0xff, 0xff, 0xff, 0xff, 0xff, 
    0xff, 0xff, 0xff, 0xff, 0xff, 0xff, 0xff, 0xff, 
    0xff, 0xff, 0xff, 0xff, 0xff, 0xff, 0xff, 0xff, 
    0xff, 0xff, 0xff, 0xff, 0xff, 0xff, 0xff, 0xff, 
    0xff, 0xff, 0xff, 0xff, 0xff, 0xff, 0xff, 0xff, 
    0xff, 0xff, 0xff, 0xff, 0xff, 0xff, 0xff, 0xff, 
    0xff, 0xff, 0xff, 0xff, 0xff, 0xff, 0xff, 0xff, 
    0x94, 0x02, 0x14, 0xd9, 0xff, 0xff, 0xff, 0xff, 
    0xff, 0xff, 0xff, 0xff, 0xff, 0xff, 0xff, 0xe0, 
    0x0b, 0x40, 0x13, 0x3d, 0xfe, 0xff, 0xff, 0xff, 
    0xff, 0xff, 0xff, 0xff, 0xff, 0xff, 0xff, 0x51, 
    0x0d, 0xe0, 0xa1, 0x00, 0xa2, 0xff, 0xff, 0xff, 
    0xff, 0xff, 0xff, 0xff, 0xff, 0xff, 0xff, 0xfa, 
    0xf9, 0xff, 0xff, 0xf6, 0xfe, 0xff, 0xff, 0xff, 
    0xff, 0xff, 0xff, 0xff, 0xff, 0xff, 0xff, 0xa2, 
    0x32, 0x09, 0x0b, 0x3c, 0xb6, 0xff, 0xff, 0xff, 
    0xff, 0xff, 0xff, 0xff, 0xff, 0xff, 0x8e, 0x00, 
    0x00, 0x17, 0x0a, 0x00, 0x01, 0xb8, 0xff, 0xff, 
    0xff, 0xff, 0xff, 0xff, 0xff, 0xf4, 0x0d, 0x00, 
    0x81, 0xff, 0xf6, 0x3c, 0x00, 0x40, 0xff, 0xff, 
    0xff, 0xff, 0xff, 0xff, 0xff, 0xbd, 0x00, 0x02, 
    0xf7, 0xff, 0xff, 0xa6, 0x00, 0x0a, 0xff, 0xff, 
    0xff, 0xff, 0xff, 0xff, 0xff, 0xa9, 0x00, 0x12, 
    0xff, 0xff, 0xff, 0xbd, 0x00, 0x00, 0xfc, 0xff, 
    0xff, 0xff, 0xff, 0xff, 0xff, 0xc0, 0x00, 0x03, 
    0xf6, 0xff, 0xff, 0xa1, 0x00, 0x12, 0xff, 0xff, 
    0xff, 0xff, 0xff, 0xff, 0xff, 0xe9, 0x06, 0x00, 
    0x85, 0xff, 0xf2, 0x36, 0x00, 0x55, 0xff, 0xff, 
    0xff, 0xff, 0xff, 0xff, 0xff, 0xff, 0x71, 0x00, 
    0x00, 0x14, 0x08, 0x00, 0x0d, 0xd6, 0xff, 0xff, 
    0xff, 0xff, 0xff, 0xff, 0xff, 0xff, 0xfb, 0x83, 
    0x25, 0x05, 0x11, 0x4f, 0xd4, 0xff, 0xff, 0xff, 
    0xff, 0xff, 0xff, 0xff, 0xff, 0xff, 0xff, 0xff, 
    0xff, 0xff, 0xff, 0xff, 0xff, 0xff, 0xff, 0xff, 
    0xff, 0xff, 0xff, 0xff, 0xff, 0xff, 0xff, 0xff, 
    0xff, 0xff, 0xff, 0xff, 0xff, 0xff, 0xff, 0xff, 
    0xff, 0xff, 0xff, 0xff, 0xff, 0xff, 0xff, 0xff, 
    0xff, 0xff, 0xff, 0xff, 0xff, 0xff, 0xff, 0xff, 
    0xff, 0xff, 0xff, 0xff, 0xff, 0xff, 0xff, 0xff, 
    0xff, 0xff, 0xff, 0xff, 0xff, 0xff, 0xff, 0xff, 
    0xff, 0xff, 0xff, 0xff, 0xff, 0xff, 0xff, 0xff, 
    0xff, 0xff, 0xff, 0xff, 0xff, 0xff, 0xff, 0xff, 
    0xff, 0xff, 0xff, 0xff, 0xff, 0xff, 0xff, 0xff, 
    0xff, 0xff, 0xff, 0xff, 0xff, 0xff, 0xff, 0xff, 
    0xff, 0xff, 0xff, 0xff, 0xff, 0xff, 0xff, 0xff, 
    0xff, 0xff, 0xff, 0xff, 0xff, 0xff, 0xff, 0xff, 
    0xff, 0xff, 0xff, 0xff, 0xff, 0xff, 0xff, 0xff, 
    0xff, 0xff, 0xff, 0xff, 0xff, 0xff, 0xff, 0xff, 
    0xff, 0xff, 0xff, 0xff, 0xff, 0xff, 0xff, 0xff, 
    0xff, 0xff, 0xff, 0xff, 0xff, 0xff, 0xff, 0xff, 
    0xff, 0xff, 0xff, 0xff, 0xff, 0xff, 0xff, 0xff, 
    0xff, 0xff, 0xff, 0xff, 0xff, 0xff, 0xff, 0xff, 
    0xff, 0xff, 0xff, 0xff, 0xff, 0xff, 0xff, 0xff, 
    0xff, 0xff, 0xff, 0xff, 0xff, 0xff, 0xff, 0xff, 
    0xff, 0xff, 0xff, 0xff, 0xff, 0xff, 0xff, 0xff, 
    0xff, 0xff, 0xff, 0xff, 0xff, 0xff, 0xff, 0xff, 
    0xff, 0xff, 0xff, 0xff, 0xff, 0xff, 0xff, 0xff, 
    0xff, 0xff, 0xff, 0xff, 0xff, 0xff, 0xff, 0xff, 
    0xff, 0xff, 0xff, 0xff, 0xff, 0xff, 0xff, 0xff, 
    0xff, 0xff, 0xff, 0xff, 0xff, 0xff, 0xff, 0xff, 
    0xff, 0xff, 0xff, 0xff, 0xff, 0xff, 0xff, 0xff, 
    0xff, 0xff, 0xff, 0xff, 0xff, 0xff, 0xff, 0xff, 
    0xff, 0xff, 0xff, 0xff, 0xff, 0xff, 0xff, 0xff, 
    0xff, 0xff, 0xff, 0xff, 0xff, 0xff, 0xff, 0xff, 
    0xff, 0xff, 0xff, 0xff, 0xff, 0xff, 0xff, 0xff, 
    0xff, 0xff, 0xff, 0xff, 0xff, 0xff, 0xff, 0xff, 
    0xff, 0xff, 0xff, 0xff, 0xff, 0xff, 0xff, 0x6f, 
    0x0d, 0x36, 0xc0, 0x8c, 0x1a, 0xff, 0xff, 0xff, 
    0xff, 0xff, 0xff, 0xff, 0xff, 0xff, 0xd9, 0x00, 
    0x3b, 0x0e, 0x00, 0x00, 0x44, 0xff, 0xff, 0xff, 
    0xff, 0xff, 0xff, 0xff, 0xff, 0xff, 0xdd, 0x61, 
    0xef, 0xe2, 0x79, 0x75, 0xe5, 0xff, 0xff, 0xff, 
    0xff, 0xff, 0xff, 0xff, 0xff, 0xff, 0xff, 0xff, 
    0xff, 0xff, 0xff, 0xff, 0xff, 0xff, 0xff, 0xff, 
    0xff, 0xff, 0xff, 0xff, 0xff, 0xff, 0xff, 0xa2, 
    0x32, 0x09, 0x0b, 0x3c, 0xb6, 0xff, 0xff, 0xff, 
    0xff, 0xff, 0xff, 0xff, 0xff, 0xff, 0x8e, 0x00, 
    0x00, 0x17, 0x0a, 0x00, 0x01, 0xb8, 0xff, 0xff, 
    0xff, 0xff, 0xff, 0xff, 0xff, 0xf4, 0x0d, 0x00, 
    0x81, 0xff, 0xf6, 0x3c, 0x00, 0x40, 0xff, 0xff, 
    0xff, 0xff, 0xff, 0xff, 0xff, 0xbd, 0x00, 0x02, 
    0xf7, 0xff, 0xff, 0xa6, 0x00, 0x0a, 0xff, 0xff, 
    0xff, 0xff, 0xff, 0xff, 0xff, 0xa9, 0x00, 0x12, 
    0xff, 0xff, 0xff, 0xbd, 0x00, 0x00, 0xfc, 0xff, 
    0xff, 0xff, 0xff, 0xff, 0xff, 0xc0, 0x00, 0x03, 
    0xf6, 0xff, 0xff, 0xa1, 0x00, 0x12, 0xff, 0xff, 
    0xff, 0xff, 0xff, 0xff, 0xff, 0xe9, 0x06, 0x00, 
    0x85, 0xff, 0xf2, 0x36, 0x00, 0x55, 0xff, 0xff, 
    0xff, 0xff, 0xff, 0xff, 0xff, 0xff, 0x71, 0x00, 
    0x00, 0x14, 0x08, 0x00, 0x0d, 0xd6, 0xff, 0xff, 
    0xff, 0xff, 0xff, 0xff, 0xff, 0xff, 0xfb, 0x83, 
    0x25, 0x05, 0x11, 0x4f, 0xd4, 0xff, 0xff, 0xff, 
    0xff, 0xff, 0xff, 0xff, 0xff, 0xff, 0xff, 0xff, 
    0xff, 0xff, 0xff, 0xff, 0xff, 0xff, 0xff, 0xff, 
    0xff, 0xff, 0xff, 0xff, 0xff, 0xff, 0xff, 0xff, 
    0xff, 0xff, 0xff, 0xff, 0xff, 0xff, 0xff, 0xff, 
    0xff, 0xff, 0xff, 0xff, 0xff, 0xff, 0xff, 0xff, 
    0xff, 0xff, 0xff, 0xff, 0xff, 0xff, 0xff, 0xff, 
    0xff, 0xff, 0xff, 0xff, 0xff, 0xff, 0xff, 0xff, 
    0xff, 0xff, 0xff, 0xff, 0xff, 0xff, 0xff, 0xff, 
    0xff, 0xff, 0xff, 0xff, 0xff, 0xff, 0xff, 0xff, 
    0xff, 0xff, 0xff, 0xff, 0xff, 0xff, 0xff, 0xff, 
    0xff, 0xff, 0xff, 0xff, 0xff, 0xff, 0xff, 0xff, 
    0xff, 0xff, 0xff, 0xff, 0xff, 0xff, 0xff, 0xff, 
    0xff, 0xff, 0xff, 0xff, 0xff, 0xff, 0xff, 0xff, 
    0xff, 0xff, 0xff, 0xff, 0xff, 0xff, 0xff, 0xff, 
    0xff, 0xff, 0xff, 0xff, 0xff, 0xff, 0xff, 0xff, 
    0xff, 0xff, 0xff, 0xff, 0xff, 0xff, 0xff, 0xff, 
    0xff, 0xff, 0xff, 0xff, 0xff, 0xff, 0xff, 0xff, 
    0xff, 0xff, 0xff, 0xff, 0xff, 0xff, 0xff, 0xff, 
    0xff, 0xff, 0xff, 0xff, 0xff, 0xff, 0xff, 0xff, 
    0xff, 0xff, 0xff, 0xff, 0xff, 0xff, 0xff, 0xff, 
    0xff, 0xff, 0xff, 0xff, 0xff, 0xff, 0xff, 0xff, 
    0xff, 0xff, 0xff, 0xff, 0xff, 0xff, 0xff, 0xff, 
    0xff, 0xff, 0xff, 0xff, 0xff, 0xff, 0xff, 0xff, 
    0xff, 0xff, 0xff, 0xff, 0xff, 0xff, 0xff, 0xff, 
    0xff, 0xff, 0xff, 0xff, 0xff, 0xff, 0xff, 0xff, 
    0xff, 0xff, 0xff, 0xff, 0xff, 0xff, 0xff, 0xff, 
    0xff, 0xff, 0xff, 0xff, 0xff, 0xff, 0xff, 0xff, 
    0xff, 0xff, 0xff, 0xff, 0xff, 0xff, 0xff, 0xff, 
    0xff, 0xff, 0xff, 0xff, 0xff, 0xff, 0xff, 0xff, 
    0xff, 0xff, 0xff, 0xff, 0xff, 0xff, 0xff, 0xff, 
    0xff, 0xff, 0xff, 0xff, 0xff, 0xff, 0xff, 0xff, 
    0xff, 0xff, 0xff, 0xff, 0xff, 0xff, 0xff, 0xff, 
    0xff, 0xff, 0xff, 0xff, 0xff, 0xff, 0xff, 0xff, 
    0xff, 0xff, 0xff, 0xff, 0xff, 0xff, 0xff, 0xff, 
    0xff, 0xff, 0xff, 0xff, 0xff, 0xff, 0xff, 0xff, 
    0xff, 0xff, 0xff, 0xff, 0xff, 0xff, 0xff, 0xff, 
    0xff, 0xff, 0xff, 0xff, 0xff, 0xff, 0xff, 0x39, 
    0x10, 0xdd, 0xa4, 0x07, 0x7a, 0xff, 0xff, 0xff, 
    0xff, 0xff, 0xff, 0xff, 0xff, 0xff, 0xff, 0x16, 
    0x00, 0xcd, 0x86, 0x00, 0x5d, 0xff, 0xff, 0xff, 
    0xff, 0xff, 0xff, 0xff, 0xff, 0xff, 0xff, 0xe0, 
    0xd0, 0xff, 0xf8, 0xc7, 0xf1, 0xff, 0xff, 0xff, 
    0xff, 0xff, 0xff, 0xff, 0xff, 0xff, 0xff, 0xa2, 
    0x32, 0x09, 0x0b, 0x3c, 0xb6, 0xff, 0xff, 0xff, 
    0xff, 0xff, 0xff, 0xff, 0xff, 0xff, 0x8e, 0x00, 
    0x00, 0x17, 0x0a, 0x00, 0x01, 0xb8, 0xff, 0xff, 
    0xff, 0xff, 0xff, 0xff, 0xff, 0xf4, 0x0d, 0x00, 
    0x81, 0xff, 0xf6, 0x3c, 0x00, 0x40, 0xff, 0xff, 
    0xff, 0xff, 0xff, 0xff, 0xff, 0xbd, 0x00, 0x02, 
    0xf7, 0xff, 0xff, 0xa6, 0x00, 0x0a, 0xff, 0xff, 
    0xff, 0xff, 0xff, 0xff, 0xff, 0xa9, 0x00, 0x12, 
    0xff, 0xff, 0xff, 0xbd, 0x00, 0x00, 0xfc, 0xff, 
    0xff, 0xff, 0xff, 0xff, 0xff, 0xc0, 0x00, 0x03, 
    0xf6, 0xff, 0xff, 0xa1, 0x00, 0x12, 0xff, 0xff, 
    0xff, 0xff, 0xff, 0xff, 0xff, 0xe9, 0x06, 0x00, 
    0x85, 0xff, 0xf2, 0x36, 0x00, 0x55, 0xff, 0xff, 
    0xff, 0xff, 0xff, 0xff, 0xff, 0xff, 0x71, 0x00, 
    0x00, 0x14, 0x08, 0x00, 0x0d, 0xd6, 0xff, 0xff, 
    0xff, 0xff, 0xff, 0xff, 0xff, 0xff, 0xfb, 0x83, 
    0x25, 0x05, 0x11, 0x4f, 0xd4, 0xff, 0xff, 0xff, 
    0xff, 0xff, 0xff, 0xff, 0xff, 0xff, 0xff, 0xff, 
    0xff, 0xff, 0xff, 0xff, 0xff, 0xff, 0xff, 0xff, 
    0xff, 0xff, 0xff, 0xff, 0xff, 0xff, 0xff, 0xff, 
    0xff, 0xff, 0xff, 0xff, 0xff, 0xff, 0xff, 0xff, 
    0xff, 0xff, 0xff, 0xff, 0xff, 0xff, 0xff, 0xff, 
    0xff, 0xff, 0xff, 0xff, 0xff, 0xff, 0xff, 0xff, 
    0xff, 0xff, 0xff, 0xff, 0xff, 0xff, 0xff, 0xff, 
    0xff, 0xff, 0xff, 0xff, 0xff, 0xff, 0xff, 0xff, 
    0xff, 0xff, 0xff, 0xff, 0xff, 0xff, 0xff, 0xff, 
    0xff, 0xff, 0xff, 0xff, 0xff, 0xff, 0xff, 0xff, 
    0xff, 0xff, 0xff, 0xff, 0xff, 0xff, 0xff, 0xff, 
    0xff, 0xff, 0xff, 0xff, 0xff, 0xff, 0xff, 0xff, 
    0xff, 0xff, 0xff, 0xff, 0xff, 0xff, 0xff, 0xff, 
    0xff, 0xff, 0xff, 0xff, 0xff, 0xff, 0xff, 0xff, 
    0xff, 0xff, 0xff, 0xff, 0xff, 0xff, 0xff, 0xff, 
    0xff, 0xff, 0xff, 0xff, 0xff, 0xff, 0xff, 0xff, 
    0xff, 0xff, 0xff, 0xff, 0xff, 0xff, 0xff, 0xff, 
    0xff, 0xff, 0xff, 0xff, 0xff, 0xff, 0xff, 0xff, 
    0xff, 0xff, 0xff, 0xff, 0xff, 0xff, 0xff, 0xff, 
    0xff, 0xff, 0xff, 0xff, 0xff, 0xff, 0xff, 0xff, 
    0xff, 0xff, 0xff, 0xff, 0xff, 0xff, 0xff, 0xff, 
    0xff, 0xff, 0xff, 0xff, 0xff, 0xff, 0xff, 0xff, 
    0xff, 0xff, 0xff, 0xff, 0xff, 0xff, 0xff, 0xff, 
    0xff, 0xff, 0xff, 0xff, 0xff, 0xff, 0xff, 0xff, 
    0xff, 0xff, 0xff, 0xff, 0xff, 0xff, 0xff, 0xff, 
    0xff, 0xff, 0xff, 0xff, 0xff, 0xff, 0xff, 0xff, 
    0xff, 0xff, 0xff, 0xff, 0xff, 0xff, 0xff, 0xff, 
    0xff, 0xff, 0xff, 0xff, 0xff, 0xff, 0xff, 0xff, 
    0xff, 0xff, 0xff, 0xff, 0xff, 0xff, 0xff, 0xff, 
    0xff, 0xff, 0xff, 0xff, 0xff, 0xff, 0xff, 0xff, 
    0xff, 0xff, 0xff, 0xff, 0xff, 0xff, 0xff, 0xff, 
    0xff, 0xff, 0xff, 0xff, 0xff, 0xff, 0xff, 0xff, 
    0xff, 0xff, 0xff, 0xff, 0xff, 0xff, 0xff, 0xff, 
    0xff, 0xff, 0xff, 0xff, 0xff, 0xff, 0xff, 0xff, 
    0xff, 0xff, 0xff, 0xff, 0xff, 0xff, 0xff, 0xff, 
    0xff, 0xff, 0xff, 0xff, 0xff, 0xff, 0xff, 0xff, 
    0xff, 0xff, 0xff, 0xff, 0xff, 0xff, 0xff, 0xff, 
    0xff, 0xff, 0xff, 0xff, 0xff, 0xff, 0xff, 0xff, 
    0xff, 0xff, 0xff, 0xff, 0xff, 0xff, 0xff, 0xff, 
    0xff, 0xff, 0xff, 0xff, 0x97, 0x40, 0xb1, 0xff, 
    0xff, 0xff, 0xff, 0xff, 0xff, 0xff, 0xff, 0xff, 
    0xff, 0xff, 0xff, 0x2e, 0x00, 0x50, 0xff, 0xff, 
    0xff, 0xff, 0xff, 0xff, 0xff, 0xff, 0xff, 0xff, 
    0xff, 0xff, 0x65, 0x06, 0x87, 0xff, 0xff, 0xff, 
    0xff, 0xff, 0xff, 0xff, 0xff, 0xff, 0xff, 0xff, 
    0xff, 0xff, 0xff, 0xff, 0xff, 0xff, 0xff, 0xff, 
    0xff, 0xff, 0xff, 0xff, 0xff, 0x80, 0x3b, 0x3b, 
    0x3b, 0x3b, 0x3b, 0x3b, 0x3b, 0x9c, 0xff, 0xff, 
    0xff, 0xff, 0xff, 0xff, 0x57, 0x00, 0x00, 0x00, 
    0x00, 0x00, 0x00, 0x00, 0x7a, 0xff, 0xff, 0xff, 
    0xff, 0xff, 0xff, 0xff, 0xff, 0xff, 0xff, 0xff, 
    0xff, 0xff, 0xff, 0xff, 0xff, 0xff, 0xff, 0xff, 
    0xff, 0xff, 0xff, 0xff, 0xff, 0x96, 0x40, 0xaf, 
    0xff, 0xff, 0xff, 0xff, 0xff, 0xff, 0xff, 0xff, 
    0xff, 0xff, 0xff, 0xff, 0x2e, 0x00, 0x50, 0xff, 
    0xff, 0xff, 0xff, 0xff, 0xff, 0xff, 0xff, 0xff, 
    0xff, 0xff, 0xff, 0x68, 0x07, 0x8a, 0xff, 0xff, 
    0xff, 0xff, 0xff, 0xff, 0xff, 0xff, 0xff, 0xff, 
    0xff, 0xff, 0xff, 0xff, 0xff, 0xff, 0xff, 0xff, 
    0xff, 0xff, 0xff, 0xff, 0xff, 0xff, 0xff, 0xff, 
    0xff, 0xff, 0xff, 0xff, 0xff, 0xff, 0xff, 0xff, 
    0xff, 0xff, 0xff, 0xff, 0xff, 0xff, 0xff, 0xff, 
    0xff, 0xff, 0xff, 0xff, 0xff, 0xff, 0xff, 0xff, 
    0xff, 0xff, 0xff, 0xff, 0xff, 0xff, 0xff, 0xff, 
    0xff, 0xff, 0xff, 0xff, 0xff, 0xff, 0xff, 0xff, 
    0xff, 0xff, 0xff, 0xff, 0xff, 0xff, 0xff, 0xff, 
    0xff, 0xff, 0xff, 0xff, 0xff, 0xff, 0xff, 0xff, 
    0xff, 0xff, 0xff, 0xff, 0xff, 0xff, 0xff, 0xff, 
    0xff, 0xff, 0xff, 0xff, 0xff, 0xff, 0xff, 0xff, 
    0xff, 0xff, 0xff, 0xff, 0xff, 0xff, 0xff, 0xff, 
    0xff, 0xff, 0xff, 0xff, 0xff, 0xff, 0xff, 0xff, 
    0xff, 0xff, 0xff, 0xff, 0xff, 0xff, 0xff, 0xff, 
    0xff, 0xff, 0xff, 0xff, 0xff, 0xff, 0xff, 0xff, 
    0xff, 0xff, 0xff, 0xff, 0xff, 0xff, 0xff, 0xff, 
    0xff, 0xff, 0xff, 0xff, 0xff, 0xff, 0xff, 0xff, 
    0xff, 0xff, 0xff, 0xff, 0xff, 0xff, 0xff, 0xff, 
    0xff, 0xff, 0xff, 0xff, 0xff, 0xff, 0xff, 0xff, 
    0xff, 0xff, 0xff, 0xff, 0xff, 0xff, 0xff, 0xff, 
    0xff, 0xff, 0xff, 0xff, 0xff, 0xff, 0xff, 0xff, 
    0xff, 0xff, 0xff, 0xff, 0xff, 0xff, 0xff, 0xff, 
    0xff, 0xff, 0xff, 0xff, 0xff, 0xff, 0xff, 0xff, 
    0xff, 0xff, 0xff, 0xff, 0xff, 0xff, 0xff, 0xff, 
    0xff, 0xff, 0xff, 0xff, 0xff, 0xff, 0xff, 0xff, 
    0xff, 0xff, 0xff, 0xff, 0xff, 0xff, 0xff, 0xff, 
    0xff, 0xff, 0xff, 0xff, 0xff, 0xff, 0xff, 0xff, 
    0xff, 0xff, 0xff, 0xff, 0xff, 0xff, 0xff, 0xff, 
    0xff, 0xff, 0xff, 0xff, 0xff, 0xff, 0xff, 0xff, 
    0xff, 0xff, 0xff, 0xff, 0xff, 0xff, 0xff, 0xff, 
    0xff, 0xff, 0xff, 0xff, 0xff, 0xff, 0xff, 0xff, 
    0xff, 0xff, 0xff, 0xff, 0xff, 0xff, 0xff, 0xff, 
    0xff, 0xff, 0xff, 0xff, 0xff, 0xff, 0xff, 0xff, 
    0xff, 0xff, 0xff, 0xff, 0xff, 0xff, 0xff, 0xff, 
    0xff, 0xff, 0xff, 0xff, 0xff, 0xff, 0xff, 0xff, 
    0xff, 0xff, 0xff, 0xff, 0xff, 0xff, 0xff, 0xff, 
    0xff, 0xff, 0xff, 0xff, 0xff, 0xff, 0xff, 0xff, 
    0xff, 0xff, 0xff, 0xff, 0xff, 0xdf, 0x86, 0xe3, 
    0xff, 0xff, 0xff, 0xff, 0xff, 0xff, 0xff, 0xff, 
    0xff, 0xff, 0xff, 0xff, 0xff, 0x5d, 0x09, 0xed, 
    0xff, 0xff, 0xff, 0xff, 0xff, 0xff, 0xff, 0xff, 
    0xff, 0xa7, 0x36, 0x0a, 0x0a, 0x04, 0x4c, 0xff, 
    0xff, 0xff, 0xff, 0xff, 0xff, 0xff, 0xff, 0xff, 
    0x91, 0x00, 0x05, 0x40, 0x1a, 0x00, 0x00, 0xa5, 
    0xff, 0xff, 0xff, 0xff, 0xff, 0xff, 0xff, 0xf4, 
    0x0d, 0x00, 0xb8, 0xf7, 0x18, 0x10, 0x00, 0x25, 
    0xff, 0xff, 0xff, 0xff, 0xff, 0xff, 0xff, 0xbd, 
    0x00, 0x28, 0xff, 0x93, 0x01, 0xc3, 0x01, 0x00, 
    0xeb, 0xff, 0xff, 0xff, 0xff, 0xff, 0xff, 0xa8, 
    0x00, 0x41, 0xfa, 0x1e, 0x50, 0xff, 0x09, 0x00, 
    0xdd, 0xff, 0xff, 0xff, 0xff, 0xff, 0xff, 0xb5, 
    0x00, 0x23, 0x9c, 0x00, 0xca, 0xec, 0x00, 0x01, 
    0xf1, 0xff, 0xff, 0xff, 0xff, 0xff, 0xff, 0xeb, 
    0x03, 0x00, 0x0d, 0x44, 0xff, 0x7e, 0x00, 0x3a, 
    0xff, 0xff, 0xff, 0xff, 0xff, 0xff, 0xff, 0xff, 
    0x70, 0x00, 0x00, 0x29, 0x32, 0x00, 0x07, 0xc4, 
    0xff, 0xff, 0xff, 0xff, 0xff, 0xff, 0xff, 0xff, 
    0xfd, 0x16, 0x09, 0x05, 0x0f, 0x48, 0xc9, 0xff, 
    0xff, 0xff, 0xff, 0xff, 0xff, 0xff, 0xff, 0xff, 
    0xb8, 0x00, 0x9a, 0xff, 0xff, 0xff, 0xff, 0xff, 
    0xff, 0xff, 0xff, 0xff, 0xff, 0xff, 0xff, 0xff, 
    0xc3, 0x8b, 0xf7, 0xff, 0xff, 0xff, 0xff, 0xff, 
    0xff, 0xff, 0xff, 0xff, 0xff, 0xff, 0xff, 0xff, 
    0xff, 0xff, 0xff, 0xff, 0xff, 0xff, 0xff, 0xff, 
    0xff, 0xff, 0xff, 0xff, 0xff, 0xff, 0xff, 0xff, 
    0xff, 0xff, 0xff, 0xff, 0xff, 0xff, 0xff, 0xff, 
    0xff, 0xff, 0xff, 0xff, 0xff, 0xff, 0xff, 0xff, 
    0xff, 0xff, 0xff, 0xff, 0xff, 0xff, 0xff, 0xff, 
    0xff, 0xff, 0xff, 0xff, 0xff, 0xff, 0xff, 0xff, 
    0xff, 0xff, 0xff, 0xff, 0xff, 0xff, 0xff, 0xff, 
    0xff, 0xff, 0xff, 0xff, 0xff, 0xff, 0xff, 0xff, 
    0xff, 0xff, 0xff, 0xff, 0xff, 0xff, 0xff, 0xff, 
    0xff, 0xff, 0xff, 0xff, 0xff, 0xff, 0xff, 0xff, 
    0xff, 0xff, 0xff, 0xff, 0xff, 0xff, 0xff, 0xff, 
    0xff, 0xff, 0xff, 0xff, 0xff, 0xff, 0xff, 0xff, 
    0xff, 0xff, 0xff, 0xff, 0xff, 0xff, 0xff, 0xff, 
    0xff, 0xff, 0xff, 0xff, 0xff, 0xff, 0xff, 0xff, 
    0xff, 0xff, 0xff, 0xff, 0xff, 0xff, 0xff, 0xff, 
    0xff, 0xff, 0xff, 0xff, 0xff, 0xff, 0xff, 0xff, 
    0xff, 0xff, 0xff, 0xff, 0xff, 0xff, 0xff, 0xff, 
    0xff, 0xff, 0xff, 0xff, 0xff, 0xff, 0xff, 0xff, 
    0xff, 0xff, 0xff, 0xff, 0xff, 0xff, 0xff, 0xff, 
    0xff, 0xff, 0xff, 0xff, 0xff, 0xff, 0xff, 0xff, 
    0xff, 0xff, 0xff, 0xff, 0xff, 0xff, 0xff, 0xff, 
    0xff, 0xff, 0xff, 0xff, 0xff, 0xff, 0xff, 0xff, 
    0xff, 0xff, 0xff, 0xff, 0xff, 0xff, 0xff, 0xff, 
    0xff, 0xff, 0xff, 0xff, 0xff, 0xff, 0xff, 0xff, 
    0xff, 0xff, 0xff, 0xff, 0xff, 0xff, 0xff, 0xff, 
    0xff, 0xff, 0xff, 0xff, 0xff, 0xff, 0xff, 0xff, 
    0xff, 0xff, 0xff, 0xff, 0xff, 0xff, 0xff, 0xff, 
    0xff, 0xff, 0xff, 0xff, 0xff, 0xff, 0x47, 0x06, 
    0xa1, 0xff, 0xff, 0xff, 0xff, 0xff, 0xff, 0xff, 
    0xff, 0xff, 0xff, 0xff, 0xe0, 0x14, 0x13, 0xec, 
    0xff, 0xff, 0xff, 0xff, 0xff, 0xff, 0xff, 0xff, 
    0xff, 0xff, 0xff, 0xbe, 0x1c, 0x86, 0xff, 0xff, 
    0xff, 0xff, 0xff, 0xff, 0xff, 0xff, 0xff, 0xff, 
    0xff, 0xff, 0xff, 0xff, 0xff, 0xff, 0xff, 0xff, 
    0xff, 0xff, 0xff, 0xff, 0xff, 0x21, 0x07, 0xc7, 
    0xff, 0xff, 0x68, 0x03, 0x84, 0xff, 0xff, 0xff, 
    0xff, 0xff, 0xff, 0x0f, 0x00, 0xbb, 0xff, 0xff, 
    0x57, 0x00, 0x73, 0xff, 0xff, 0xff, 0xff, 0xff, 
    0xff, 0x0f, 0x00, 0xbb, 0xff, 0xff, 0x57, 0x00, 
    0x73, 0xff, 0xff, 0xff, 0xff, 0xff, 0xff, 0x0f, 
    0x00, 0xbb, 0xff, 0xff, 0x57, 0x00, 0x73, 0xff, 
    0xff, 0xff, 0xff, 0xff, 0xff, 0x0f, 0x00, 0xbb, 
    0xff, 0xff, 0x57, 0x00, 0x73, 0xff, 0xff, 0xff, 
    0xff, 0xff, 0xff, 0x11, 0x00, 0xb6, 0xff, 0xff, 
    0x56, 0x00, 0x73, 0xff, 0xff, 0xff, 0xff, 0xff, 
    0xff, 0x25, 0x00, 0x6c, 0xff, 0xb7, 0x08, 0x00, 
    0x73, 0xff, 0xff, 0xff, 0xff, 0xff, 0xff, 0x79, 
    0x00, 0x00, 0x16, 0x00, 0x0e, 0x00, 0x73, 0xff, 
    0xff, 0xff, 0xff, 0xff, 0xff, 0xf7, 0x63, 0x0b, 
    0x14, 0x72, 0xa9, 0x02, 0x81, 0xff, 0xff, 0xff, 
    0xff, 0xff, 0xff, 0xff, 0xff, 0xff, 0xff, 0xff, 
    0xff, 0xff, 0xff, 0xff, 0xff, 0xff, 0xff, 0xff, 
    0xff, 0xff, 0xff, 0xff, 0xff, 0xff, 0xff, 0xff, 
    0xff, 0xff, 0xff, 0xff, 0xff, 0xff, 0xff, 0xff, 
    0xff, 0xff, 0xff, 0xff, 0xff, 0xff, 0xff, 0xff, 
    0xff, 0xff, 0xff, 0xff, 0xff, 0xff, 0xff, 0xff, 
    0xff, 0xff, 0xff, 0xff, 0xff, 0xff, 0xff, 0xff, 
    0xff, 0xff, 0xff, 0xff, 0xff, 0xff, 0xff, 0xff, 
    0xff, 0xff, 0xff, 0xff, 0xff, 0xff, 0xff, 0xff, 
    0xff, 0xff, 0xff, 0xff, 0xff, 0xff, 0xff, 0xff, 
    0xff, 0xff, 0xff, 0xff, 0xff, 0xff, 0xff, 0xff, 
    0xff, 0xff, 0xff, 0xff, 0xff, 0xff, 0xff, 0xff, 
    0xff, 0xff, 0xff, 0xff, 0xff, 0xff, 0xff, 0xff, 
    0xff, 0xff, 0xff, 0xff, 0xff, 0xff, 0xff, 0xff, 
    0xff, 0xff, 0xff, 0xff, 0xff, 0xff, 0xff, 0xff, 
    0xff, 0xff, 0xff, 0xff, 0xff, 0xff, 0xff, 0xff, 
    0xff, 0xff, 0xff, 0xff, 0xff, 0xff, 0xff, 0xff, 
    0xff, 0xff, 0xff, 0xff, 0xff, 0xff, 0xff, 0xff, 
    0xff, 0xff, 0xff, 0xff, 0xff, 0xff, 0xff, 0xff, 
    0xff, 0xff, 0xff, 0xff, 0xff, 0xff, 0xff, 0xff, 
    0xff, 0xff, 0xff, 0xff, 0xff, 0xff, 0xff, 0xff, 
    0xff, 0xff, 0xff, 0xff, 0xff, 0xff, 0xff, 0xff, 
    0xff, 0xff, 0xff, 0xff, 0xff, 0xff, 0xff, 0xff, 
    0xff, 0xff, 0xff, 0xff, 0xff, 0xff, 0xff, 0xff, 
    0xff, 0xff, 0xff, 0xff, 0xff, 0xff, 0xff, 0xff, 
    0xff, 0xff, 0xff, 0xff, 0xff, 0xff, 0xff, 0xff, 
    0xff, 0xff, 0xff, 0xff, 0xff, 0xff, 0xff, 0xff, 
    0xff, 0xff, 0xff, 0xff, 0xff, 0xff, 0xff, 0xff, 
    0xff, 0xff, 0xff, 0xff, 0xff, 0xff, 0xff, 0xff, 
    0xff, 0xff, 0xff, 0xff, 0xff, 0xff, 0xff, 0xff, 
    0xff, 0xff, 0xff, 0xff, 0xfc, 0x3b, 0x03, 0xb2, 
    0xff, 0xff, 0xff, 0xff, 0xff, 0xff, 0xff, 0xff, 
    0xff, 0xff, 0x91, 0x00, 0x63, 0xff, 0xff, 0xff, 
    0xff, 0xff, 0xff, 0xff, 0xff, 0xff, 0xff, 0xfa, 
    0x27, 0x47, 0xf9, 0xff, 0xff, 0xff, 0xff, 0xff, 
    0xff, 0xff, 0xff, 0xff, 0xff, 0xff, 0xff, 0xff, 
    0xff, 0xff, 0xff, 0xff, 0xff, 0xff, 0xff, 0xff, 
    0xff, 0x21, 0x07, 0xc7, 0xff, 0xff, 0x68, 0x03, 
    0x84, 0xff, 0xff, 0xff, 0xff, 0xff, 0xff, 0x0f, 
    0x00, 0xbb, 0xff, 0xff, 0x57, 0x00, 0x73, 0xff, 
    0xff, 0xff, 0xff, 0xff, 0xff, 0x0f, 0x00, 0xbb, 
    0xff, 0xff, 0x57, 0x00, 0x73, 0xff, 0xff, 0xff, 
    0xff, 0xff, 0xff, 0x0f, 0x00, 0xbb, 0xff, 0xff, 
    0x57, 0x00, 0x73, 0xff, 0xff, 0xff, 0xff, 0xff, 
    0xff, 0x0f, 0x00, 0xbb, 0xff, 0xff, 0x57, 0x00, 
    0x73, 0xff, 0xff, 0xff, 0xff, 0xff, 0xff, 0x11, 
    0x00, 0xb6, 0xff, 0xff, 0x56, 0x00, 0x73, 0xff, 
    0xff, 0xff, 0xff, 0xff, 0xff, 0x25, 0x00, 0x6c, 
    0xff, 0xb7, 0x08, 0x00, 0x73, 0xff, 0xff, 0xff, 
    0xff, 0xff, 0xff, 0x79, 0x00, 0x00, 0x16, 0x00, 
    0x0e, 0x00, 0x73, 0xff, 0xff, 0xff, 0xff, 0xff, 
    0xff, 0xf7, 0x63, 0x0b, 0x14, 0x72, 0xa9, 0x02, 
    0x81, 0xff, 0xff, 0xff, 0xff, 0xff, 0xff, 0xff, 
    0xff, 0xff, 0xff, 0xff, 0xff, 0xff, 0xff, 0xff, 
    0xff, 0xff, 0xff, 0xff, 0xff, 0xff, 0xff, 0xff, 
    0xff, 0xff, 0xff, 0xff, 0xff, 0xff, 0xff, 0xff, 
    0xff, 0xff, 0xff, 0xff, 0xff, 0xff, 0xff, 0xff, 
    0xff, 0xff, 0xff, 0xff, 0xff, 0xff, 0xff, 0xff, 
    0xff, 0xff, 0xff, 0xff, 0xff, 0xff, 0xff, 0xff, 
    0xff, 0xff, 0xff, 0xff, 0xff, 0xff, 0xff, 0xff, 
    0xff, 0xff, 0xff, 0xff, 0xff, 0xff, 0xff, 0xff, 
    0xff, 0xff, 0xff, 0xff, 0xff, 0xff, 0xff, 0xff, 
    0xff, 0xff, 0xff, 0xff, 0xff, 0xff, 0xff, 0xff, 
    0xff, 0xff, 0xff, 0xff, 0xff, 0xff, 0xff, 0xff, 
    0xff, 0xff, 0xff, 0xff, 0xff, 0xff, 0xff, 0xff, 
    0xff, 0xff, 0xff, 0xff, 0xff, 0xff, 0xff, 0xff, 
    0xff, 0xff, 0xff, 0xff, 0xff, 0xff, 0xff, 0xff, 
    0xff, 0xff, 0xff, 0xff, 0xff, 0xff, 0xff, 0xff, 
    0xff, 0xff, 0xff, 0xff, 0xff, 0xff, 0xff, 0xff, 
    0xff, 0xff, 0xff, 0xff, 0xff, 0xff, 0xff, 0xff, 
    0xff, 0xff, 0xff, 0xff, 0xff, 0xff, 0xff, 0xff, 
    0xff, 0xff, 0xff, 0xff, 0xff, 0xff, 0xff, 0xff, 
    0xff, 0xff, 0xff, 0xff, 0xff, 0xff, 0xff, 0xff, 
    0xff, 0xff, 0xff, 0xff, 0xff, 0xff, 0xff, 0xff, 
    0xff, 0xff, 0xff, 0xff, 0xff, 0xff, 0xff, 0xff, 
    0xff, 0xff, 0xff, 0xff, 0xff, 0xff, 0xff, 0xff, 
    0xff, 0xff, 0xff, 0xff, 0xff, 0xff, 0xff, 0xff, 
    0xff, 0xff, 0xff, 0xff, 0xff, 0xff, 0xff, 0xff, 
    0xff, 0xff, 0xff, 0xff, 0xff, 0xff, 0xff, 0xff, 
    0xff, 0xff, 0xff, 0xff, 0xff, 0xff, 0xff, 0xff, 
    0xff, 0xff, 0xff, 0xff, 0xff, 0xff, 0xff, 0xff, 
    0xff, 0xff, 0xff, 0xff, 0xff, 0xff, 0xff, 0xff, 
    0xff, 0xff, 0xff, 0xff, 0xff, 0xff, 0xff, 0x8b, 
    0x01, 0x16, 0xda, 0xff, 0xff, 0xff, 0xff, 0xff, 
    0xff, 0xff, 0xff, 0xff, 0xd3, 0x07, 0x4e, 0x15, 
    0x3a, 0xfd, 0xff, 0xff, 0xff, 0xff, 0xff, 0xff, 
    0xff, 0xff, 0x57, 0x2a, 0xed, 0xac, 0x16, 0xab, 
    0xff, 0xff, 0xff, 0xff, 0xff, 0xff, 0xff, 0xff, 
    0xff, 0xff, 0xff, 0xff, 0xff, 0xff, 0xff, 0xff, 
    0xff, 0xff, 0xff, 0xff, 0xff, 0x21, 0x07, 0xc7, 
    0xff, 0xff, 0x68, 0x03, 0x84, 0xff, 0xff, 0xff, 
    0xff, 0xff, 0xff, 0x0f, 0x00, 0xbb, 0xff, 0xff, 
    0x57, 0x00, 0x73, 0xff, 0xff, 0xff, 0xff, 0xff, 
    0xff, 0x0f, 0x00, 0xbb, 0xff, 0xff, 0x57, 0x00, 
    0x73, 0xff, 0xff, 0xff, 0xff, 0xff, 0xff, 0x0f, 
    0x00, 0xbb, 0xff, 0xff, 0x57, 0x00, 0x73, 0xff, 
    0xff, 0xff, 0xff, 0xff, 0xff, 0x0f, 0x00, 0xbb, 
    0xff, 0xff, 0x57, 0x00, 0x73, 0xff, 0xff, 0xff, 
    0xff, 0xff, 0xff, 0x11, 0x00, 0xb6, 0xff, 0xff, 
    0x56, 0x00, 0x73, 0xff, 0xff, 0xff, 0xff, 0xff, 
    0xff, 0x25, 0x00, 0x6c, 0xff, 0xb7, 0x08, 0x00, 
    0x73, 0xff, 0xff, 0xff, 0xff, 0xff, 0xff, 0x79, 
    0x00, 0x00, 0x16, 0x00, 0x0e, 0x00, 0x73, 0xff, 
    0xff, 0xff, 0xff, 0xff, 0xff, 0xf7, 0x63, 0x0b, 
    0x14, 0x72, 0xa9, 0x02, 0x81, 0xff, 0xff, 0xff, 
    0xff, 0xff, 0xff, 0xff, 0xff, 0xff, 0xff, 0xff, 
    0xff, 0xff, 0xff, 0xff, 0xff, 0xff, 0xff, 0xff, 
    0xff, 0xff, 0xff, 0xff, 0xff, 0xff, 0xff, 0xff, 
    0xff, 0xff, 0xff, 0xff, 0xff, 0xff, 0xff, 0xff, 
    0xff, 0xff, 0xff, 0xff, 0xff, 0xff, 0xff, 0xff, 
    0xff, 0xff, 0xff, 0xff, 0xff, 0xff, 0xff, 0xff, 
    0xff, 0xff, 0xff, 0xff, 0xff, 0xff, 0xff, 0xff, 
    0xff, 0xff, 0xff, 0xff, 0xff, 0xff, 0xff, 0xff, 
    0xff, 0xff, 0xff, 0xff, 0xff, 0xff, 0xff, 0xff, 
    0xff, 0xff, 0xff, 0xff, 0xff, 0xff, 0xff, 0xff, 
    0xff, 0xff, 0xff, 0xff, 0xff, 0xff, 0xff, 0xff, 
    0xff, 0xff, 0xff, 0xff, 0xff, 0xff, 0xff, 0xff, 
    0xff, 0xff, 0xff, 0xff, 0xff, 0xff, 0xff, 0xff, 
    0xff, 0xff, 0xff, 0xff, 0xff, 0xff, 0xff, 0xff, 
    0xff, 0xff, 0xff, 0xff, 0xff, 0xff, 0xff, 0xff, 
    0xff, 0xff, 0xff, 0xff, 0xff, 0xff, 0xff, 0xff, 
    0xff, 0xff, 0xff, 0xff, 0xff, 0xff, 0xff, 0xff, 
    0xff, 0xff, 0xff, 0xff, 0xff, 0xff, 0xff, 0xff, 
    0xff, 0xff, 0xff, 0xff, 0xff, 0xff, 0xff, 0xff, 
    0xff, 0xff, 0xff, 0xff, 0xff, 0xff, 0xff, 0xff, 
    0xff, 0xff, 0xff, 0xff, 0xff, 0xff, 0xff, 0xff, 
    0xff, 0xff, 0xff, 0xff, 0xff, 0xff, 0xff, 0xff, 
    0xff, 0xff, 0xff, 0xff, 0xff, 0xff, 0xff, 0xff, 
    0xff, 0xff, 0xff, 0xff, 0xff, 0xff, 0xff, 0xff, 
    0xff, 0xff, 0xff, 0xff, 0xff, 0xff, 0xff, 0xff, 
    0xff, 0xff, 0xff, 0xff, 0xff, 0xff, 0xff, 0xff, 
    0xff, 0xff, 0xff, 0xff, 0xff, 0xff, 0xff, 0xff, 
    0xff, 0xff, 0xff, 0xff, 0xff, 0xff, 0xff, 0xff, 
    0xff, 0xff, 0xff, 0xff, 0xff, 0xff, 0xff, 0xff, 
    0xff, 0xff, 0xff, 0xff, 0xff, 0xff, 0xff, 0xff, 
    0xff, 0xff, 0xff, 0xff, 0xff, 0xff, 0xff, 0xff, 
    0xff, 0xff, 0xff, 0xff, 0xff, 0xff, 0xff, 0xff, 
    0x31, 0x12, 0xe3, 0x9b, 0x07, 0x82, 0xff, 0xff, 
    0xff, 0xff, 0xff, 0xff, 0xff, 0xff, 0x0e, 0x00, 
    0xd5, 0x7e, 0x00, 0x65, 0xff, 0xff, 0xff, 0xff, 
    0xff, 0xff, 0xff, 0xff, 0xde, 0xd2, 0xff, 0xf6, 
    0xc6, 0xf3, 0xff, 0xff, 0xff, 0xff, 0xff, 0xff, 
    0xff, 0x21, 0x07, 0xc7, 0xff, 0xff, 0x68, 0x03, 
    0x84, 0xff, 0xff, 0xff, 0xff, 0xff, 0xff, 0x0f, 
    0x00, 0xbb, 0xff, 0xff, 0x57, 0x00, 0x73, 0xff, 
    0xff, 0xff, 0xff, 0xff, 0xff, 0x0f, 0x00, 0xbb, 
    0xff, 0xff, 0x57, 0x00, 0x73, 0xff, 0xff, 0xff, 
    0xff, 0xff, 0xff, 0x0f, 0x00, 0xbb, 0xff, 0xff, 
    0x57, 0x00, 0x73, 0xff, 0xff, 0xff, 0xff, 0xff, 
    0xff, 0x0f, 0x00, 0xbb, 0xff, 0xff, 0x57, 0x00, 
    0x73, 0xff, 0xff, 0xff, 0xff, 0xff, 0xff, 0x11, 
    0x00, 0xb6, 0xff, 0xff, 0x56, 0x00, 0x73, 0xff, 
    0xff, 0xff, 0xff, 0xff, 0xff, 0x25, 0x00, 0x6c, 
    0xff, 0xb7, 0x08, 0x00, 0x73, 0xff, 0xff, 0xff, 
    0xff, 0xff, 0xff, 0x79, 0x00, 0x00, 0x16, 0x00, 
    0x0e, 0x00, 0x73, 0xff, 0xff, 0xff, 0xff, 0xff, 
    0xff, 0xf7, 0x63, 0x0b, 0x14, 0x72, 0xa9, 0x02, 
    0x81, 0xff, 0xff, 0xff, 0xff, 0xff, 0xff, 0xff, 
    0xff, 0xff, 0xff, 0xff, 0xff, 0xff, 0xff, 0xff, 
    0xff, 0xff, 0xff, 0xff, 0xff, 0xff, 0xff, 0xff, 
    0xff, 0xff, 0xff, 0xff, 0xff, 0xff, 0xff, 0xff, 
    0xff, 0xff, 0xff, 0xff, 0xff, 0xff, 0xff, 0xff, 
    0xff, 0xff, 0xff, 0xff, 0xff, 0xff, 0xff, 0xff, 
    0xff, 0xff, 0xff, 0xff, 0xff, 0xff, 0xff, 0xff, 
    0xff, 0xff, 0xff, 0xff, 0xff, 0xff, 0xff, 0xff, 
    0xff, 0xff, 0xff, 0xff, 0xff, 0xff, 0xff, 0xff, 
    0xff, 0xff, 0xff, 0xff, 0xff, 0xff, 0xff, 0xff, 
    0xff, 0xff, 0xff, 0xff, 0xff, 0xff, 0xff, 0xff, 
    0xff, 0xff, 0xff, 0xff, 0xff, 0xff, 0xff, 0xff, 
    0xff, 0xff, 0xff, 0xff, 0xff, 0xff, 0xff, 0xff, 
    0xff, 0xff, 0xff, 0xff, 0xff, 0xff, 0xff, 0xff, 
    0xff, 0xff, 0xff, 0xff, 0xff, 0xff, 0xff, 0xff, 
    0xff, 0xff, 0xff, 0xff, 0xff, 0xff, 0xff, 0xff, 
    0xff, 0xff, 0xff, 0xff, 0xff, 0xff, 0xff, 0xff, 
    0xff, 0xff, 0xff, 0xff, 0xff, 0xff, 0xff, 0xff, 
    0xff, 0xff, 0xff, 0xff, 0xff, 0xff, 0xff, 0xff, 
    0xff, 0xff, 0xff, 0xff, 0xff, 0xff, 0xff, 0xff, 
    0xff, 0xff, 0xff, 0xff, 0xff, 0xff, 0xff, 0xff, 
    0xff, 0xff, 0xff, 0xff, 0xff, 0xff, 0xff, 0xff, 
    0xff, 0xff, 0xff, 0xff, 0xff, 0xff, 0xff, 0xff, 
    0xff, 0xff, 0xff, 0xff, 0xff, 0xff, 0xff, 0xff, 
    0xff, 0xff, 0xff, 0xff, 0xff, 0xff, 0xff, 0xff, 
    0xff, 0xff, 0xff, 0xff, 0xff, 0xff, 0xff, 0xff, 
    0xff, 0xff, 0xff, 0xff, 0xff, 0xff, 0xff, 0xff, 
    0xff, 0xff, 0xff, 0xff, 0xff, 0xff, 0xff, 0xff, 
    0xff, 0xff, 0xff, 0xff, 0xff, 0xff, 0xff, 0xff, 
    0xff, 0xff, 0xff, 0xff, 0xff, 0xff, 0xff, 0xff, 
    0xff, 0xff, 0xff, 0xff, 0xff, 0xff, 0xff, 0xff, 
    0xff, 0xff, 0xff, 0xff, 0xff, 0xff, 0xff, 0xff, 
    0xff, 0xff, 0xb9, 0x0a, 0x2c, 0xfe, 0xff, 0xff, 
    0xff, 0xff, 0xff, 0xff, 0xff, 0xff, 0xff, 0xff, 
    0xf7, 0x23, 0x0a, 0xce, 0xff, 0xff, 0xff, 0xff, 
    0xff, 0xff, 0xff, 0xff, 0xff, 0xff, 0xff, 0x9f, 
    0x19, 0xaa, 0xff, 0xff, 0xff, 0xff, 0xff, 0xff, 
    0xff, 0xff, 0xff, 0xff, 0xff, 0xff, 0xff, 0xff, 
    0xff, 0xff, 0xff, 0xff, 0xff, 0xff, 0xff, 0xff, 
    0xff, 0xff, 0x50, 0x01, 0x7c, 0xff, 0xff, 0xff, 
    0x29, 0x07, 0xc4, 0xff, 0xff, 0xff, 0xff, 0xff, 
    0xff, 0x86, 0x00, 0x1e, 0xfe, 0xff, 0xce, 0x00, 
    0x05, 0xef, 0xff, 0xff, 0xff, 0xff, 0xff, 0xff, 
    0xe1, 0x01, 0x00, 0xc5, 0xff, 0x7f, 0x00, 0x49, 
    0xff, 0xff, 0xff, 0xff, 0xff, 0xff, 0xff, 0xff, 
    0x40, 0x00, 0x6e, 0xff, 0x30, 0x00, 0x9e, 0xff, 
    0xff, 0xff, 0xff, 0xff, 0xff, 0xff, 0xff, 0x9d, 
    0x00, 0x19, 0xdf, 0x00, 0x05, 0xed, 0xff, 0xff, 
    0xff, 0xff, 0xff, 0xff, 0xff, 0xff, 0xf1, 0x09, 
    0x00, 0x53, 0x00, 0x47, 0xff, 0xff, 0xff, 0xff, 
    0xff, 0xff, 0xff, 0xff, 0xff, 0xff, 0x57, 0x00, 
    0x00, 0x00, 0x9c, 0xff, 0xff, 0xff, 0xff, 0xff, 
    0xff, 0xff, 0xff, 0xff, 0xff, 0xb3, 0x00, 0x00, 
    0x04, 0xec, 0xff, 0xff, 0xff, 0xff, 0xff, 0xff, 
    0xff, 0xff, 0xff, 0xff, 0xfb, 0x23, 0x00, 0x45, 
    0xff, 0xff, 0xff, 0xff, 0xff, 0xff, 0xff, 0xff, 
    0xff, 0xff, 0xff, 0xf8, 0x12, 0x00, 0x9b, 0xff, 
    0xff, 0xff, 0xff, 0xff, 0xff, 0xff, 0xff, 0xff, 
    0xff, 0xff, 0xa7, 0x00, 0x04, 0xec, 0xff, 0xff, 
    0xff, 0xff, 0xff, 0xff, 0xff, 0xff, 0xff, 0xff, 
    0xff, 0x5e, 0x03, 0x5c, 0xff, 0xff, 0xff, 0xff, 
    0xff, 0xff, 0xff, 0xff, 0xff, 0xff, 0xff, 0xff, 
    0xff, 0xff, 0xff, 0xff, 0xff, 0xff, 0xff, 0xff, 
    0xff, 0xff, 0xff, 0xff, 0xff, 0xff, 0xff, 0xff, 
    0xff, 0xff, 0xff, 0xff, 0xff, 0xff, 0xff, 0xff, 
    0xff, 0xff, 0xff, 0xff, 0xff, 0xff, 0xff, 0xff, 
    0xff, 0xff, 0xff, 0xff, 0xff, 0xff, 0xff, 0xff, 
    0xff, 0xff, 0xff, 0xff, 0xff, 0xff, 0xff, 0xff, 
    0xff, 0xff, 0xff, 0xff, 0xff, 0xff, 0xff, 0xff, 
    0xff, 0xff, 0xff, 0xff, 0xff, 0xff, 0xff, 0xff, 
    0xff, 0xff, 0xff, 0xff, 0xff, 0xff, 0xff, 0xff, 
    0xff, 0xff, 0xff, 0xff, 0xff, 0xff, 0xff, 0xff, 
    0xff, 0xff, 0xff, 0xff, 0xff, 0xff, 0xff, 0xff, 
    0xff, 0xff, 0xff, 0xff, 0xff, 0xff, 0xff, 0xff, 
    0xff, 0xff, 0xff, 0xff, 0xff, 0xff, 0xff, 0xff, 
    0xff, 0xff, 0xff, 0xff, 0xff, 0xff, 0xff, 0xff, 
    0xff, 0xff, 0xff, 0xff, 0xff, 0xff, 0xff, 0xff, 
    0xff, 0xff, 0xff, 0xff, 0xff, 0xff, 0xff, 0xff, 
    0xff, 0xff, 0xff, 0xff, 0xff, 0xff, 0xff, 0xff, 
    0xff, 0xff, 0xff, 0xff, 0xff, 0xff, 0xff, 0xff, 
    0xff, 0xff, 0xff, 0xff, 0xff, 0xff, 0xff, 0xff, 
    0xff, 0xff, 0xff, 0xff, 0xff, 0xff, 0xff, 0xff, 
    0xff, 0xff, 0xff, 0xff, 0xff, 0xff, 0xff, 0xff, 
    0xff, 0xff, 0xff, 0xff, 0xff, 0xff, 0xff, 0xff, 
    0xff, 0xff, 0xff, 0xff, 0xff, 0xff, 0xff, 0xff, 
    0xff, 0xff, 0xff, 0xff, 0xff, 0xff, 0xff, 0xff, 
    0xff, 0xff, 0xff, 0xff, 0xff, 0xff, 0xff, 0x30, 
    0x06, 0xbb, 0xff, 0xff, 0xff, 0xff, 0xff, 0xff, 
    0xff, 0xff, 0xff, 0xff, 0xff, 0x1b, 0x00, 0xab, 
    0xff, 0xff, 0xff, 0xff, 0xff, 0xff, 0xff, 0xff, 
    0xff, 0xff, 0xff, 0x1b, 0x00, 0xab, 0xff, 0xff, 
    0xff, 0xff, 0xff, 0xff, 0xff, 0xff, 0xff, 0xff, 
    0xff, 0x1b, 0x00, 0xab, 0xff, 0xff, 0xff, 0xff, 
    0xff, 0xff, 0xff, 0xff, 0xff, 0xff, 0xff, 0x1b, 
    0x00, 0x91, 0x54, 0x0a, 0x1a, 0x99, 0xff, 0xff, 
    0xff, 0xff, 0xff, 0xff, 0xff, 0x1b, 0x00, 0x03, 
    0x00, 0x01, 0x00, 0x00, 0xae, 0xff, 0xff, 0xff, 
    0xff, 0xff, 0xff, 0x1b, 0x00, 0x21, 0xd1, 0xe9, 
    0x2c, 0x00, 0x43, 0xff, 0xff, 0xff, 0xff, 0xff, 
    0xff, 0x1b, 0x00, 0xa6, 0xff, 0xff, 0x93, 0x00, 
    0x17, 0xff, 0xff, 0xff, 0xff, 0xff, 0xff, 0x1b, 
    0x00, 0xab, 0xff, 0xff, 0xad, 0x00, 0x07, 0xff, 
    0xff, 0xff, 0xff, 0xff, 0xff, 0x1b, 0x00, 0xa7, 
    0xff, 0xff, 0x90, 0x00, 0x20, 0xff, 0xff, 0xff, 
    0xff, 0xff, 0xff, 0x1b, 0x00, 0x24, 0xd8, 0xe4, 
    0x26, 0x00, 0x52, 0xff, 0xff, 0xff, 0xff, 0xff, 
    0xff, 0x1b, 0x00, 0x02, 0x00, 0x00, 0x00, 0x01, 
    0xc3, 0xff, 0xff, 0xff, 0xff, 0xff, 0xff, 0x1b, 
    0x00, 0x8b, 0x42, 0x06, 0x23, 0xa3, 0xff, 0xff, 
    0xff, 0xff, 0xff, 0xff, 0xff, 0x1b, 0x00, 0xab, 
    0xff, 0xff, 0xff, 0xff, 0xff, 0xff, 0xff, 0xff, 
    0xff, 0xff, 0xff, 0x1b, 0x00, 0xab, 0xff, 0xff, 
    0xff, 0xff, 0xff, 0xff, 0xff, 0xff, 0xff, 0xff, 
    0xff, 0x2c, 0x03, 0xb9, 0xff, 0xff, 0xff, 0xff, 
    0xff, 0xff, 0xff, 0xff, 0xff, 0xff, 0xff, 0xff, 
    0xff, 0xff, 0xff, 0xff, 0xff, 0xff, 0xff, 0xff, 
    0xff, 0xff, 0xff, 0xff, 0xff, 0xff, 0xff, 0xff, 
    0xff, 0xff, 0xff, 0xff, 0xff, 0xff, 0xff, 0xff, 
    0xff, 0xff, 0xff, 0xff, 0xff, 0xff, 0xff, 0xff, 
    0xff, 0xff, 0xff, 0xff, 0xff, 0xff, 0xff, 0xff, 
    0xff, 0xff, 0xff, 0xff, 0xff, 0xff, 0xff, 0xff, 
    0xff, 0xff, 0xff, 0xff, 0xff, 0xff, 0xff, 0xff, 
    0xff, 0xff, 0xff, 0xff, 0xff, 0xff, 0xff, 0xff, 
    0xff, 0xff, 0xff, 0xff, 0xff, 0xff, 0xff, 0xff, 
    0xff, 0xff, 0xff, 0xff, 0xff, 0xff, 0xff, 0xff, 
    0xff, 0xff, 0xff, 0xff, 0xff, 0xff, 0xff, 0xff, 
    0xff, 0xff, 0xff, 0xff, 0xff, 0xff, 0xff, 0xff, 
    0xff, 0xff, 0xff, 0xff, 0xff, 0xff, 0xff, 0xff, 
    0xff, 0xff, 0xff, 0xff, 0xff, 0xff, 0xff, 0xff, 
    0xff, 0xff, 0xff, 0xff, 0xff, 0xff, 0xff, 0xff, 
    0xff, 0xff, 0xff, 0xff, 0xff, 0xff, 0xff, 0xff, 
    0xff, 0xff, 0xff, 0xff, 0xff, 0xff, 0xff, 0xff, 
    0xff, 0xff, 0xff, 0xff, 0xff, 0xff, 0xff, 0xff, 
    0xff, 0xff, 0xff, 0xff, 0xff, 0xff, 0xff, 0xff, 
    0xff, 0xff, 0xff, 0xff, 0xff, 0xff, 0xff, 0xff, 
    0xff, 0xff, 0xff, 0xff, 0xff, 0xff, 0xff, 0xff, 
    0xff, 0xff, 0xff, 0xff, 0xff, 0xff, 0xff, 0xff, 
    0xff, 0xff, 0xff, 0xff, 0xff, 0xff, 0xff, 0xff, 
    0xff, 0xff, 0xff, 0xff, 0xff, 0xff, 0xff, 0xff, 
    0xff, 0xff, 0xff, 0xff, 0xff, 0xff, 0xff, 0xff, 
    0xff, 0xff, 0xff, 0xff, 0xff, 0xff, 0xff, 0xff, 
    0xff, 0xff, 0xff, 0xff, 0xff, 0xff, 0xff, 0xff, 
    0xff, 0xff, 0xff, 0xff, 0xa8, 0x07, 0x78, 0xf9, 
    0x20, 0x19, 0xf3, 0xff, 0xff, 0xff, 0xff, 0xff, 
    0xff, 0xff, 0xff, 0x8a, 0x00, 0x5d, 0xf3, 0x04, 
    0x02, 0xeb, 0xff, 0xff, 0xff, 0xff, 0xff, 0xff, 
    0xff, 0xff, 0xf8, 0xc7, 0xf1, 0xff, 0xd9, 0xd7, 
    0xff, 0xff, 0xff, 0xff, 0xff, 0xff, 0xff, 0xff, 
    0x50, 0x01, 0x7c, 0xff, 0xff, 0xff, 0x29, 0x07, 
    0xc4, 0xff, 0xff, 0xff, 0xff, 0xff, 0xff, 0x86, 
    0x00, 0x1e, 0xfe, 0xff, 0xce, 0x00, 0x05, 0xef, 
    0xff, 0xff, 0xff, 0xff, 0xff, 0xff, 0xe1, 0x01, 
    0x00, 0xc5, 0xff, 0x7f, 0x00, 0x49, 0xff, 0xff, 
    0xff, 0xff, 0xff, 0xff, 0xff, 0xff, 0x40, 0x00, 
    0x6e, 0xff, 0x30, 0x00, 0x9e, 0xff, 0xff, 0xff, 
    0xff, 0xff, 0xff, 0xff, 0xff, 0x9d, 0x00, 0x19, 
    0xdf, 0x00, 0x05, 0xed, 0xff, 0xff, 0xff, 0xff, 
    0xff, 0xff, 0xff, 0xff, 0xf1, 0x09, 0x00, 0x53, 
    0x00, 0x47, 0xff, 0xff, 0xff, 0xff, 0xff, 0xff, 
    0xff, 0xff, 0xff, 0xff, 0x57, 0x00, 0x00, 0x00, 
    0x9c, 0xff, 0xff, 0xff, 0xff, 0xff, 0xff, 0xff, 
    0xff, 0xff, 0xff, 0xb3, 0x00, 0x00, 0x04, 0xec, 
    0xff, 0xff, 0xff, 0xff, 0xff, 0xff, 0xff, 0xff, 
    0xff, 0xff, 0xfb, 0x23, 0x00, 0x45, 0xff, 0xff, 
    0xff, 0xff, 0xff, 0xff, 0xff, 0xff, 0xff, 0xff, 
    0xff, 0xf8, 0x12, 0x00, 0x9b, 0xff, 0xff, 0xff, 
    0xff, 0xff, 0xff, 0xff, 0xff, 0xff, 0xff, 0xff, 
    0xa7, 0x00, 0x04, 0xec, 0xff, 0xff, 0xff, 0xff, 
    0xff, 0xff, 0xff, 0xff, 0xff, 0xff, 0xff, 0x5e, 
    0x03, 0x5c, 0xff, 0xff, 0xff, 0xff, 0xff, 0xff, 
    0xff, 0xff, 0xff, 0xff, 0xff, 0xff, 0xff, 0xff, 
    0xff, 0xff, 0xff, 0xff, 0xff, 0xff, 0xff, 0xff, 
    0xff, 0xff, 0xff, 0xff, 0xff, 0xff, 0xff, 0xff, 
    0xff, 0xff, 0xff, 0xff, 0xff, 0xff, 0xff, 0xff, 
    0xff, 0xff, 0xff, 0xff, 0xff, 0xff, 0xff, 0xff, 
    0xff, 0xff, 0xff, 0xff, 0xff, 0xff, 0xff, 0xff, 
    0xff, 0xff, 0xff, 0xff, 0xff, 0xff, 0xff, 0xff, 
    0xff, 0xff, 0xff, 0xff, 0xff, 0xff, 0xff, 0xff, 
    0xff, 0xff, 0xff, 0xff, 0xff, 0xff, 0xff, 0xff, 
    0xff, 0xff, 0xff, 0xff, 0x00, 0x00, 0x00, 0x00, 
    0x00, 0x00, 0x00, 0x00, 0x00, 0x00, 0x00, 0x00, 
    0x00, 0x00, 0x00, 0x00, 0x00, 0x00, 0x00, 0x00, 
    0x00, 0x00, 0x00, 0x00, 0x00, 0x00, 0x00, 0x00, 
    0x00, 0x00, 0x00, 0x00, 0x00, 0x00, 0x00, 0x00, 
    0x00, 0x00, 0x00, 0x00, 0x00, 0x00, 0x00, 0x00, 
    0x00, 0x00, 0x00, 0x00, 0x00, 0x00, 0x00, 0x00, 
    0x00, 0x00, 0x00, 0x00, 0x00, 0x00, 0x00, 0x00, 
    0x00, 0x00, 0x00, 0x00, 0x00, 0x00, 0x00, 0x00, 
    0x00, 0x00, 0x00, 0xff, 0xff, 0xff, 0xff, 0x00, 
    0x00, 0x00, 0x00, 0x00, 0x00, 0x00, 0x00, 0x00, 
    0x00, 0x00, 0x00, 0x00, 0x00, 0x00, 0x00, 0x00, 
    0x00, 0xff, 0xff, 0xff, 0xff, 0xff, 0xff, 0xff, 
    0x00, 0x00, 0x00, 0x00, 0x00, 0x00, 0x00, 0x00, 
    0x00, 0x00, 0x00, 0x00, 0xff, 0xff, 0xff, 0xff, 
    0xff, 0xff, 0xff, 0xff, 0xff, 0xff, 0xff, 0xff, 
    0xff, 0x00, 0x00, 0x00, 0x00, 0x00, 0x00, 0x00, 
    0x00, 0x00, 0xff, 0xff, 0xff, 0xff, 0xff, 0xff, 
    0xff, 0xff, 0xff, 0xff, 0xff, 0xff, 0xff, 0xff, 
    0xff, 0xff, 0x00, 0x00, 0x00, 0x00, 0x00, 0x00, 
    0x00, 0x00, 0x00, 0xff, 0xff, 0xff, 0xff, 0xff, 
    0xff, 0xff, 0xff, 0xff, 0xff, 0xff, 0xff, 0xff, 
    0xff, 0xff, 0xff, 0x00, 0x00, 0x00, 0x00, 0x00, 
    0x00, 0xff, 0xff, 0xff, 0xff, 0xff, 0xff, 0xff, 
    0xff, 0xff, 0xff, 0xff, 0xff, 0xff, 0xff, 0xff, 
    0xff, 0xff, 0xff, 0xff, 0x00, 0x00, 0x00, 0xff, 
    0xff, 0xff, 0xff, 0xff, 0xff, 0xff, 0xff, 0xff, 
    0xff, 0xff, 0xff, 0xff, 0xff, 0xff, 0xff, 0xff, 
    0xff, 0xff, 0xff, 0xff, 0xff, 0x00, 0x00, 0x00, 
    0xff, 0xff, 0xff, 0xff, 0xff, 0xff, 0xff, 0xff, 
    0xff, 0xff, 0xff, 0xff, 0xff, 0xff, 0xff, 0xff, 
    0xff, 0xff, 0xff, 0xff, 0xff, 0xff, 0xff, 0xff, 
    0xff, 0xff, 0xff, 0xff, 0xff, 0xff, 0xff, 0xff, 
    0xff, 0xff, 0xff, 0xff, 0xff, 0xff, 0xff, 0xff, 
    0xff, 0xff, 0xff, 0xff, 0xff, 0xff, 0xff, 0xff, 
    0xff, 0xff, 0xff, 0xff, 0xff, 0xff, 0xff, 0xff, 
    0xff, 0xff, 0xff, 0xff, 0xff, 0xff, 0xff, 0xff, 
    0xff, 0xff, 0xff, 0xff, 0xff, 0xff, 0xff, 0xff, 
    0xff, 0xff, 0xff, 0xff, 0xff, 0xff, 0xff, 0xff, 
    0xff, 0xff, 0xff, 0xff, 0xff, 0xff, 0xff, 0xff, 
    0xff, 0xff, 0xff, 0xff, 0xff, 0xff, 0xff, 0xff, 
    0xff, 0xff, 0xff, 0xff, 0xff, 0xff, 0xff, 0xff, 
    0xff, 0xff, 0xff, 0xff, 0xff, 0xff, 0xff, 0xff, 
    0xff, 0xff, 0xff, 0xff, 0xff, 0xff, 0xff, 0xff, 
    0xff, 0xff, 0xff, 0xff, 0xff, 0xff, 0xff, 0xff, 
    0xff, 0xff, 0xff, 0xff, 0xff, 0xff, 0xff, 0xff, 
    0xff, 0xff, 0xff, 0xff, 0xff, 0xff, 0xff, 0xff, 
    0xff, 0xff, 0xff, 0xff, 0xff, 0xff, 0xff, 0xff, 
    0xff, 0xff, 0xff, 0xff, 0xff, 0xff, 0xff, 0xff, 
    0xff, 0xff, 0xff, 0xff, 0xff, 0xff, 0xff, 0xff, 
    0xff, 0xff, 0xff, 0xff, 0xff, 0xff, 0xff, 0xff, 
    0xff, 0xff, 0xff, 0xff, 0xff, 0xff, 0xff, 0xff, 
    0xff, 0xff, 0xff, 0xff, 0xff, 0xff, 0xff, 0xff, 
    0xff, 0xff, 0xff, 0xff, 0xff, 0xff, 0xff, 0xff, 
    0xff, 0xff, 0xff, 0xff, 0xff, 0xff, 0xff, 0xff, 
    0xff, 0xff, 0xff, 0xff, 0xff, 0xff, 0xff, 0xff, 
    0xff, 0xff, 0xff, 0xff, 0xff, 0xff, 0xff, 0xff, 
    0xff, 0xff, 0xff, 0xff, 0xff, 0xff, 0xff, 0xff, 
    0xff, 0xff, 0xff, 0xff, 0xff, 0xff, 0xff, 0xff, 
    0xff, 0xff, 0xff, 0xff, 0xff, 0xff, 0xff, 0xff, 
    0xff, 0xff, 0xff, 0xff, 0xff, 0xff, 0xff, 0xff, 
    0xff, 0xff, 0xff, 0xff, 0xff, 0xff, 0xff, 0xff, 
    0xff, 0xff, 0xff, 0xff, 0xff, 0xff, 0xff, 0xff, 
    0xff, 0xff, 0xff, 0xff, 0xff, 0xff, 0xff, 0xff, 
    0xff, 0xff, 0xff, 0xff, 0xff, 0xff, 0xff, 0xff, 
    0xff, 0xff, 0xff, 0xff, 0xff, 0xff, 0xff, 0xff, 
    0xff, 0x00, 0x00, 0x00, 0xff, 0xff, 0xff, 0xff, 
    0xff, 0xff, 0xff, 0xff, 0xff, 0xff, 0xff, 0xff, 
    0xff, 0xff, 0xff, 0xff, 0xff, 0xff, 0xff, 0xff, 
    0xff, 0xff, 0x00, 0x00, 0x00, 0xff, 0xff, 0xff, 
    0xff, 0xff, 0xff, 0xff, 0xff, 0xff, 0xff, 0xff, 
    0xff, 0xff, 0xff, 0xff, 0xff, 0xff, 0xff, 0xff, 
    0xff, 0xff, 0xff, 0x00, 0x00, 0x00, 0x00, 0x00, 
    0x00, 0xff, 0xff, 0xff, 0xff, 0xff, 0xff, 0xff, 
    0xff, 0xff, 0xff, 0xff, 0xff, 0xff, 0xff, 0xff, 
    0xff, 0xff, 0xff, 0xff, 0x00, 0x00, 0x00, 0x00, 
    0x00, 0x00, 0x00, 0x00, 0x00, 0xff, 0xff, 0xff, 
    0xff, 0xff, 0xff, 0xff, 0xff, 0xff, 0xff, 0xff, 
    0xff, 0xff, 0xff, 0xff, 0xff, 0x00, 0x00, 0x00, 
    0x00, 0x00, 0x00, 0x00, 0x00, 0x00, 0xff, 0xff, 
    0xff, 0xff, 0xff, 0xff, 0xff, 0xff, 0xff, 0xff, 
    0xff, 0xff, 0xff, 0xff, 0xff, 0xff, 0x00, 0x00, 
    0x00, 0x00, 0x00, 0x00, 0x00, 0x00, 0x00, 0x00, 
    0x00, 0x00, 0xff, 0xff, 0xff, 0xff, 0xff, 0xff, 
    0xff, 0xff, 0xff, 0xff, 0xff, 0xff, 0xff, 0x00, 
    0x00, 0x00, 0x00, 0x00, 0x00, 0x00, 0x00, 0x00, 
    0x00, 0x00, 0x00, 0x00, 0x00, 0x00, 0x00, 0x00, 
    0x00, 0xff, 0xff, 0xff, 0xff, 0xff, 0xff, 0xff, 
    0x00, 0x00, 0x00, 0x00, 0x00, 0x00, 0x00, 0x00, 
    0x00, 0x00, 0x00, 0x00, 0x00, 0x00, 0x00, 0x00, 
    0x00, 0x00, 0x00, 0x00, 0x00, 0xff, 0xff, 0xff, 
    0xff, 0x00, 0x00, 0x00, 0x00, 0x00, 0x00, 0x00, 
    0x00, 0x00, 0x00, 0x00, 0x00, 0x00, 0x00, 0x00, 
    0x00, 0x00, 0x00, 0x00, 0x00, 0x00, 0x00, 0x00, 
    0x00, 0x00, 0x00, 0x00, 0x00, 0x00, 0x00, 0x00, 
    0x00, 0x00, 0x00, 0x00, 0x00, 0x00, 0x00, 0x00, 
    0x00, 0x00, 0x00, 0x00, 0x00, 0x00, 0x00, 0x00, 
    0x00, 0x00, 0x00, 0x00, 0x00, 0x00, 0x00, 0x00, 
    0x00, 0x00, 0x00, 0x00, 0x00, 0x00, 0x00, 0x00, 
    0x00, 0x00, 0x00, 0x00, 0x00, 0x00, 0x00, 0x00, 
    0x00, 0x00, 0x00, 0x00, 0xff, 0xff, 0xff, 0x00, 
    0x00, 0x00, 0x00, 0x00, 0x00, 0x00, 0x00, 0x00, 
    0x00, 0x00, 0x00, 0x00, 0x00, 0x00, 0x00, 0x00, 
    0x00, 0x00, 0x00, 0x00, 0x00, 0xff, 0xff, 0xff, 
    0xff, 0xff, 0xff, 0x00, 0x00, 0x00, 0x00, 0x00, 
    0x00, 0x00, 0x00, 0x00, 0x00, 0x00, 0x00, 0x00, 
    0x00, 0x00, 0x00, 0x00, 0x00, 0x00, 0xff, 0xff, 
    0xff, 0xff, 0xff, 0xff, 0xff, 0xff, 0xff, 0xff, 
    0xff, 0x00, 0x00, 0x00, 0x00, 0x00, 0x00, 0x00, 
    0x00, 0x00, 0x00, 0x00, 0x00, 0x00, 0x00, 0xff, 
    0xff, 0xff, 0xff, 0xff, 0xff, 0xff, 0xff, 0xff, 
    0xff, 0xff, 0xff, 0xff, 0xff, 0x00, 0x00, 0x00, 
    0x00, 0x00, 0x00, 0x00, 0x00, 0x00, 0x00, 0x00, 
    0xff, 0xff, 0xff, 0xff, 0xff, 0xff, 0xff, 0xff, 
    0xff, 0xff, 0xff, 0xff, 0xff, 0xff, 0x00, 0x00, 
    0x00, 0x00, 0x00, 0x00, 0x00, 0x00, 0x00, 0x00, 
    0x00, 0xff, 0xff, 0xff, 0xff, 0xff, 0xff, 0xff, 
    0xff, 0xff, 0xff, 0xff, 0xff, 0xff, 0xff, 0xff, 
    0xff, 0xff, 0x00, 0x00, 0x00, 0x00, 0x00, 0x00, 
    0x00, 0x00, 0xff, 0xff, 0xff, 0xff, 0xff, 0xff, 
    0xff, 0xff, 0xff, 0xff, 0xff, 0xff, 0xff, 0xff, 
    0xff, 0xff, 0xff, 0xff, 0xff, 0xff, 0x00, 0x00, 
    0x00, 0x00, 0x00, 0xff, 0xff, 0xff, 0xff, 0xff, 
    0xff, 0xff, 0xff, 0xff, 0xff, 0xff, 0xff, 0xff, 
    0xff, 0xff, 0xff, 0xff, 0xff, 0xff, 0xff, 0x00, 
    0x00, 0x00, 0x00, 0x00, 0xff, 0xff, 0xff, 0xff, 
    0xff, 0xff, 0xff, 0xff, 0xff, 0xff, 0xff, 0xff, 
    0xff, 0xff, 0xff, 0xff, 0xff, 0xff, 0xff, 0xff, 
    0xff, 0xff, 0xff, 0x00, 0x00, 0xff, 0xff, 0xff, 
    0xff, 0xff, 0xff, 0xff, 0xff, 0xff, 0xff, 0xff, 
    0xff, 0xff, 0xff, 0xff, 0xff, 0xff, 0xff, 0xff, 
    0xff, 0xff, 0xff, 0xff, 0x00, 0x00, 0xff, 0xff, 
    0xff, 0xff, 0xff, 0xff, 0xff, 0xff, 0xff, 0xff, 
    0xff, 0xff, 0xff, 0xff, 0xff, 0xff, 0xff, 0xff, 
    0xff, 0xff, 0xff, 0xff, 0xff, 0x00, 0x00, 0xff, 
    0xff, 0xff, 0xff, 0xff, 0xff, 0xff, 0xff, 0xff, 
    0xff, 0xff, 0xff, 0xff, 0xff, 0xff, 0xff, 0xff, 
    0xff, 0xff, 0xff, 0xff, 0xff, 0xff, 0x00, 0x00, 
    0xff, 0xff, 0xff, 0xff, 0xff, 0xff, 0xff, 0xff, 
    0xff, 0xff, 0xff, 0xff, 0xff, 0xff, 0xff, 0xff, 
    0xff, 0xff, 0xff, 0xff, 0xff, 0xff, 0xff, 0x00, 
    0x00, 0xff, 0xff, 0xff, 0xff, 0xff, 0xff, 0xff, 
    0xff, 0xff, 0xff, 0xff, 0xff, 0xff, 0xff, 0xff, 
    0xff, 0xff, 0xff, 0xff, 0xff, 0xff, 0xff, 0xff, 
    0x00, 0x00, 0xff, 0xff, 0xff, 0xff, 0xff, 0xff, 
    0xff, 0xff, 0xff, 0xff, 0xff, 0xff, 0xff, 0xff, 
    0xff, 0xff, 0xff, 0xff, 0xff, 0xff, 0xff, 0xff, 
    0xff, 0x00, 0x00, 0xff, 0xff, 0xff, 0xff, 0xff, 
    0xff, 0xff, 0xff, 0xff, 0xff, 0xff, 0xff, 0xff, 
    0xff, 0xff, 0xff, 0xff, 0xff, 0xff, 0xff, 0xff, 
    0xff, 0xff, 0x00, 0x00, 0xff, 0xff, 0xff, 0xff, 
    0xff, 0xff, 0xff, 0xff, 0xff, 0xff, 0xff, 0xff, 
    0xff, 0xff, 0xff, 0xff, 0xff, 0xff, 0xff, 0xff, 
    0xff, 0xff, 0xff, 0x00, 0x00, 0xff, 0xff, 0xff, 
    0xff, 0xff, 0xff, 0xff, 0xff, 0xff, 0xff, 0xff, 
    0xff, 0xff, 0xff, 0xff, 0xff, 0xff, 0xff, 0xff, 
    0xff, 0xff, 0xff, 0xff, 0x00, 0x00, 0xff, 0xff, 
    0xff, 0xff, 0xff, 0xff, 0xff, 0xff, 0xff, 0xff, 
    0xff, 0xff, 0xff, 0xff, 0xff, 0xff, 0xff, 0xff, 
    0xff, 0xff, 0xff, 0xff, 0xff, 0x00, 0x00, 0xff, 
    0xff, 0xff, 0xff, 0xff, 0xff, 0xff, 0xff, 0xff, 
    0xff, 0xff, 0xff, 0xff, 0xff, 0xff, 0xff, 0xff, 
    0xff, 0xff, 0xff, 0x00, 0x00, 0x00, 0x00, 0x00, 
    0xff, 0xff, 0xff, 0xff, 0xff, 0xff, 0xff, 0xff, 
    0xff, 0xff, 0xff, 0xff, 0xff, 0xff, 0xff, 0xff, 
    0xff, 0xff, 0xff, 0xff, 0x00, 0x00, 0x00, 0x00, 
    0x00, 0xff, 0xff, 0xff, 0xff, 0xff, 0xff, 0xff, 
    0xff, 0xff, 0xff, 0xff, 0xff, 0xff, 0xff, 0xff, 
    0xff, 0xff, 0x00, 0x00, 0x00, 0x00, 0x00, 0x00, 
    0x00, 0x00, 0xff, 0xff, 0xff, 0xff, 0xff, 0xff, 
    0xff, 0xff, 0xff, 0xff, 0xff, 0xff, 0xff, 0xff, 
    0x00, 0x00, 0x00, 0x00, 0x00, 0x00, 0x00, 0x00, 
    0x00, 0x00, 0x00, 0xff, 0xff, 0xff, 0xff, 0xff, 
    0xff, 0xff, 0xff, 0xff, 0xff, 0xff, 0xff, 0xff, 
    0xff, 0x00, 0x00, 0x00, 0x00, 0x00, 0x00, 0x00, 
    0x00, 0x00, 0x00, 0x00, 0xff, 0xff, 0xff, 0xff, 
    0xff, 0xff, 0xff, 0xff, 0xff, 0xff, 0xff, 0x00, 
    0x00, 0x00, 0x00, 0x00, 0x00, 0x00, 0x00, 0x00, 
    0x00, 0x00, 0x00, 0x00, 0x00, 0xff, 0xff, 0xff, 
    0xff, 0xff, 0xff, 0x00, 0x00, 0x00, 0x00, 0x00, 
    0x00, 0x00, 0x00, 0x00, 0x00, 0x00, 0x00, 0x00, 
    0x00, 0x00, 0x00, 0x00, 0x00, 0x00, 0xff, 0xff, 
    0xff, 0x00, 0x00, 0x00, 0x00, 0x00, 0x00, 0x00, 
    0x00, 0x00, 0x00, 0x00, 0x00, 0x00, 0x00, 0x00, 
    0x00, 0x00, 0x00, 0x00, 0x00, 0x00, 0x00, 0x00, 
    0x00, 0x00, 0x00, 0x00, 0x00, 0x00, 0x00, 0x00, 
    0x00, 0x00, 0x00, 0x00, 0x00, 0x00, 0x00, 0x00, 
    0x00, 0x00, 0x00, 0x00, 0x00, 0x00, 0x00, 0x00, 
    };


/*---------------------
 *  GLYPH DESCRIPTION
 *--------------------*/

static const lv_font_fmt_txt_glyph_dsc_t glyph_dsc[] = {
    {.bitmap_index = 0, .adv_w = 0, .box_w = 0, .box_h = 0, .ofs_x = 0, .ofs_y = 0},
    {.bitmap_index = 0, .adv_w = 65, .box_w = 0, .box_h = 0, .ofs_x = 0, .ofs_y = 6},
    {.bitmap_index = 0, .adv_w = 94, .box_w = 3, .box_h = 13, .ofs_x = 2, .ofs_y = 6},
    {.bitmap_index = 39, .adv_w = 126, .box_w = 6, .box_h = 5, .ofs_x = 1, .ofs_y = 14},
    {.bitmap_index = 69, .adv_w = 143, .box_w = 9, .box_h = 12, .ofs_x = 0, .ofs_y = 6},
    {.bitmap_index = 177, .adv_w = 146, .box_w = 9, .box_h = 16, .ofs_x = 0, .ofs_y = 4},
    {.bitmap_index = 321, .adv_w = 210, .box_w = 13, .box_h = 12, .ofs_x = 0, .ofs_y = 6},
    {.bitmap_index = 477, .adv_w = 203, .box_w = 13, .box_h = 13, .ofs_x = 0, .ofs_y = 6},
    {.bitmap_index = 646, .adv_w = 67, .box_w = 3, .box_h = 5, .ofs_x = 1, .ofs_y = 14},
    {.bitmap_index = 661, .adv_w = 90, .box_w = 5, .box_h = 16, .ofs_x = 0, .ofs_y = 3},
    {.bitmap_index = 741, .adv_w = 90, .box_w = 5, .box_h = 16, .ofs_x = 0, .ofs_y = 3},
    {.bitmap_index = 821, .adv_w = 143, .box_w = 7, .box_h = 8, .ofs_x = 1, .ofs_y = 11},
    {.bitmap_index = 877, .adv_w = 143, .box_w = 9, .box_h = 9, .ofs_x = 0, .ofs_y = 7},
    {.bitmap_index = 958, .adv_w = 74, .box_w = 4, .box_h = 6, .ofs_x = 0, .ofs_y = 3},
    {.bitmap_index = 982, .adv_w = 88, .box_w = 5, .box_h = 2, .ofs_x = 0, .ofs_y = 10},
    {.bitmap_index = 992, .adv_w = 77, .box_w = 3, .box_h = 3, .ofs_x = 1, .ofs_y = 6},
    {.bitmap_index = 1001, .adv_w = 124, .box_w = 8, .box_h = 17, .ofs_x = 0, .ofs_y = 3},
    {.bitmap_index = 1137, .adv_w = 146, .box_w = 9, .box_h = 12, .ofs_x = 0, .ofs_y = 6},
    {.bitmap_index = 1245, .adv_w = 146, .box_w = 8, .box_h = 12, .ofs_x = 1, .ofs_y = 6},
    {.bitmap_index = 1341, .adv_w = 146, .box_w = 9, .box_h = 12, .ofs_x = 0, .ofs_y = 6},
    {.bitmap_index = 1449, .adv_w = 146, .box_w = 9, .box_h = 12, .ofs_x = 0, .ofs_y = 6},
    {.bitmap_index = 1557, .adv_w = 146, .box_w = 9, .box_h = 12, .ofs_x = 0, .ofs_y = 6},
    {.bitmap_index = 1665, .adv_w = 146, .box_w = 9, .box_h = 12, .ofs_x = 0, .ofs_y = 6},
    {.bitmap_index = 1773, .adv_w = 146, .box_w = 9, .box_h = 12, .ofs_x = 0, .ofs_y = 6},
    {.bitmap_index = 1881, .adv_w = 146, .box_w = 9, .box_h = 12, .ofs_x = 0, .ofs_y = 6},
    {.bitmap_index = 1989, .adv_w = 146, .box_w = 9, .box_h = 12, .ofs_x = 0, .ofs_y = 6},
    {.bitmap_index = 2097, .adv_w = 146, .box_w = 9, .box_h = 12, .ofs_x = 0, .ofs_y = 6},
    {.bitmap_index = 2205, .adv_w = 79, .box_w = 3, .box_h = 9, .ofs_x = 1, .ofs_y = 6},
    {.bitmap_index = 2232, .adv_w = 79, .box_w = 4, .box_h = 12, .ofs_x = 0, .ofs_y = 3},
    {.bitmap_index = 2280, .adv_w = 143, .box_w = 9, .box_h = 10, .ofs_x = 0, .ofs_y = 6},
    {.bitmap_index = 2370, .adv_w = 143, .box_w = 9, .box_h = 6, .ofs_x = 0, .ofs_y = 9},
    {.bitmap_index = 2424, .adv_w = 143, .box_w = 9, .box_h = 10, .ofs_x = 0, .ofs_y = 6},
    {.bitmap_index = 2514, .adv_w = 133, .box_w = 7, .box_h = 13, .ofs_x = 1, .ofs_y = 6},
    {.bitmap_index = 2605, .adv_w = 259, .box_w = 16, .box_h = 14, .ofs_x = 0, .ofs_y = 4},
    {.bitmap_index = 2829, .adv_w = 175, .box_w = 11, .box_h = 12, .ofs_x = 0, .ofs_y = 6},
    {.bitmap_index = 2961, .adv_w = 161, .box_w = 9, .box_h = 12, .ofs_x = 1, .ofs_y = 6},
    {.bitmap_index = 3069, .adv_w = 152, .box_w = 10, .box_h = 12, .ofs_x = 0, .ofs_y = 6},
    {.bitmap_index = 3189, .adv_w = 182, .box_w = 10, .box_h = 12, .ofs_x = 1, .ofs_y = 6},
    {.bitmap_index = 3309, .adv_w = 140, .box_w = 7, .box_h = 12, .ofs_x = 1, .ofs_y = 6},
    {.bitmap_index = 3393, .adv_w = 132, .box_w = 7, .box_h = 12, .ofs_x = 1, .ofs_y = 6},
    {.bitmap_index = 3477, .adv_w = 184, .box_w = 11, .box_h = 12, .ofs_x = 0, .ofs_y = 6},
    {.bitmap_index = 3609, .adv_w = 182, .box_w = 10, .box_h = 12, .ofs_x = 1, .ofs_y = 6},
    {.bitmap_index = 3729, .adv_w = 77, .box_w = 3, .box_h = 12, .ofs_x = 1, .ofs_y = 6},
    {.bitmap_index = 3765, .adv_w = 95, .box_w = 5, .box_h = 12, .ofs_x = 0, .ofs_y = 6},
    {.bitmap_index = 3825, .adv_w = 158, .box_w = 9, .box_h = 12, .ofs_x = 1, .ofs_y = 6},
    {.bitmap_index = 3933, .adv_w = 122, .box_w = 7, .box_h = 12, .ofs_x = 1, .ofs_y = 6},
    {.bitmap_index = 4017, .adv_w = 252, .box_w = 14, .box_h = 12, .ofs_x = 1, .ofs_y = 6},
    {.bitmap_index = 4185, .adv_w = 190, .box_w = 10, .box_h = 12, .ofs_x = 1, .ofs_y = 6},
    {.bitmap_index = 4305, .adv_w = 195, .box_w = 12, .box_h = 12, .ofs_x = 0, .ofs_y = 6},
    {.bitmap_index = 4449, .adv_w = 153, .box_w = 9, .box_h = 12, .ofs_x = 1, .ofs_y = 6},
    {.bitmap_index = 4557, .adv_w = 198, .box_w = 13, .box_h = 14, .ofs_x = 0, .ofs_y = 4},
    {.bitmap_index = 4739, .adv_w = 162, .box_w = 9, .box_h = 12, .ofs_x = 1, .ofs_y = 6},
    {.bitmap_index = 4847, .adv_w = 136, .box_w = 8, .box_h = 12, .ofs_x = 0, .ofs_y = 6},
    {.bitmap_index = 4943, .adv_w = 143, .box_w = 9, .box_h = 12, .ofs_x = 0, .ofs_y = 6},
    {.bitmap_index = 5051, .adv_w = 188, .box_w = 10, .box_h = 12, .ofs_x = 1, .ofs_y = 6},
    {.bitmap_index = 5171, .adv_w = 170, .box_w = 11, .box_h = 12, .ofs_x = 0, .ofs_y = 6},
    {.bitmap_index = 5303, .adv_w = 261, .box_w = 16, .box_h = 12, .ofs_x = 0, .ofs_y = 6},
    {.bitmap_index = 5495, .adv_w = 159, .box_w = 10, .box_h = 12, .ofs_x = 0, .ofs_y = 6},
    {.bitmap_index = 5615, .adv_w = 150, .box_w = 10, .box_h = 12, .ofs_x = 0, .ofs_y = 6},
    {.bitmap_index = 5735, .adv_w = 138, .box_w = 9, .box_h = 12, .ofs_x = 0, .ofs_y = 6},
    {.bitmap_index = 5843, .adv_w = 94, .box_w = 5, .box_h = 16, .ofs_x = 1, .ofs_y = 3},
    {.bitmap_index = 5923, .adv_w = 124, .box_w = 8, .box_h = 16, .ofs_x = 0, .ofs_y = 3},
    {.bitmap_index = 6051, .adv_w = 94, .box_w = 5, .box_h = 16, .ofs_x = 0, .ofs_y = 3},
    {.bitmap_index = 6131, .adv_w = 143, .box_w = 9, .box_h = 8, .ofs_x = 0, .ofs_y = 11},
    {.bitmap_index = 6203, .adv_w = 143, .box_w = 11, .box_h = 2, .ofs_x = -1, .ofs_y = 3},
    {.bitmap_index = 6225, .adv_w = 86, .box_w = 5, .box_h = 5, .ofs_x = 0, .ofs_y = 14},
    {.bitmap_index = 6250, .adv_w = 142, .box_w = 8, .box_h = 9, .ofs_x = 0, .ofs_y = 6},
    {.bitmap_index = 6322, .adv_w = 155, .box_w = 8, .box_h = 13, .ofs_x = 1, .ofs_y = 6},
    {.bitmap_index = 6426, .adv_w = 121, .box_w = 8, .box_h = 9, .ofs_x = 0, .ofs_y = 6},
    {.bitmap_index = 6498, .adv_w = 155, .box_w = 9, .box_h = 13, .ofs_x = 0, .ofs_y = 6},
    {.bitmap_index = 6615, .adv_w = 145, .box_w = 9, .box_h = 9, .ofs_x = 0, .ofs_y = 6},
    {.bitmap_index = 6696, .adv_w = 91, .box_w = 6, .box_h = 13, .ofs_x = 0, .ofs_y = 6},
    {.bitmap_index = 6774, .adv_w = 137, .box_w = 9, .box_h = 12, .ofs_x = 0, .ofs_y = 3},
    {.bitmap_index = 6882, .adv_w = 155, .box_w = 8, .box_h = 13, .ofs_x = 1, .ofs_y = 6},
    {.bitmap_index = 6986, .adv_w = 71, .box_w = 4, .box_h = 13, .ofs_x = 0, .ofs_y = 6},
    {.bitmap_index = 7038, .adv_w = 74, .box_w = 5, .box_h = 16, .ofs_x = -1, .ofs_y = 3},
    {.bitmap_index = 7118, .adv_w = 138, .box_w = 8, .box_h = 13, .ofs_x = 1, .ofs_y = 6},
    {.bitmap_index = 7222, .adv_w = 71, .box_w = 3, .box_h = 13, .ofs_x = 1, .ofs_y = 6},
    {.bitmap_index = 7261, .adv_w = 234, .box_w = 13, .box_h = 9, .ofs_x = 1, .ofs_y = 6},
    {.bitmap_index = 7378, .adv_w = 155, .box_w = 8, .box_h = 9, .ofs_x = 1, .ofs_y = 6},
    {.bitmap_index = 7450, .adv_w = 155, .box_w = 10, .box_h = 9, .ofs_x = 0, .ofs_y = 6},
    {.bitmap_index = 7540, .adv_w = 155, .box_w = 8, .box_h = 12, .ofs_x = 1, .ofs_y = 3},
    {.bitmap_index = 7636, .adv_w = 155, .box_w = 9, .box_h = 12, .ofs_x = 0, .ofs_y = 3},
    {.bitmap_index = 7744, .adv_w = 102, .box_w = 6, .box_h = 9, .ofs_x = 1, .ofs_y = 6},
    {.bitmap_index = 7798, .adv_w = 115, .box_w = 7, .box_h = 9, .ofs_x = 0, .ofs_y = 6},
    {.bitmap_index = 7861, .adv_w = 100, .box_w = 6, .box_h = 11, .ofs_x = 0, .ofs_y = 6},
    {.bitmap_index = 7927, .adv_w = 155, .box_w = 8, .box_h = 9, .ofs_x = 1, .ofs_y = 6},
    {.bitmap_index = 7999, .adv_w = 136, .box_w = 9, .box_h = 9, .ofs_x = 0, .ofs_y = 6},
    {.bitmap_index = 8080, .adv_w = 215, .box_w = 14, .box_h = 9, .ofs_x = 0, .ofs_y = 6},
    {.bitmap_index = 8206, .adv_w = 132, .box_w = 8, .box_h = 9, .ofs_x = 0, .ofs_y = 6},
    {.bitmap_index = 8278, .adv_w = 136, .box_w = 9, .box_h = 12, .ofs_x = 0, .ofs_y = 3},
    {.bitmap_index = 8386, .adv_w = 114, .box_w = 7, .box_h = 9, .ofs_x = 0, .ofs_y = 6},
    {.bitmap_index = 8449, .adv_w = 99, .box_w = 6, .box_h = 16, .ofs_x = 0, .ofs_y = 3},
    {.bitmap_index = 8545, .adv_w = 137, .box_w = 3, .box_h = 17, .ofs_x = 3, .ofs_y = 3},
    {.bitmap_index = 8596, .adv_w = 99, .box_w = 7, .box_h = 16, .ofs_x = 0, .ofs_y = 3},
    {.bitmap_index = 8708, .adv_w = 143, .box_w = 9, .box_h = 4, .ofs_x = 0, .ofs_y = 13},
    {.bitmap_index = 8744, .adv_w = 65, .box_w = 0, .box_h = 0, .ofs_x = 0, .ofs_y = 6},
    {.bitmap_index = 8744, .adv_w = 94, .box_w = 3, .box_h = 13, .ofs_x = 1, .ofs_y = 4},
    {.bitmap_index = 8783, .adv_w = 143, .box_w = 7, .box_h = 12, .ofs_x = 1, .ofs_y = 6},
    {.bitmap_index = 8867, .adv_w = 146, .box_w = 9, .box_h = 12, .ofs_x = 0, .ofs_y = 6},
    {.bitmap_index = 8975, .adv_w = 143, .box_w = 9, .box_h = 11, .ofs_x = 0, .ofs_y = 6},
    {.bitmap_index = 9074, .adv_w = 146, .box_w = 9, .box_h = 12, .ofs_x = 0, .ofs_y = 6},
    {.bitmap_index = 9182, .adv_w = 143, .box_w = 3, .box_h = 17, .ofs_x = 3, .ofs_y = 3},
    {.bitmap_index = 9233, .adv_w = 143, .box_w = 9, .box_h = 15, .ofs_x = 0, .ofs_y = 3},
    {.bitmap_index = 9368, .adv_w = 119, .box_w = 7, .box_h = 5, .ofs_x = 0, .ofs_y = 14},
    {.bitmap_index = 9403, .adv_w = 240, .box_w = 13, .box_h = 15, .ofs_x = 1, .ofs_y = 5},
    {.bitmap_index = 9598, .adv_w = 120, .box_w = 7, .box_h = 9, .ofs_x = 0, .ofs_y = 9},
    {.bitmap_index = 9661, .adv_w = 155, .box_w = 9, .box_h = 8, .ofs_x = 0, .ofs_y = 7},
    {.bitmap_index = 9733, .adv_w = 143, .box_w = 9, .box_h = 5, .ofs_x = 0, .ofs_y = 8},
    {.bitmap_index = 9778, .adv_w = 88, .box_w = 5, .box_h = 2, .ofs_x = 0, .ofs_y = 10},
    {.bitmap_index = 9788, .adv_w = 146, .box_w = 9, .box_h = 8, .ofs_x = 0, .ofs_y = 12},
    {.bitmap_index = 9860, .adv_w = 112, .box_w = 7, .box_h = 4, .ofs_x = 0, .ofs_y = 14},
    {.bitmap_index = 9888, .adv_w = 99, .box_w = 6, .box_h = 6, .ofs_x = 0, .ofs_y = 13},
    {.bitmap_index = 9924, .adv_w = 143, .box_w = 9, .box_h = 11, .ofs_x = 0, .ofs_y = 6},
    {.bitmap_index = 10023, .adv_w = 97, .box_w = 6, .box_h = 7, .ofs_x = 0, .ofs_y = 13},
    {.bitmap_index = 10065, .adv_w = 97, .box_w = 6, .box_h = 7, .ofs_x = 0, .ofs_y = 13},
    {.bitmap_index = 10107, .adv_w = 87, .box_w = 5, .box_h = 5, .ofs_x = 0, .ofs_y = 14},
    {.bitmap_index = 10132, .adv_w = 162, .box_w = 10, .box_h = 12, .ofs_x = 1, .ofs_y = 3},
    {.bitmap_index = 10252, .adv_w = 172, .box_w = 10, .box_h = 15, .ofs_x = 0, .ofs_y = 3},
    {.bitmap_index = 10402, .adv_w = 77, .box_w = 3, .box_h = 3, .ofs_x = 1, .ofs_y = 10},
    {.bitmap_index = 10411, .adv_w = 87, .box_w = 5, .box_h = 4, .ofs_x = 0, .ofs_y = 3},
    {.bitmap_index = 10431, .adv_w = 73, .box_w = 4, .box_h = 7, .ofs_x = 0, .ofs_y = 13},
    {.bitmap_index = 10459, .adv_w = 125, .box_w = 7, .box_h = 9, .ofs_x = 0, .ofs_y = 9},
    {.bitmap_index = 10522, .adv_w = 155, .box_w = 8, .box_h = 8, .ofs_x = 1, .ofs_y = 7},
    {.bitmap_index = 10586, .adv_w = 189, .box_w = 12, .box_h = 13, .ofs_x = 0, .ofs_y = 5},
    {.bitmap_index = 10742, .adv_w = 199, .box_w = 12, .box_h = 13, .ofs_x = 0, .ofs_y = 5},
    {.bitmap_index = 10898, .adv_w = 202, .box_w = 13, .box_h = 14, .ofs_x = 0, .ofs_y = 5},
    {.bitmap_index = 11080, .adv_w = 133, .box_w = 8, .box_h = 13, .ofs_x = 0, .ofs_y = 4},
    {.bitmap_index = 11184, .adv_w = 175, .box_w = 11, .box_h = 16, .ofs_x = 0, .ofs_y = 6},
    {.bitmap_index = 11360, .adv_w = 175, .box_w = 11, .box_h = 16, .ofs_x = 0, .ofs_y = 6},
    {.bitmap_index = 11536, .adv_w = 175, .box_w = 11, .box_h = 16, .ofs_x = 0, .ofs_y = 6},
    {.bitmap_index = 11712, .adv_w = 175, .box_w = 11, .box_h = 15, .ofs_x = 0, .ofs_y = 6},
    {.bitmap_index = 11877, .adv_w = 175, .box_w = 11, .box_h = 16, .ofs_x = 0, .ofs_y = 6},
    {.bitmap_index = 12053, .adv_w = 175, .box_w = 11, .box_h = 16, .ofs_x = 0, .ofs_y = 6},
    {.bitmap_index = 12229, .adv_w = 223, .box_w = 15, .box_h = 12, .ofs_x = -1, .ofs_y = 6},
    {.bitmap_index = 12409, .adv_w = 152, .box_w = 10, .box_h = 15, .ofs_x = 0, .ofs_y = 3},
    {.bitmap_index = 12559, .adv_w = 140, .box_w = 8, .box_h = 16, .ofs_x = 0, .ofs_y = 6},
    {.bitmap_index = 12687, .adv_w = 140, .box_w = 7, .box_h = 16, .ofs_x = 1, .ofs_y = 6},
    {.bitmap_index = 12799, .adv_w = 140, .box_w = 8, .box_h = 16, .ofs_x = 0, .ofs_y = 6},
    {.bitmap_index = 12927, .adv_w = 140, .box_w = 8, .box_h = 16, .ofs_x = 0, .ofs_y = 6},
    {.bitmap_index = 13055, .adv_w = 77, .box_w = 6, .box_h = 16, .ofs_x = -2, .ofs_y = 6},
    {.bitmap_index = 13151, .adv_w = 77, .box_w = 6, .box_h = 16, .ofs_x = 0, .ofs_y = 6},
    {.bitmap_index = 13247, .adv_w = 77, .box_w = 8, .box_h = 16, .ofs_x = -2, .ofs_y = 6},
    {.bitmap_index = 13375, .adv_w = 77, .box_w = 8, .box_h = 16, .ofs_x = -2, .ofs_y = 6},
    {.bitmap_index = 13503, .adv_w = 184, .box_w = 11, .box_h = 12, .ofs_x = 0, .ofs_y = 6},
    {.bitmap_index = 13635, .adv_w = 190, .box_w = 10, .box_h = 15, .ofs_x = 1, .ofs_y = 6},
    {.bitmap_index = 13785, .adv_w = 195, .box_w = 12, .box_h = 16, .ofs_x = 0, .ofs_y = 6},
    {.bitmap_index = 13977, .adv_w = 195, .box_w = 12, .box_h = 16, .ofs_x = 0, .ofs_y = 6},
    {.bitmap_index = 14169, .adv_w = 195, .box_w = 12, .box_h = 16, .ofs_x = 0, .ofs_y = 6},
    {.bitmap_index = 14361, .adv_w = 195, .box_w = 12, .box_h = 16, .ofs_x = 0, .ofs_y = 6},
    {.bitmap_index = 14553, .adv_w = 195, .box_w = 12, .box_h = 16, .ofs_x = 0, .ofs_y = 6},
    {.bitmap_index = 14745, .adv_w = 143, .box_w = 9, .box_h = 8, .ofs_x = 0, .ofs_y = 7},
    {.bitmap_index = 14817, .adv_w = 196, .box_w = 12, .box_h = 16, .ofs_x = 0, .ofs_y = 4},
    {.bitmap_index = 15009, .adv_w = 188, .box_w = 10, .box_h = 16, .ofs_x = 1, .ofs_y = 6},
    {.bitmap_index = 15169, .adv_w = 188, .box_w = 10, .box_h = 16, .ofs_x = 1, .ofs_y = 6},
    {.bitmap_index = 15329, .adv_w = 188, .box_w = 10, .box_h = 16, .ofs_x = 1, .ofs_y = 6},
    {.bitmap_index = 15489, .adv_w = 188, .box_w = 10, .box_h = 16, .ofs_x = 1, .ofs_y = 6},
    {.bitmap_index = 15649, .adv_w = 150, .box_w = 10, .box_h = 16, .ofs_x = 0, .ofs_y = 6},
    {.bitmap_index = 15809, .adv_w = 153, .box_w = 9, .box_h = 12, .ofs_x = 1, .ofs_y = 6},
    {.bitmap_index = 15917, .adv_w = 160, .box_w = 9, .box_h = 13, .ofs_x = 1, .ofs_y = 6},
    {.bitmap_index = 16034, .adv_w = 142, .box_w = 8, .box_h = 13, .ofs_x = 0, .ofs_y = 6},
    {.bitmap_index = 16138, .adv_w = 142, .box_w = 8, .box_h = 13, .ofs_x = 0, .ofs_y = 6},
    {.bitmap_index = 16242, .adv_w = 142, .box_w = 8, .box_h = 13, .ofs_x = 0, .ofs_y = 6},
    {.bitmap_index = 16346, .adv_w = 142, .box_w = 8, .box_h = 13, .ofs_x = 0, .ofs_y = 6},
    {.bitmap_index = 16450, .adv_w = 142, .box_w = 8, .box_h = 12, .ofs_x = 0, .ofs_y = 6},
    {.bitmap_index = 16546, .adv_w = 142, .box_w = 8, .box_h = 13, .ofs_x = 0, .ofs_y = 6},
    {.bitmap_index = 16650, .adv_w = 223, .box_w = 14, .box_h = 9, .ofs_x = 0, .ofs_y = 6},
    {.bitmap_index = 16776, .adv_w = 121, .box_w = 8, .box_h = 12, .ofs_x = 0, .ofs_y = 3},
    {.bitmap_index = 16872, .adv_w = 145, .box_w = 9, .box_h = 13, .ofs_x = 0, .ofs_y = 6},
    {.bitmap_index = 16989, .adv_w = 145, .box_w = 9, .box_h = 13, .ofs_x = 0, .ofs_y = 6},
    {.bitmap_index = 17106, .adv_w = 145, .box_w = 9, .box_h = 13, .ofs_x = 0, .ofs_y = 6},
    {.bitmap_index = 17223, .adv_w = 145, .box_w = 9, .box_h = 12, .ofs_x = 0, .ofs_y = 6},
    {.bitmap_index = 17331, .adv_w = 71, .box_w = 6, .box_h = 13, .ofs_x = -2, .ofs_y = 6},
    {.bitmap_index = 17409, .adv_w = 71, .box_w = 5, .box_h = 13, .ofs_x = 0, .ofs_y = 6},
    {.bitmap_index = 17474, .adv_w = 71, .box_w = 7, .box_h = 13, .ofs_x = -2, .ofs_y = 6},
    {.bitmap_index = 17565, .adv_w = 71, .box_w = 7, .box_h = 12, .ofs_x = -2, .ofs_y = 6},
    {.bitmap_index = 17649, .adv_w = 155, .box_w = 9, .box_h = 13, .ofs_x = 0, .ofs_y = 6},
    {.bitmap_index = 17766, .adv_w = 155, .box_w = 9, .box_h = 13, .ofs_x = 0, .ofs_y = 6},
    {.bitmap_index = 17883, .adv_w = 155, .box_w = 10, .box_h = 13, .ofs_x = 0, .ofs_y = 6},
    {.bitmap_index = 18013, .adv_w = 155, .box_w = 10, .box_h = 13, .ofs_x = 0, .ofs_y = 6},
    {.bitmap_index = 18143, .adv_w = 155, .box_w = 10, .box_h = 13, .ofs_x = 0, .ofs_y = 6},
    {.bitmap_index = 18273, .adv_w = 155, .box_w = 10, .box_h = 13, .ofs_x = 0, .ofs_y = 6},
    {.bitmap_index = 18403, .adv_w = 155, .box_w = 10, .box_h = 12, .ofs_x = 0, .ofs_y = 6},
    {.bitmap_index = 18523, .adv_w = 143, .box_w = 9, .box_h = 10, .ofs_x = 0, .ofs_y = 6},
    {.bitmap_index = 18613, .adv_w = 157, .box_w = 10, .box_h = 13, .ofs_x = 0, .ofs_y = 4},
    {.bitmap_index = 18743, .adv_w = 155, .box_w = 8, .box_h = 13, .ofs_x = 1, .ofs_y = 6},
    {.bitmap_index = 18847, .adv_w = 155, .box_w = 8, .box_h = 13, .ofs_x = 1, .ofs_y = 6},
    {.bitmap_index = 18951, .adv_w = 155, .box_w = 8, .box_h = 13, .ofs_x = 1, .ofs_y = 6},
    {.bitmap_index = 19055, .adv_w = 155, .box_w = 8, .box_h = 12, .ofs_x = 1, .ofs_y = 6},
    {.bitmap_index = 19151, .adv_w = 136, .box_w = 9, .box_h = 16, .ofs_x = 0, .ofs_y = 3},
    {.bitmap_index = 19295, .adv_w = 155, .box_w = 8, .box_h = 16, .ofs_x = 1, .ofs_y = 3},
    {.bitmap_index = 19423, .adv_w = 136, .box_w = 9, .box_h = 15, .ofs_x = 0, .ofs_y = 3},
    {.bitmap_index = 19558, .adv_w = 60, .box_w = 12, .box_h = 30, .ofs_x = -3, .ofs_y = -2},
    {.bitmap_index = 19918, .adv_w = 106, .box_w = 9, .box_h = 30, .ofs_x = -1, .ofs_y = -2},
    {.bitmap_index = 20188, .adv_w = 138, .box_w = 12, .box_h = 30, .ofs_x = -2, .ofs_y = -2},
    {.bitmap_index = 20548, .adv_w = 155, .box_w = 15, .box_h = 30, .ofs_x = -3, .ofs_y = -2},
    {.bitmap_index = 20998, .adv_w = 158, .box_w = 15, .box_h = 30, .ofs_x = -3, .ofs_y = -2},
    {.bitmap_index = 21448, .adv_w = 222, .box_w = 19, .box_h = 30, .ofs_x = -3, .ofs_y = -2},
    {.bitmap_index = 22018, .adv_w = 215, .box_w = 19, .box_h = 30, .ofs_x = -3, .ofs_y = -2},
    {.bitmap_index = 22588, .adv_w = 79, .box_w = 9, .box_h = 30, .ofs_x = -2, .ofs_y = -2},
    {.bitmap_index = 22858, .adv_w = 102, .box_w = 11, .box_h = 30, .ofs_x = -3, .ofs_y = -2},
    {.bitmap_index = 23188, .adv_w = 102, .box_w = 11, .box_h = 30, .ofs_x = -3, .ofs_y = -2},
    {.bitmap_index = 23518, .adv_w = 155, .box_w = 13, .box_h = 30, .ofs_x = -2, .ofs_y = -2},
    {.bitmap_index = 23908, .adv_w = 155, .box_w = 15, .box_h = 30, .ofs_x = -3, .ofs_y = -2},
    {.bitmap_index = 24358, .adv_w = 86, .box_w = 10, .box_h = 30, .ofs_x = -3, .ofs_y = -2},
    {.bitmap_index = 24658, .adv_w = 100, .box_w = 11, .box_h = 30, .ofs_x = -3, .ofs_y = -2},
    {.bitmap_index = 24988, .adv_w = 89, .box_w = 9, .box_h = 30, .ofs_x = -2, .ofs_y = -2},
    {.bitmap_index = 25258, .adv_w = 136, .box_w = 14, .box_h = 30, .ofs_x = -3, .ofs_y = -2},
    {.bitmap_index = 25678, .adv_w = 158, .box_w = 15, .box_h = 30, .ofs_x = -3, .ofs_y = -2},
    {.bitmap_index = 26128, .adv_w = 158, .box_w = 14, .box_h = 30, .ofs_x = -2, .ofs_y = -2},
    {.bitmap_index = 26548, .adv_w = 158, .box_w = 15, .box_h = 30, .ofs_x = -3, .ofs_y = -2},
    {.bitmap_index = 26998, .adv_w = 158, .box_w = 15, .box_h = 30, .ofs_x = -3, .ofs_y = -2},
    {.bitmap_index = 27448, .adv_w = 158, .box_w = 15, .box_h = 30, .ofs_x = -3, .ofs_y = -2},
    {.bitmap_index = 27898, .adv_w = 158, .box_w = 15, .box_h = 30, .ofs_x = -3, .ofs_y = -2},
    {.bitmap_index = 28348, .adv_w = 158, .box_w = 15, .box_h = 30, .ofs_x = -3, .ofs_y = -2},
    {.bitmap_index = 28798, .adv_w = 158, .box_w = 15, .box_h = 30, .ofs_x = -3, .ofs_y = -2},
    {.bitmap_index = 29248, .adv_w = 158, .box_w = 15, .box_h = 30, .ofs_x = -3, .ofs_y = -2},
    {.bitmap_index = 29698, .adv_w = 158, .box_w = 15, .box_h = 30, .ofs_x = -3, .ofs_y = -2},
    {.bitmap_index = 30148, .adv_w = 91, .box_w = 9, .box_h = 30, .ofs_x = -2, .ofs_y = -2},
    {.bitmap_index = 30418, .adv_w = 91, .box_w = 10, .box_h = 30, .ofs_x = -3, .ofs_y = -2},
    {.bitmap_index = 30718, .adv_w = 155, .box_w = 15, .box_h = 30, .ofs_x = -3, .ofs_y = -2},
    {.bitmap_index = 31168, .adv_w = 155, .box_w = 15, .box_h = 30, .ofs_x = -3, .ofs_y = -2},
    {.bitmap_index = 31618, .adv_w = 155, .box_w = 15, .box_h = 30, .ofs_x = -3, .ofs_y = -2},
    {.bitmap_index = 32068, .adv_w = 145, .box_w = 13, .box_h = 30, .ofs_x = -2, .ofs_y = -2},
    {.bitmap_index = 32458, .adv_w = 271, .box_w = 22, .box_h = 30, .ofs_x = -3, .ofs_y = -2},
    {.bitmap_index = 33118, .adv_w = 187, .box_w = 17, .box_h = 30, .ofs_x = -3, .ofs_y = -2},
    {.bitmap_index = 33628, .adv_w = 173, .box_w = 15, .box_h = 30, .ofs_x = -2, .ofs_y = -2},
    {.bitmap_index = 34078, .adv_w = 164, .box_w = 16, .box_h = 30, .ofs_x = -3, .ofs_y = -2},
    {.bitmap_index = 34558, .adv_w = 194, .box_w = 16, .box_h = 30, .ofs_x = -2, .ofs_y = -2},
    {.bitmap_index = 35038, .adv_w = 152, .box_w = 13, .box_h = 30, .ofs_x = -2, .ofs_y = -2},
    {.bitmap_index = 35428, .adv_w = 144, .box_w = 13, .box_h = 30, .ofs_x = -2, .ofs_y = -2},
    {.bitmap_index = 35818, .adv_w = 196, .box_w = 17, .box_h = 30, .ofs_x = -3, .ofs_y = -2},
    {.bitmap_index = 36328, .adv_w = 194, .box_w = 16, .box_h = 30, .ofs_x = -2, .ofs_y = -2},
    {.bitmap_index = 36808, .adv_w = 89, .box_w = 9, .box_h = 30, .ofs_x = -2, .ofs_y = -2},
    {.bitmap_index = 37078, .adv_w = 107, .box_w = 11, .box_h = 30, .ofs_x = -3, .ofs_y = -2},
    {.bitmap_index = 37408, .adv_w = 170, .box_w = 15, .box_h = 30, .ofs_x = -2, .ofs_y = -2},
    {.bitmap_index = 37858, .adv_w = 134, .box_w = 13, .box_h = 30, .ofs_x = -2, .ofs_y = -2},
    {.bitmap_index = 38248, .adv_w = 264, .box_w = 20, .box_h = 30, .ofs_x = -2, .ofs_y = -2},
    {.bitmap_index = 38848, .adv_w = 202, .box_w = 16, .box_h = 30, .ofs_x = -2, .ofs_y = -2},
    {.bitmap_index = 39328, .adv_w = 207, .box_w = 18, .box_h = 30, .ofs_x = -3, .ofs_y = -2},
    {.bitmap_index = 39868, .adv_w = 165, .box_w = 15, .box_h = 30, .ofs_x = -2, .ofs_y = -2},
    {.bitmap_index = 40318, .adv_w = 210, .box_w = 19, .box_h = 30, .ofs_x = -3, .ofs_y = -2},
    {.bitmap_index = 40888, .adv_w = 174, .box_w = 15, .box_h = 30, .ofs_x = -2, .ofs_y = -2},
    {.bitmap_index = 41338, .adv_w = 148, .box_w = 14, .box_h = 30, .ofs_x = -3, .ofs_y = -2},
    {.bitmap_index = 41758, .adv_w = 155, .box_w = 15, .box_h = 30, .ofs_x = -3, .ofs_y = -2},
    {.bitmap_index = 42208, .adv_w = 200, .box_w = 16, .box_h = 30, .ofs_x = -2, .ofs_y = -2},
    {.bitmap_index = 42688, .adv_w = 182, .box_w = 17, .box_h = 30, .ofs_x = -3, .ofs_y = -2},
    {.bitmap_index = 43198, .adv_w = 273, .box_w = 22, .box_h = 30, .ofs_x = -3, .ofs_y = -2},
    {.bitmap_index = 43858, .adv_w = 171, .box_w = 16, .box_h = 30, .ofs_x = -3, .ofs_y = -2},
    {.bitmap_index = 44338, .adv_w = 162, .box_w = 16, .box_h = 30, .ofs_x = -3, .ofs_y = -2},
    {.bitmap_index = 44818, .adv_w = 150, .box_w = 15, .box_h = 30, .ofs_x = -3, .ofs_y = -2},
    {.bitmap_index = 45268, .adv_w = 106, .box_w = 11, .box_h = 30, .ofs_x = -2, .ofs_y = -2},
    {.bitmap_index = 45598, .adv_w = 136, .box_w = 14, .box_h = 30, .ofs_x = -3, .ofs_y = -2},
    {.bitmap_index = 46018, .adv_w = 106, .box_w = 11, .box_h = 30, .ofs_x = -3, .ofs_y = -2},
    {.bitmap_index = 46348, .adv_w = 155, .box_w = 15, .box_h = 30, .ofs_x = -3, .ofs_y = -2},
    {.bitmap_index = 46798, .adv_w = 155, .box_w = 17, .box_h = 30, .ofs_x = -4, .ofs_y = -2},
    {.bitmap_index = 47308, .adv_w = 98, .box_w = 11, .box_h = 30, .ofs_x = -3, .ofs_y = -2},
    {.bitmap_index = 47638, .adv_w = 154, .box_w = 14, .box_h = 30, .ofs_x = -3, .ofs_y = -2},
    {.bitmap_index = 48058, .adv_w = 167, .box_w = 14, .box_h = 30, .ofs_x = -2, .ofs_y = -2},
    {.bitmap_index = 48478, .adv_w = 133, .box_w = 14, .box_h = 30, .ofs_x = -3, .ofs_y = -2},
    {.bitmap_index = 48898, .adv_w = 167, .box_w = 15, .box_h = 30, .ofs_x = -3, .ofs_y = -2},
    {.bitmap_index = 49348, .adv_w = 157, .box_w = 15, .box_h = 30, .ofs_x = -3, .ofs_y = -2},
    {.bitmap_index = 49798, .adv_w = 103, .box_w = 12, .box_h = 30, .ofs_x = -3, .ofs_y = -2},
    {.bitmap_index = 50158, .adv_w = 149, .box_w = 15, .box_h = 30, .ofs_x = -3, .ofs_y = -2},
    {.bitmap_index = 50608, .adv_w = 167, .box_w = 14, .box_h = 30, .ofs_x = -2, .ofs_y = -2},
    {.bitmap_index = 51028, .adv_w = 83, .box_w = 10, .box_h = 30, .ofs_x = -3, .ofs_y = -2},
    {.bitmap_index = 51328, .adv_w = 86, .box_w = 11, .box_h = 30, .ofs_x = -4, .ofs_y = -2},
    {.bitmap_index = 51658, .adv_w = 150, .box_w = 14, .box_h = 30, .ofs_x = -2, .ofs_y = -2},
    {.bitmap_index = 52078, .adv_w = 83, .box_w = 9, .box_h = 30, .ofs_x = -2, .ofs_y = -2},
    {.bitmap_index = 52348, .adv_w = 246, .box_w = 19, .box_h = 30, .ofs_x = -2, .ofs_y = -2},
    {.bitmap_index = 52918, .adv_w = 167, .box_w = 14, .box_h = 30, .ofs_x = -2, .ofs_y = -2},
    {.bitmap_index = 53338, .adv_w = 167, .box_w = 16, .box_h = 30, .ofs_x = -3, .ofs_y = -2},
    {.bitmap_index = 53818, .adv_w = 167, .box_w = 14, .box_h = 30, .ofs_x = -2, .ofs_y = -2},
    {.bitmap_index = 54238, .adv_w = 167, .box_w = 15, .box_h = 30, .ofs_x = -3, .ofs_y = -2},
    {.bitmap_index = 54688, .adv_w = 114, .box_w = 12, .box_h = 30, .ofs_x = -2, .ofs_y = -2},
    {.bitmap_index = 55048, .adv_w = 127, .box_w = 13, .box_h = 30, .ofs_x = -3, .ofs_y = -2},
    {.bitmap_index = 55438, .adv_w = 112, .box_w = 12, .box_h = 30, .ofs_x = -3, .ofs_y = -2},
    {.bitmap_index = 55798, .adv_w = 167, .box_w = 14, .box_h = 30, .ofs_x = -2, .ofs_y = -2},
    {.bitmap_index = 56218, .adv_w = 148, .box_w = 15, .box_h = 30, .ofs_x = -3, .ofs_y = -2},
    {.bitmap_index = 56668, .adv_w = 227, .box_w = 20, .box_h = 30, .ofs_x = -3, .ofs_y = -2},
    {.bitmap_index = 57268, .adv_w = 144, .box_w = 14, .box_h = 30, .ofs_x = -3, .ofs_y = -2},
    {.bitmap_index = 57688, .adv_w = 148, .box_w = 15, .box_h = 30, .ofs_x = -3, .ofs_y = -2},
    {.bitmap_index = 58138, .adv_w = 126, .box_w = 13, .box_h = 30, .ofs_x = -3, .ofs_y = -2},
    {.bitmap_index = 58528, .adv_w = 111, .box_w = 12, .box_h = 30, .ofs_x = -3, .ofs_y = -2},
    {.bitmap_index = 58888, .adv_w = 149, .box_w = 9, .box_h = 30, .ofs_x = 0, .ofs_y = -2},
    {.bitmap_index = 59158, .adv_w = 111, .box_w = 13, .box_h = 30, .ofs_x = -3, .ofs_y = -2},
    {.bitmap_index = 59548, .adv_w = 155, .box_w = 15, .box_h = 30, .ofs_x = -3, .ofs_y = -2},
    {.bitmap_index = 59998, .adv_w = 60, .box_w = 12, .box_h = 30, .ofs_x = -3, .ofs_y = -2},
    {.bitmap_index = 60358, .adv_w = 106, .box_w = 9, .box_h = 30, .ofs_x = -2, .ofs_y = -2},
    {.bitmap_index = 60628, .adv_w = 155, .box_w = 13, .box_h = 30, .ofs_x = -2, .ofs_y = -2},
    {.bitmap_index = 61018, .adv_w = 158, .box_w = 15, .box_h = 30, .ofs_x = -3, .ofs_y = -2},
    {.bitmap_index = 61468, .adv_w = 155, .box_w = 15, .box_h = 30, .ofs_x = -3, .ofs_y = -2},
    {.bitmap_index = 61918, .adv_w = 158, .box_w = 15, .box_h = 30, .ofs_x = -3, .ofs_y = -2},
    {.bitmap_index = 62368, .adv_w = 155, .box_w = 9, .box_h = 30, .ofs_x = 0, .ofs_y = -2},
    {.bitmap_index = 62638, .adv_w = 155, .box_w = 15, .box_h = 30, .ofs_x = -3, .ofs_y = -2},
    {.bitmap_index = 63088, .adv_w = 131, .box_w = 13, .box_h = 30, .ofs_x = -3, .ofs_y = -2},
    {.bitmap_index = 63478, .adv_w = 252, .box_w = 19, .box_h = 30, .ofs_x = -2, .ofs_y = -2},
    {.bitmap_index = 64048, .adv_w = 132, .box_w = 13, .box_h = 30, .ofs_x = -3, .ofs_y = -2},
    {.bitmap_index = 64438, .adv_w = 167, .box_w = 15, .box_h = 30, .ofs_x = -3, .ofs_y = -2},
    {.bitmap_index = 64888, .adv_w = 155, .box_w = 15, .box_h = 30, .ofs_x = -3, .ofs_y = -2},
    {.bitmap_index = 65338, .adv_w = 100, .box_w = 11, .box_h = 30, .ofs_x = -3, .ofs_y = -2},
    {.bitmap_index = 65668, .adv_w = 158, .box_w = 15, .box_h = 30, .ofs_x = -3, .ofs_y = -2},
    {.bitmap_index = 66118, .adv_w = 124, .box_w = 13, .box_h = 30, .ofs_x = -3, .ofs_y = -2},
    {.bitmap_index = 66508, .adv_w = 111, .box_w = 12, .box_h = 30, .ofs_x = -3, .ofs_y = -2},
    {.bitmap_index = 66868, .adv_w = 155, .box_w = 15, .box_h = 30, .ofs_x = -3, .ofs_y = -2},
    {.bitmap_index = 67318, .adv_w = 109, .box_w = 12, .box_h = 30, .ofs_x = -3, .ofs_y = -2},
    {.bitmap_index = 67678, .adv_w = 109, .box_w = 12, .box_h = 30, .ofs_x = -3, .ofs_y = -2},
    {.bitmap_index = 68038, .adv_w = 99, .box_w = 11, .box_h = 30, .ofs_x = -3, .ofs_y = -2},
    {.bitmap_index = 68368, .adv_w = 174, .box_w = 16, .box_h = 30, .ofs_x = -2, .ofs_y = -2},
    {.bitmap_index = 68848, .adv_w = 184, .box_w = 16, .box_h = 30, .ofs_x = -3, .ofs_y = -2},
    {.bitmap_index = 69328, .adv_w = 89, .box_w = 9, .box_h = 30, .ofs_x = -2, .ofs_y = -2},
    {.bitmap_index = 69598, .adv_w = 99, .box_w = 11, .box_h = 30, .ofs_x = -3, .ofs_y = -2},
    {.bitmap_index = 69928, .adv_w = 85, .box_w = 10, .box_h = 30, .ofs_x = -3, .ofs_y = -2},
    {.bitmap_index = 70228, .adv_w = 137, .box_w = 13, .box_h = 30, .ofs_x = -3, .ofs_y = -2},
    {.bitmap_index = 70618, .adv_w = 167, .box_w = 14, .box_h = 30, .ofs_x = -2, .ofs_y = -2},
    {.bitmap_index = 71038, .adv_w = 201, .box_w = 18, .box_h = 30, .ofs_x = -3, .ofs_y = -2},
    {.bitmap_index = 71578, .adv_w = 211, .box_w = 18, .box_h = 30, .ofs_x = -3, .ofs_y = -2},
    {.bitmap_index = 72118, .adv_w = 214, .box_w = 19, .box_h = 30, .ofs_x = -3, .ofs_y = -2},
    {.bitmap_index = 72688, .adv_w = 145, .box_w = 14, .box_h = 30, .ofs_x = -3, .ofs_y = -2},
    {.bitmap_index = 73108, .adv_w = 187, .box_w = 17, .box_h = 30, .ofs_x = -3, .ofs_y = -2},
    {.bitmap_index = 73618, .adv_w = 187, .box_w = 17, .box_h = 30, .ofs_x = -3, .ofs_y = -2},
    {.bitmap_index = 74128, .adv_w = 187, .box_w = 17, .box_h = 30, .ofs_x = -3, .ofs_y = -2},
    {.bitmap_index = 74638, .adv_w = 187, .box_w = 17, .box_h = 30, .ofs_x = -3, .ofs_y = -2},
    {.bitmap_index = 75148, .adv_w = 187, .box_w = 17, .box_h = 30, .ofs_x = -3, .ofs_y = -2},
    {.bitmap_index = 75658, .adv_w = 187, .box_w = 17, .box_h = 30, .ofs_x = -3, .ofs_y = -2},
    {.bitmap_index = 76168, .adv_w = 235, .box_w = 21, .box_h = 30, .ofs_x = -4, .ofs_y = -2},
    {.bitmap_index = 76798, .adv_w = 164, .box_w = 16, .box_h = 30, .ofs_x = -3, .ofs_y = -2},
    {.bitmap_index = 77278, .adv_w = 152, .box_w = 14, .box_h = 30, .ofs_x = -3, .ofs_y = -2},
    {.bitmap_index = 77698, .adv_w = 152, .box_w = 13, .box_h = 30, .ofs_x = -2, .ofs_y = -2},
    {.bitmap_index = 78088, .adv_w = 152, .box_w = 14, .box_h = 30, .ofs_x = -3, .ofs_y = -2},
    {.bitmap_index = 78508, .adv_w = 152, .box_w = 14, .box_h = 30, .ofs_x = -3, .ofs_y = -2},
    {.bitmap_index = 78928, .adv_w = 89, .box_w = 12, .box_h = 30, .ofs_x = -5, .ofs_y = -2},
    {.bitmap_index = 79288, .adv_w = 89, .box_w = 12, .box_h = 30, .ofs_x = -3, .ofs_y = -2},
    {.bitmap_index = 79648, .adv_w = 89, .box_w = 14, .box_h = 30, .ofs_x = -5, .ofs_y = -2},
    {.bitmap_index = 80068, .adv_w = 89, .box_w = 14, .box_h = 30, .ofs_x = -5, .ofs_y = -2},
    {.bitmap_index = 80488, .adv_w = 196, .box_w = 17, .box_h = 30, .ofs_x = -3, .ofs_y = -2},
    {.bitmap_index = 80998, .adv_w = 202, .box_w = 16, .box_h = 30, .ofs_x = -2, .ofs_y = -2},
    {.bitmap_index = 81478, .adv_w = 207, .box_w = 18, .box_h = 30, .ofs_x = -3, .ofs_y = -2},
    {.bitmap_index = 82018, .adv_w = 207, .box_w = 18, .box_h = 30, .ofs_x = -3, .ofs_y = -2},
    {.bitmap_index = 82558, .adv_w = 207, .box_w = 18, .box_h = 30, .ofs_x = -3, .ofs_y = -2},
    {.bitmap_index = 83098, .adv_w = 207, .box_w = 18, .box_h = 30, .ofs_x = -3, .ofs_y = -2},
    {.bitmap_index = 83638, .adv_w = 207, .box_w = 18, .box_h = 30, .ofs_x = -3, .ofs_y = -2},
    {.bitmap_index = 84178, .adv_w = 155, .box_w = 15, .box_h = 30, .ofs_x = -3, .ofs_y = -2},
    {.bitmap_index = 84628, .adv_w = 208, .box_w = 18, .box_h = 30, .ofs_x = -3, .ofs_y = -2},
    {.bitmap_index = 85168, .adv_w = 200, .box_w = 16, .box_h = 30, .ofs_x = -2, .ofs_y = -2},
    {.bitmap_index = 85648, .adv_w = 200, .box_w = 16, .box_h = 30, .ofs_x = -2, .ofs_y = -2},
    {.bitmap_index = 86128, .adv_w = 200, .box_w = 16, .box_h = 30, .ofs_x = -2, .ofs_y = -2},
    {.bitmap_index = 86608, .adv_w = 200, .box_w = 16, .box_h = 30, .ofs_x = -2, .ofs_y = -2},
    {.bitmap_index = 87088, .adv_w = 162, .box_w = 16, .box_h = 30, .ofs_x = -3, .ofs_y = -2},
    {.bitmap_index = 87568, .adv_w = 165, .box_w = 15, .box_h = 30, .ofs_x = -2, .ofs_y = -2},
    {.bitmap_index = 88018, .adv_w = 172, .box_w = 15, .box_h = 30, .ofs_x = -2, .ofs_y = -2},
    {.bitmap_index = 88468, .adv_w = 154, .box_w = 14, .box_h = 30, .ofs_x = -3, .ofs_y = -2},
    {.bitmap_index = 88888, .adv_w = 154, .box_w = 14, .box_h = 30, .ofs_x = -3, .ofs_y = -2},
    {.bitmap_index = 89308, .adv_w = 154, .box_w = 14, .box_h = 30, .ofs_x = -3, .ofs_y = -2},
    {.bitmap_index = 89728, .adv_w = 154, .box_w = 14, .box_h = 30, .ofs_x = -3, .ofs_y = -2},
    {.bitmap_index = 90148, .adv_w = 154, .box_w = 14, .box_h = 30, .ofs_x = -3, .ofs_y = -2},
    {.bitmap_index = 90568, .adv_w = 154, .box_w = 14, .box_h = 30, .ofs_x = -3, .ofs_y = -2},
    {.bitmap_index = 90988, .adv_w = 235, .box_w = 20, .box_h = 30, .ofs_x = -3, .ofs_y = -2},
    {.bitmap_index = 91588, .adv_w = 133, .box_w = 14, .box_h = 30, .ofs_x = -3, .ofs_y = -2},
    {.bitmap_index = 92008, .adv_w = 157, .box_w = 15, .box_h = 30, .ofs_x = -3, .ofs_y = -2},
    {.bitmap_index = 92458, .adv_w = 157, .box_w = 15, .box_h = 30, .ofs_x = -3, .ofs_y = -2},
    {.bitmap_index = 92908, .adv_w = 157, .box_w = 15, .box_h = 30, .ofs_x = -3, .ofs_y = -2},
    {.bitmap_index = 93358, .adv_w = 157, .box_w = 15, .box_h = 30, .ofs_x = -3, .ofs_y = -2},
    {.bitmap_index = 93808, .adv_w = 83, .box_w = 12, .box_h = 30, .ofs_x = -5, .ofs_y = -2},
    {.bitmap_index = 94168, .adv_w = 83, .box_w = 11, .box_h = 30, .ofs_x = -3, .ofs_y = -2},
    {.bitmap_index = 94498, .adv_w = 83, .box_w = 13, .box_h = 30, .ofs_x = -5, .ofs_y = -2},
    {.bitmap_index = 94888, .adv_w = 83, .box_w = 13, .box_h = 30, .ofs_x = -5, .ofs_y = -2},
    {.bitmap_index = 95278, .adv_w = 167, .box_w = 15, .box_h = 30, .ofs_x = -3, .ofs_y = -2},
    {.bitmap_index = 95728, .adv_w = 167, .box_w = 15, .box_h = 30, .ofs_x = -3, .ofs_y = -2},
    {.bitmap_index = 96178, .adv_w = 167, .box_w = 16, .box_h = 30, .ofs_x = -3, .ofs_y = -2},
    {.bitmap_index = 96658, .adv_w = 167, .box_w = 16, .box_h = 30, .ofs_x = -3, .ofs_y = -2},
    {.bitmap_index = 97138, .adv_w = 167, .box_w = 16, .box_h = 30, .ofs_x = -3, .ofs_y = -2},
    {.bitmap_index = 97618, .adv_w = 167, .box_w = 16, .box_h = 30, .ofs_x = -3, .ofs_y = -2},
    {.bitmap_index = 98098, .adv_w = 167, .box_w = 16, .box_h = 30, .ofs_x = -3, .ofs_y = -2},
    {.bitmap_index = 98578, .adv_w = 155, .box_w = 15, .box_h = 30, .ofs_x = -3, .ofs_y = -2},
    {.bitmap_index = 99028, .adv_w = 169, .box_w = 16, .box_h = 30, .ofs_x = -3, .ofs_y = -2},
    {.bitmap_index = 99508, .adv_w = 167, .box_w = 14, .box_h = 30, .ofs_x = -2, .ofs_y = -2},
    {.bitmap_index = 99928, .adv_w = 167, .box_w = 14, .box_h = 30, .ofs_x = -2, .ofs_y = -2},
    {.bitmap_index = 100348, .adv_w = 167, .box_w = 14, .box_h = 30, .ofs_x = -2, .ofs_y = -2},
    {.bitmap_index = 100768, .adv_w = 167, .box_w = 14, .box_h = 30, .ofs_x = -2, .ofs_y = -2},
    {.bitmap_index = 101188, .adv_w = 148, .box_w = 15, .box_h = 30, .ofs_x = -3, .ofs_y = -2},
    {.bitmap_index = 101638, .adv_w = 167, .box_w = 14, .box_h = 30, .ofs_x = -2, .ofs_y = -2},
    {.bitmap_index = 102058, .adv_w = 148, .box_w = 15, .box_h = 30, .ofs_x = -3, .ofs_y = -2},
    {.bitmap_index = 102508, .adv_w = 136, .box_w = 25, .box_h = 30, .ofs_x = -1, .ofs_y = -2},
    {.bitmap_index = 103258, .adv_w = 136, .box_w = 25, .box_h = 30, .ofs_x = -2, .ofs_y = -2},
};

/*---------------------
 *  CHARACTER MAPPING
 *--------------------*/



/*Collect the unicode lists and glyph_id offsets*/
static const lv_font_fmt_txt_cmap_t cmaps[] =
{
    {
        .range_start = 32, .range_length = 95, .glyph_id_start = 1,
        .unicode_list = NULL, .glyph_id_ofs_list = NULL, .list_length = 0, .type = LV_FONT_FMT_TXT_CMAP_FORMAT0_TINY
    },
    {
        .range_start = 160, .range_length = 96, .glyph_id_start = 96,
        .unicode_list = NULL, .glyph_id_ofs_list = NULL, .list_length = 0, .type = LV_FONT_FMT_TXT_CMAP_FORMAT0_TINY
    },
    {
        .range_start = 57344, .range_length = 193, .glyph_id_start = 192,
        .unicode_list = NULL, .glyph_id_ofs_list = NULL, .list_length = 0, .type = LV_FONT_FMT_TXT_CMAP_FORMAT0_TINY
    }
};



/*--------------------
 *  ALL CUSTOM DATA
 *--------------------*/

#if LVGL_VERSION_MAJOR == 8
/*Store all the custom data of the font*/
static  lv_font_fmt_txt_glyph_cache_t cache;
#endif

#if LVGL_VERSION_MAJOR >= 8
static const lv_font_fmt_txt_dsc_t font_dsc = {
#else
static lv_font_fmt_txt_dsc_t font_dsc = {
#endif
    .glyph_bitmap = glyph_bitmap,
    .glyph_dsc = glyph_dsc,
    .cmaps = cmaps,
    .kern_dsc = NULL,
    .kern_scale = 0,
    .cmap_num = 3,
    .bpp = 8,
    .kern_classes = 0,
    .bitmap_format = 0,
#if LVGL_VERSION_MAJOR == 8
    .cache = &cache
#endif
};



/*-----------------
 *  PUBLIC FONT
 *----------------*/

/*Initialize a public general font descriptor*/
#if LVGL_VERSION_MAJOR >= 8
const lv_font_t calibri_bold_en_18 = {
#else
lv_font_t calibri_bold_en_18 = {
#endif
    .get_glyph_dsc = lv_font_get_glyph_dsc_fmt_txt,    /*Function pointer to get glyph's data*/
    .get_glyph_bitmap = lv_font_get_bitmap_fmt_txt,    /*Function pointer to get glyph's bitmap*/
    .line_height = 19,          /*The maximum line height required by the font*/
    .base_line = 3,             /*Baseline measured from the bottom of the line*/
#if !(LVGL_VERSION_MAJOR == 6 && LVGL_VERSION_MINOR == 0)
    .subpx = LV_FONT_SUBPX_NONE,
#endif
#if LV_VERSION_CHECK(7, 4, 0) || LVGL_VERSION_MAJOR >= 8
    .underline_position = -2,
    .underline_thickness = 1,
#endif
    .dsc = &font_dsc,          /*The custom font data. Will be accessed by `get_glyph_bitmap/dsc` */
#if LV_VERSION_CHECK(8, 2, 0) || LVGL_VERSION_MAJOR >= 9
    .fallback = NULL,
#endif
    .user_data = NULL,
};



#endif /*#if CALIBRI_BOLD_EN_18*/
